track_id,track_name,slice_idx,start_sec,label,label_name,mfcc_1_mean,mfcc_1_std,mfcc_2_mean,mfcc_2_std,mfcc_3_mean,mfcc_3_std,mfcc_4_mean,mfcc_4_std,mfcc_5_mean,mfcc_5_std,mfcc_6_mean,mfcc_6_std,mfcc_7_mean,mfcc_7_std,mfcc_8_mean,mfcc_8_std,mfcc_9_mean,mfcc_9_std,mfcc_10_mean,mfcc_10_std,mfcc_11_mean,mfcc_11_std,mfcc_12_mean,mfcc_12_std,mfcc_13_mean,mfcc_13_std,mfcc_14_mean,mfcc_14_std,mfcc_15_mean,mfcc_15_std,mfcc_16_mean,mfcc_16_std,mfcc_17_mean,mfcc_17_std,mfcc_18_mean,mfcc_18_std,mfcc_19_mean,mfcc_19_std,mfcc_20_mean,mfcc_20_std,delta_mfcc_1_mean,delta_mfcc_1_std,delta_mfcc_2_mean,delta_mfcc_2_std,delta_mfcc_3_mean,delta_mfcc_3_std,delta_mfcc_4_mean,delta_mfcc_4_std,delta_mfcc_5_mean,delta_mfcc_5_std,delta_mfcc_6_mean,delta_mfcc_6_std,delta_mfcc_7_mean,delta_mfcc_7_std,delta_mfcc_8_mean,delta_mfcc_8_std,delta_mfcc_9_mean,delta_mfcc_9_std,delta_mfcc_10_mean,delta_mfcc_10_std,delta_mfcc_11_mean,delta_mfcc_11_std,delta_mfcc_12_mean,delta_mfcc_12_std,delta_mfcc_13_mean,delta_mfcc_13_std,delta_mfcc_14_mean,delta_mfcc_14_std,delta_mfcc_15_mean,delta_mfcc_15_std,delta_mfcc_16_mean,delta_mfcc_16_std,delta_mfcc_17_mean,delta_mfcc_17_std,delta_mfcc_18_mean,delta_mfcc_18_std,delta_mfcc_19_mean,delta_mfcc_19_std,delta_mfcc_20_mean,delta_mfcc_20_std,spec_centroid_mean,spec_centroid_std,spec_bandwidth_mean,spec_bandwidth_std,spec_rolloff85_mean,spec_rolloff85_std,spec_rolloff95_mean,spec_rolloff95_std,spec_flatness_mean,spec_flatness_std,spec_contrast_b0_mean,spec_contrast_b0_std,spec_contrast_b1_mean,spec_contrast_b1_std,spec_contrast_b2_mean,spec_contrast_b2_std,spec_contrast_b3_mean,spec_contrast_b3_std,spec_contrast_b4_mean,spec_contrast_b4_std,spec_contrast_b5_mean,spec_contrast_b5_std,spec_contrast_b6_mean,spec_contrast_b6_std,zcr_mean,zcr_std,rms_mean,rms_std,hf_ratio_mean,hf_ratio_std
spoof_1,Bass House_High Lead Growl (1),0,0.0,1,Spoof (AI),-222.5232696533203,180.05511474609375,63.78441619873047,25.37784194946289,-29.35816764831543,21.85157012939453,-5.38750696182251,22.2687931060791,-10.49589729309082,12.154755592346191,-6.215900421142578,10.114355087280273,1.8426636457443237,8.722232818603516,1.1714119911193848,9.398093223571777,3.7521798610687256,13.403400421142578,12.330127716064453,13.970842361450195,9.831104278564453,9.20235824584961,13.713334083557129,8.87021541595459,2.168431043624878,8.106161117553711,1.6732399463653564,6.0066938400268555,-2.616765260696411,7.8458967208862305,0.19014590978622437,6.4916558265686035,1.502017855644226,6.665200233459473,1.8633798360824585,5.368334770202637,-5.209640979766846,5.780117511749268,-3.0373709201812744,10.17071533203125,1.9285516738891602,7.191235065460205,0.24816781282424927,2.686758518218994,0.02405920810997486,2.5322484970092773,0.06480838358402252,2.07991099357605,-0.08355354517698288,1.4149631261825562,-0.05510832741856575,1.3226544857025146,0.042086582630872726,1.1130374670028687,0.06214545667171478,1.0859142541885376,0.013166922144591808,0.9880466461181641,0.013680515810847282,0.9833486676216125,0.032506417483091354,1.034048318862915,0.1350545436143875,1.1896920204162598,0.06874161958694458,1.2070553302764893,0.04281957820057869,0.8278423547744751,-0.05218644067645073,1.0425128936767578,-0.027042917907238007,1.10353422164917,0.04663892090320587,0.9901910424232483,-0.009461592882871628,0.7557483911514282,-0.05792180076241493,0.9347442388534546,-0.018371550366282463,1.0557581186294556,2709.624755859375,816.6265869140625,2455.33642578125,677.3648071289062,5440.07470703125,2119.92724609375,7891.37060546875,2159.27490234375,0.03514230251312256,0.04073517397046089,16.35720443725586,6.173863410949707,10.651286125183105,4.0817365646362305,13.810016632080078,3.7562031745910645,22.287734985351562,4.6991963386535645,20.302453994750977,3.8189423084259033,18.217252731323242,3.260486602783203,41.03335189819336,5.224795341491699,0.12389006465673447,0.036950450390577316,0.05378229543566704,0.03163084015250206,0.012156534008681774,0.018245425075292587
spoof_1,Bass House_High Lead Growl (1),2,5.0,1,Spoof (AI),-85.95234680175781,20.211997985839844,51.93015670776367,16.685508728027344,-26.69459342956543,7.798091411590576,12.187920570373535,9.029446601867676,-3.3655824661254883,5.109302043914795,5.63059663772583,4.7545647621154785,6.180202960968018,4.728052139282227,12.41433048248291,6.460434436798096,11.017086029052734,9.04586124420166,16.390451431274414,7.2811455726623535,6.089917182922363,6.25667667388916,-1.0266667604446411,10.303610801696777,-9.412090301513672,8.178579330444336,0.5729948878288269,5.631666660308838,5.097702980041504,6.623875617980957,9.080269813537598,5.917600154876709,4.018585681915283,6.14570426940918,2.813347101211548,4.961690425872803,-5.653307914733887,6.950020790100098,-2.6115872859954834,8.7800874710083,0.18534651398658752,3.52268385887146,-0.08668709546327591,1.3192049264907837,0.12835493683815002,1.1274250745773315,0.015703510493040085,1.4074183702468872,0.062093015760183334,0.7409685254096985,0.06915827095508575,0.7310958504676819,0.07922569662332535,0.8067501187324524,0.06353989243507385,1.0448706150054932,0.03271222859621048,1.3472684621810913,0.033993445336818695,1.2389026880264282,-0.04041570797562599,1.1029489040374756,-0.11485721170902252,1.30182683467865,-0.08741003274917603,1.2152811288833618,-0.04792977124452591,0.9733685851097107,-0.012594368308782578,0.8889421224594116,-0.06531927734613419,1.0214530229568481,-0.0886964276432991,1.0093404054641724,-0.04061486944556236,0.8163307309150696,-0.05001218244433403,1.1268894672393799,-0.05964788794517517,1.0770330429077148,3154.76513671875,434.2865905761719,2655.42919921875,235.8143768310547,6264.0185546875,1009.2691650390625,8753.296875,707.3099975585938,0.055108338594436646,0.029779061675071716,19.666133880615234,5.246856212615967,13.368598937988281,3.989478826522827,15.054678916931152,3.5557332038879395,20.629056930541992,4.0466156005859375,21.03338623046875,3.3036820888519287,17.734113693237305,1.9871430397033691,41.949851989746094,3.673220157623291,0.1667616069316864,0.03204382583498955,0.08325900137424469,0.009086573496460915,0.014056850224733353,0.011088130064308643
spoof_1,Bass House_High Lead Growl (1),5,12.5,1,Spoof (AI),-63.65018081665039,20.80786895751953,39.5845947265625,12.819076538085938,-15.105666160583496,8.78654670715332,7.497358322143555,7.34572172164917,1.421709656715393,7.629797458648682,6.694314479827881,7.606441974639893,5.159241676330566,7.911030292510986,7.429245471954346,7.83861780166626,5.02540397644043,7.351884365081787,9.966291427612305,7.134053707122803,9.825945854187012,5.8090386390686035,13.118060111999512,6.14022159576416,1.7899434566497803,6.652312278747559,1.0752394199371338,5.527842998504639,-3.2125661373138428,6.5218048095703125,0.6768691539764404,6.238574981689453,-0.3276662528514862,6.213502883911133,-1.8170785903930664,6.9392313957214355,-5.838428974151611,7.448305606842041,-0.9071064591407776,6.178551197052002,0.22612816095352173,3.303814172744751,-0.10627227276563644,2.1532013416290283,-0.017260126769542694,1.2104138135910034,-0.05749894678592682,1.1886080503463745,0.036776941269636154,0.9420956969261169,0.07903396338224411,0.9183129668235779,0.05498681217432022,0.9219292402267456,-0.02464919164776802,1.0910773277282715,0.011677785776555538,0.9960888624191284,0.03594214469194412,0.8523451089859009,-0.005570169072598219,0.9090897440910339,0.016521036624908447,1.1568812131881714,-0.019224723801016808,1.291141390800476,-0.01970694214105606,0.9514017105102539,-0.011979370377957821,0.8942307829856873,0.011670132167637348,0.9168838858604431,-0.04286142811179161,0.9597252011299133,-0.037453729659318924,1.0341885089874268,0.004906729329377413,1.0127471685409546,-0.04784755781292915,0.9155516028404236,3626.32373046875,301.8233947753906,2967.08203125,136.0306396484375,7439.970703125,544.1952514648438,9479.095703125,244.47195434570312,0.09159845113754272,0.030000196769833565,18.63288688659668,5.092994213104248,12.127766609191895,3.8159613609313965,14.631574630737305,3.487327814102173,20.545406341552734,4.70073127746582,18.27573013305664,3.2917871475219727,17.042524337768555,2.3528995513916016,38.86071014404297,2.8651959896087646,0.1869778037071228,0.03831193223595619,0.09294070303440094,0.02009604126214981,0.03123381920158863,0.012391629628837109
spoof_1,Bass House_High Lead Growl (1),7,17.5,1,Spoof (AI),-54.89850616455078,15.612309455871582,40.17906188964844,9.993165969848633,-15.744084358215332,6.509373664855957,9.423290252685547,6.8955535888671875,2.2494380474090576,4.827324390411377,8.642268180847168,4.573204040527344,8.84919261932373,4.746453285217285,11.35395336151123,6.2954511642456055,7.718654155731201,7.831780910491943,10.583235740661621,7.0001020431518555,6.39527702331543,5.350599765777588,6.416899681091309,7.541295528411865,-4.33179235458374,6.669317722320557,1.40268874168396,5.446617126464844,3.951530933380127,6.15471887588501,7.785068988800049,5.247156143188477,5.249699115753174,5.188436508178711,2.438890218734741,5.207791805267334,-2.5186712741851807,5.024648666381836,1.584891438484192,5.849970817565918,-0.044049087911844254,3.193754196166992,0.00788957066833973,1.6435084342956543,0.06888865679502487,1.408061146736145,0.07118676602840424,1.3011466264724731,0.019844522699713707,0.7516134977340698,-0.003342787502333522,0.7525467276573181,0.03425878286361694,0.7095127105712891,0.07548824697732925,0.9362894296646118,0.05645882710814476,0.9282171130180359,0.04250127449631691,1.1086585521697998,-0.0802837386727333,0.9653862118721008,-0.16702419519424438,0.9309760928153992,-0.08066930621862411,0.9423720240592957,0.03926045820116997,0.9434477686882019,0.1022147461771965,0.9772186279296875,0.113985076546669,0.8637548089027405,0.08699368685483932,0.8748727440834045,0.0644928589463234,0.8679051399230957,-0.007234289310872555,0.9517686367034912,-0.018996799364686012,0.9676369428634644,3592.3056640625,283.351318359375,2946.55517578125,119.34281158447266,7358.97216796875,542.6334838867188,9426.7080078125,266.142822265625,0.08817944675683975,0.028380095958709717,21.830415725708008,4.998632431030273,13.899407386779785,3.691896438598633,14.591064453125,3.4441094398498535,20.205059051513672,4.323225975036621,19.693126678466797,3.3836092948913574,17.013187408447266,2.199660062789917,39.114646911621094,3.1383652687072754,0.19267894327640533,0.023455802351236343,0.09880081564188004,0.007497779559344053,0.029247615486383438,0.011734901927411556
spoof_1,Bass House_High Lead Growl (1),10,25.0,1,Spoof (AI),-55.907615661621094,17.638792037963867,39.97005081176758,10.226290702819824,-17.867919921875,8.722333908081055,14.44393253326416,6.7160844802856445,7.4587788581848145,6.179443359375,11.525190353393555,6.344679355621338,10.190590858459473,5.080627918243408,9.893102645874023,5.521862506866455,4.822590351104736,6.070064067840576,9.84365177154541,5.8729329109191895,9.797746658325195,7.055356502532959,14.865580558776855,5.734239101409912,2.620187759399414,4.9709014892578125,5.776223659515381,7.232276916503906,4.505222797393799,8.755258560180664,5.591982841491699,5.641819000244141,1.4216277599334717,4.702207565307617,-1.4125784635543823,4.892993450164795,-3.089773654937744,4.767857551574707,1.2112047672271729,7.626319408416748,-0.12527230381965637,3.411364793777466,0.08874958753585815,1.9833179712295532,-0.13522857427597046,1.3259459733963013,0.022041095420718193,1.1761736869812012,-0.013766385614871979,1.1044872999191284,0.06697389483451843,0.912858784198761,0.014484059065580368,0.7744511365890503,-0.017429903149604797,1.0147355794906616,-0.08849111944437027,1.125349521636963,-0.08224273473024368,0.7980149388313293,-0.09618758410215378,0.9217563271522522,-0.050856590270996094,0.9241125583648682,0.0020168975461274385,0.8841629028320312,0.04474295675754547,1.0738755464553833,0.09817419946193695,1.171960473060608,0.057895854115486145,0.9906298518180847,-0.024057675153017044,0.7946147322654724,-0.03230166807770729,0.8961400985717773,0.0022684026043862104,0.8509635925292969,0.013994622975587845,0.7647406458854675,3504.218017578125,280.23828125,2912.739013671875,173.9835662841797,7199.466796875,620.5630493164062,9359.466796875,342.8462829589844,0.08659657835960388,0.029044443741440773,20.20563316345215,4.442739009857178,12.331504821777344,3.6143829822540283,13.855430603027344,3.856005907058716,20.812278747558594,3.6820390224456787,18.01409912109375,2.7573843002319336,16.0892391204834,1.9758658409118652,39.11802673339844,3.0085999965667725,0.181396484375,0.03088737092912197,0.1015174388885498,0.018238836899399757,0.026008402928709984,0.012124554254114628
spoof_1,Bass House_High Lead Growl (1),12,30.0,1,Spoof (AI),-71.93817138671875,17.19989776611328,52.835792541503906,8.594588279724121,-40.68922805786133,6.724719524383545,6.309276103973389,9.893865585327148,-5.908617973327637,6.50314474105835,3.0969934463500977,5.725654602050781,-1.3158379793167114,5.707573413848877,-0.4936777651309967,5.216655254364014,-7.925866603851318,5.460296154022217,-2.9202041625976562,5.557865619659424,-3.271310329437256,5.380598068237305,6.173761367797852,5.084445953369141,-3.1053662300109863,3.8807199001312256,0.8058553338050842,5.5527215003967285,-2.2096035480499268,6.135649681091309,-1.251053810119629,4.596096515655518,-5.760448455810547,4.93880033493042,-5.2288289070129395,4.95176887512207,-7.823266983032227,4.272427558898926,-7.069182395935059,5.353586673736572,0.012450885958969593,3.0486860275268555,0.03941226750612259,2.0204224586486816,-0.009240720421075821,1.081570029258728,-0.056430570781230927,1.2748782634735107,-0.025509152561426163,1.0588184595108032,0.02515261620283127,0.9195820689201355,0.02185710333287716,0.9053324460983276,-0.01669389009475708,0.937820553779602,-0.03334654122591019,1.119407057762146,-0.09519270062446594,1.0008405447006226,-0.08010590821504593,0.9794773459434509,-0.008364176377654076,0.869823157787323,0.0031645221170037985,0.6698157787322998,-0.041342929005622864,1.0948435068130493,-0.05077999085187912,1.283713459968567,0.0028467541560530663,0.9015166759490967,-0.033503562211990356,0.8743453025817871,-0.016902728006243706,0.919430136680603,-0.004903447814285755,0.7416877150535583,-0.014062266796827316,1.052693486213684,3046.480712890625,143.05258178710938,2539.910888671875,82.61173248291016,5908.7705078125,391.1850280761719,8631.1259765625,269.1158447265625,0.06131444871425629,0.01571873016655445,15.447202682495117,4.527254581451416,14.779565811157227,4.293943881988525,15.211315155029297,3.5805447101593018,19.958724975585938,4.329402446746826,17.871055603027344,3.1436619758605957,16.17193603515625,2.122621774673462,41.38481903076172,3.321047306060791,0.16754601895809174,0.016511932015419006,0.08493450284004211,0.009898573160171509,0.009291023947298527,0.00305186933837831
spoof_1,Bass House_High Lead Growl (1),15,37.5,1,Spoof (AI),-51.197879791259766,17.631671905517578,41.513118743896484,12.756845474243164,-33.63666534423828,10.199767112731934,4.646615028381348,7.598005771636963,-4.23016881942749,7.115048408508301,-1.3951653242111206,7.866202354431152,-3.3863108158111572,5.74255895614624,-6.118608474731445,6.642156600952148,-13.368617057800293,6.744796276092529,-12.734920501708984,8.313773155212402,-14.537071228027344,7.710055351257324,-4.190557956695557,6.686246871948242,-10.884498596191406,5.439762592315674,-5.228210926055908,5.24139404296875,-6.296361923217773,5.067989826202393,-1.6896352767944336,4.4060869216918945,-7.857028961181641,4.57830810546875,-5.565161228179932,5.292490005493164,-6.385425567626953,5.126514911651611,-6.668484210968018,4.9966630935668945,0.2092115730047226,2.910609483718872,-0.05762948468327522,1.643612265586853,0.012109193950891495,1.3424848318099976,0.03326082602143288,1.1160122156143188,0.10070692747831345,0.9616895318031311,0.10130124539136887,0.9752472639083862,0.07623273879289627,0.8308886289596558,0.08705879002809525,0.6906358003616333,0.05818323418498039,0.8124366402626038,-0.007195561192929745,0.8652802109718323,-0.008799129165709019,0.9138932228088379,0.00975435134023428,0.831746518611908,0.06349144876003265,0.9172666072845459,0.007054529618471861,0.8906115889549255,-0.030785100534558296,0.9156957268714905,-0.016669858247041702,0.7375296950340271,0.06524712592363358,0.8440461158752441,0.06513388454914093,0.8265472650527954,-0.0031051491387188435,0.7670899033546448,-0.036231353878974915,0.7419208884239197,3401.05908203125,232.95828247070312,2742.616943359375,80.10379028320312,6800.75390625,424.6878662109375,9187.8984375,230.28762817382812,0.10059333592653275,0.03356937691569328,11.208216667175293,4.306039333343506,12.208264350891113,4.6285576820373535,13.727367401123047,4.750845432281494,16.749914169311523,4.160953521728516,16.54637336730957,2.664854049682617,16.46234130859375,2.4585540294647217,40.432029724121094,2.638963222503662,0.20055925846099854,0.04480753466486931,0.09464281052350998,0.013892323710024357,0.023995378986001015,0.010120261460542679
spoof_1,Bass House_High Lead Growl (1),18,45.0,1,Spoof (AI),-66.87076568603516,35.70369338989258,57.841331481933594,26.06532859802246,-3.7584850788116455,14.935196876525879,26.165128707885742,12.302477836608887,13.51699447631836,6.878380298614502,19.487123489379883,7.852384567260742,17.138216018676758,10.163734436035156,15.36161994934082,9.868400573730469,10.813182830810547,10.766389846801758,13.117056846618652,8.416979789733887,5.781378269195557,7.491693019866943,8.504374504089355,8.393888473510742,2.2982492446899414,6.382591724395752,6.630687713623047,5.747225284576416,5.902728080749512,5.891783714294434,8.120597839355469,6.244304180145264,4.888375759124756,6.260560989379883,4.519737720489502,5.348251819610596,-1.3308379650115967,5.686426162719727,-0.13287709653377533,6.752554416656494,-0.2625998854637146,7.038318157196045,0.2832157015800476,6.201717376708984,0.1330813318490982,2.749734878540039,0.16780611872673035,2.584723711013794,-0.025896528735756874,1.201779842376709,-0.04505925625562668,1.5543855428695679,-0.03087531216442585,2.09879732131958,-0.012153192423284054,1.9556914567947388,0.033715978264808655,1.9534813165664673,0.06196247786283493,1.4594275951385498,-0.012654631398618221,1.2662770748138428,-0.028318002820014954,1.403917908668518,-0.02728005312383175,1.1775652170181274,-0.034201640635728836,1.0902373790740967,-0.008658506907522678,1.04873526096344,-0.06823018938302994,1.2367242574691772,-0.04902512580156326,1.3055001497268677,-0.013974801637232304,1.0339196920394897,-0.054562974721193314,0.9103003740310669,-0.04635874554514885,1.1131505966186523,2774.95361328125,557.6109619140625,2875.03857421875,258.9981994628906,6275.33349609375,1100.1846923828125,8869.5859375,724.4297485351562,0.028820017352700233,0.025061985477805138,21.609691619873047,4.883407115936279,10.993335723876953,4.1585187911987305,13.059674263000488,4.399489402770996,16.050636291503906,4.009091854095459,16.20037269592285,3.7961816787719727,15.349174499511719,2.4770686626434326,39.729183197021484,4.00758171081543,0.07791250944137573,0.0380142442882061,0.17473967373371124,0.035292789340019226,0.007708224933594465,0.007647011429071426
spoof_1,Bass House_High Lead Growl (1),20,50.0,1,Spoof (AI),-64.74923706054688,32.053348541259766,50.514652252197266,24.964696884155273,-4.613638401031494,14.004237174987793,26.39632225036621,12.1305570602417,15.45439338684082,6.357207775115967,18.341941833496094,8.262250900268555,17.242673873901367,10.510011672973633,14.274676322937012,10.255546569824219,11.37936019897461,9.941160202026367,14.459904670715332,8.931144714355469,8.815747261047363,7.655483245849609,11.612785339355469,8.982402801513672,3.0784502029418945,7.799691200256348,4.630742073059082,6.2506632804870605,2.3713836669921875,8.41243839263916,5.302966117858887,5.985418796539307,3.211890935897827,5.254148483276367,3.5912561416625977,5.726588726043701,-1.5934598445892334,6.555695533752441,0.9627400040626526,7.417533874511719,0.058809563517570496,6.140125751495361,-0.4559045433998108,5.678818702697754,-0.045196980237960815,2.4994122982025146,-0.17548149824142456,2.5904476642608643,0.03279518336057663,1.2152281999588013,-0.0007041273056529462,1.5907379388809204,0.016482528299093246,2.159456491470337,-0.014363215304911137,1.9331332445144653,0.03797547146677971,1.8528114557266235,0.06856303662061691,1.608635425567627,0.14826446771621704,1.3022433519363403,0.10938771814107895,1.1937544345855713,0.09125286340713501,1.1957100629806519,-0.03283507004380226,1.0942051410675049,-0.06212930381298065,1.2044581174850464,-0.007635605521500111,1.005536675453186,0.0363825261592865,1.0694842338562012,0.009104291908442974,1.1205462217330933,0.06519783288240433,1.2261344194412231,0.06802070885896683,1.300944209098816,2960.578125,530.8314819335938,2941.6123046875,241.57655334472656,6615.97705078125,1040.71630859375,9091.048828125,665.5263061523438,0.03196988254785538,0.02265847660601139,21.98072624206543,4.702482223510742,11.760175704956055,4.841989994049072,13.94461727142334,4.81655216217041,17.289459228515625,4.756454944610596,16.636669158935547,3.5845882892608643,15.987236022949219,2.2527923583984375,39.171630859375,3.1217551231384277,0.0869547501206398,0.037332624197006226,0.17014740407466888,0.03442417457699776,0.009820861741900444,0.007955286651849747
spoof_1,Bass House_High Lead Growl (1),23,57.5,1,Spoof (AI),-47.78483581542969,25.425764083862305,36.010643005371094,19.884113311767578,-18.49875259399414,12.627405166625977,11.287647247314453,8.63879680633545,3.44171404838562,5.443122386932373,12.041845321655273,6.24764347076416,9.082624435424805,8.572176933288574,5.69486141204834,8.698312759399414,1.2330769300460815,8.426682472229004,2.6349751949310303,7.117258548736572,-2.711482524871826,7.502305030822754,2.5705270767211914,8.148737907409668,-5.685830116271973,6.351680278778076,-1.8326506614685059,5.082333087921143,-0.6522865295410156,5.259687423706055,2.0129597187042236,5.7571001052856445,-1.079555630683899,4.884527206420898,-0.5325852036476135,4.225322723388672,-6.281179904937744,4.938874244689941,-1.7152796983718872,5.689869403839111,-0.16764844954013824,5.1126627922058105,0.09554186463356018,4.412069320678711,-0.07752428948879242,2.5152690410614014,0.001403941074386239,1.8675849437713623,0.014133090153336525,0.8746280670166016,0.03804846107959747,1.1055961847305298,0.004123109392821789,1.7359600067138672,-0.014238357543945312,1.727365255355835,-0.11549782007932663,1.6468685865402222,-0.14155574142932892,1.2385462522506714,-0.12203098833560944,1.1345024108886719,-0.03530822694301605,1.0564630031585693,-0.02363758347928524,1.0153247117996216,-0.0027993035037070513,0.9580784440040588,-0.03828372806310654,0.9076087474822998,-0.06286220997571945,1.1309949159622192,0.02109450101852417,1.077519178390503,-0.0012960456078872085,0.9067891836166382,-0.06537598371505737,0.8194626569747925,-0.06693753600120544,0.9538812637329102,3631.400634765625,419.9024658203125,2905.751953125,128.38314819335938,7322.83447265625,627.9639892578125,9389.72265625,289.13043212890625,0.10913258790969849,0.04488803818821907,19.02442741394043,5.302872657775879,12.627655982971191,4.8074049949646,14.624712944030762,5.375397205352783,18.943161010742188,4.769729137420654,17.977867126464844,3.185230016708374,16.14950180053711,2.3526651859283447,38.95533752441406,2.640861988067627,0.20527254045009613,0.038970667868852615,0.10461173951625824,0.017548494040966034,0.03529805690050125,0.020019687712192535
spoof_1,Bass House_High Lead Growl (1),25,62.5,1,Spoof (AI),-52.487186431884766,22.73412322998047,41.28910827636719,17.891826629638672,-35.50745391845703,12.835702896118164,9.836194038391113,8.578885078430176,-6.929966449737549,7.3253045082092285,-0.07034216821193695,9.277734756469727,-4.351158142089844,10.654740333557129,-6.964051246643066,10.043356895446777,-10.461763381958008,11.29083251953125,-7.186746597290039,7.188320636749268,-13.39893627166748,6.187556266784668,-5.441252708435059,7.484100818634033,-14.718860626220703,6.131082534790039,-8.070192337036133,5.587347030639648,-5.037240982055664,6.598310470581055,-4.125486373901367,6.876702785491943,-4.991822242736816,4.709070682525635,-3.1891250610351562,5.773711204528809,-9.10038948059082,4.263674736022949,-5.425789833068848,5.614957809448242,-0.06193070858716965,3.5937650203704834,-0.10070555657148361,3.2498931884765625,-0.1312026083469391,1.7505042552947998,-0.06291814893484116,1.389244794845581,-0.1056109294295311,1.1271021366119385,-0.08193987607955933,1.0896018743515015,-0.02150733396410942,1.3136353492736816,0.008883653208613396,1.3449363708496094,0.019721804186701775,1.3218175172805786,0.038965050131082535,1.0742605924606323,0.023538507521152496,1.0053592920303345,-0.034500714391469955,0.8813018798828125,-0.10165886580944061,1.0881688594818115,-0.06502199918031693,0.9357888102531433,-0.008786066435277462,0.9630677700042725,0.026192955672740936,0.9762933850288391,-0.047383587807416916,0.7029865384101868,-0.017716487869620323,0.7908554673194885,0.0019237288506701589,0.7336490154266357,0.013051368296146393,0.8402212858200073,3272.755615234375,406.5934143066406,2623.40478515625,159.8900146484375,6317.15380859375,762.7489624023438,8854.5830078125,434.84716796875,0.0766904354095459,0.035822607576847076,12.360207557678223,4.795650482177734,11.188531875610352,3.95509934425354,12.408246040344238,4.559535503387451,18.782106399536133,4.293632984161377,19.213363647460938,2.691896915435791,17.126760482788086,2.078979253768921,41.43234634399414,3.20046329498291,0.1992730051279068,0.030585307627916336,0.10606520622968674,0.01631629467010498,0.017226697877049446,0.0147929098457098
spoof_1,Bass House_High Lead Growl (1),28,70.0,1,Spoof (AI),-68.6203384399414,40.104698181152344,55.394840240478516,26.970304489135742,-9.239581108093262,16.447866439819336,28.881845474243164,11.174812316894531,17.67033576965332,9.932910919189453,25.285383224487305,11.170539855957031,19.96676254272461,11.996028900146484,14.872753143310547,10.145516395568848,4.202425479888916,7.962533950805664,4.883614540100098,6.850716590881348,-1.9104292392730713,7.000618934631348,8.871929168701172,6.299001216888428,1.907728672027588,6.112443923950195,5.837530136108398,5.714967727661133,8.11074447631836,6.69094181060791,10.63179874420166,6.91722297668457,5.2897868156433105,7.629513740539551,3.0865771770477295,7.123795986175537,-1.4603238105773926,6.014594554901123,2.6386594772338867,6.572269916534424,0.07393942773342133,8.48912525177002,-0.30710017681121826,6.233814716339111,0.08055049180984497,3.413597345352173,-0.08724115788936615,2.278338670730591,0.15092916786670685,1.645932674407959,0.09898706525564194,1.9273431301116943,0.1209624856710434,2.208767890930176,0.07877965271472931,1.827935814857483,0.08850277960300446,1.38762366771698,0.03534278646111488,1.1336641311645508,0.09684440493583679,1.2745143175125122,0.02219529077410698,1.1073654890060425,0.04721073806285858,1.1988402605056763,0.05348720774054527,1.0482540130615234,0.07389459758996964,1.230668067932129,0.03838196396827698,1.267077922821045,0.0701952651143074,1.4509835243225098,0.046639345586299896,1.4304214715957642,0.03713032975792885,1.2867748737335205,-0.006262038368731737,1.2772451639175415,2770.193115234375,481.04449462890625,2812.78857421875,246.7755584716797,6157.69873046875,928.9716796875,8783.8525390625,704.5906372070312,0.02696729637682438,0.016625896096229553,20.756954193115234,4.670313835144043,10.28476333618164,3.9580142498016357,14.154799461364746,4.1954426765441895,17.10529136657715,4.767254829406738,16.69121551513672,4.314838409423828,15.490304946899414,2.2799861431121826,40.332942962646484,3.662321090698242,0.0806681290268898,0.03318798914551735,0.1641792356967926,0.02926452085375786,0.006236622575670481,0.0044291336089372635
spoof_1,Bass House_High Lead Growl (1),31,77.5,1,Spoof (AI),-69.23424530029297,40.67040252685547,50.020111083984375,23.33919906616211,-9.077292442321777,16.080862045288086,28.854154586791992,11.35955810546875,19.63051414489746,7.238491058349609,26.290430068969727,8.867682456970215,21.687423706054688,11.080347061157227,13.796082496643066,10.456998825073242,2.8221356868743896,8.17276668548584,0.6674842238426208,6.999937057495117,-4.633833408355713,6.192568778991699,5.546972751617432,6.4658613204956055,1.3568369150161743,6.486745834350586,7.030284881591797,5.538493633270264,8.234782218933105,6.667845249176025,9.359749794006348,8.396374702453613,3.228018045425415,7.253537178039551,2.503427267074585,7.35435152053833,0.07841244339942932,7.526708126068115,5.981115341186523,6.582849979400635,0.3944534957408905,9.15691089630127,0.1967509239912033,5.221839427947998,0.0006940431194379926,3.388850450515747,0.044848475605249405,2.510556697845459,-0.03884761407971382,1.4525089263916016,-0.09137234836816788,1.7009648084640503,-0.1100740060210228,2.224703311920166,-0.05057181417942047,2.0787341594696045,0.00998762808740139,1.7220293283462524,-0.00491182878613472,1.3639065027236938,-0.01227482408285141,1.1783363819122314,-0.06522075831890106,1.1828625202178955,-0.07108422368764877,1.3362512588500977,-0.04533699154853821,1.032342553138733,0.04018283262848854,1.2449878454208374,0.019882718101143837,1.6514543294906616,-0.023310286924242973,1.4722819328308105,-0.020749971270561218,1.5300493240356445,-0.029560420662164688,1.453092098236084,-0.038838472217321396,1.3223599195480347,2895.083984375,380.78509521484375,2864.6923828125,199.8252410888672,6382.3515625,727.2570190429688,8988.4677734375,493.1580810546875,0.02765493281185627,0.016245121136307716,22.76395034790039,4.638669967651367,11.650293350219727,4.117295265197754,15.019468307495117,4.327473163604736,17.815549850463867,4.69493293762207,18.3945255279541,4.744129657745361,16.138093948364258,2.4388887882232666,39.9111213684082,3.6228811740875244,0.08572953194379807,0.029156815260648727,0.1608402281999588,0.024297084659337997,0.006713923532515764,0.003757641650736332
spoof_1,Bass House_High Lead Growl (1),33,82.5,1,Spoof (AI),-56.64515686035156,29.956157684326172,46.40654373168945,22.977500915527344,-11.940592765808105,17.047739028930664,21.548194885253906,9.787047386169434,12.877480506896973,7.27598237991333,20.40619659423828,7.927070140838623,16.75435447692871,10.034661293029785,12.181267738342285,10.432662010192871,7.025485515594482,9.891138076782227,8.2611665725708,8.97871208190918,2.1127398014068604,8.655557632446289,9.712140083312988,8.379847526550293,0.2562802731990814,6.476244926452637,3.821326971054077,5.940609931945801,5.089731693267822,7.272294521331787,6.421176433563232,7.394316673278809,2.219802141189575,6.707769870758057,2.1424176692962646,7.45142126083374,-1.9284266233444214,5.87366247177124,1.7625941038131714,5.535031318664551,-0.013761520385742188,6.578898906707764,-0.22943872213363647,5.359785556793213,-0.0892660915851593,3.453139543533325,-0.04710939899086952,2.1127243041992188,-0.018764039501547813,1.2950029373168945,-0.015082580968737602,1.5065168142318726,0.0409657321870327,2.129760265350342,0.06299568712711334,2.32165265083313,0.00755062373355031,2.2351975440979004,0.043875422328710556,1.861834168434143,0.07198799401521683,1.5229215621948242,0.06439906358718872,1.2874504327774048,0.0050614518113434315,1.1192445755004883,-0.03347589820623398,1.2001200914382935,-0.03161748871207237,1.3641161918640137,-0.051511455327272415,1.5196723937988281,0.0345950722694397,1.3662569522857666,0.05934755876660347,1.4289454221725464,0.031011395156383514,1.2190589904785156,0.07335766404867172,1.0577317476272583,3123.2958984375,413.778076171875,2902.770751953125,187.22291564941406,6726.484375,727.3390502929688,9136.7080078125,389.2591552734375,0.04296989366412163,0.026866909116506577,21.544631958007812,5.109586715698242,11.613011360168457,4.338015556335449,14.207304954528809,4.184970378875732,17.814294815063477,4.332170009613037,17.551042556762695,3.6158955097198486,16.08063507080078,2.1809983253479004,39.3725471496582,2.7104461193084717,0.1048312708735466,0.043083906173706055,0.15170475840568542,0.029410529881715775,0.011433788575232029,0.008256472647190094
spoof_1,Bass House_High Lead Growl (1),36,90.0,1,Spoof (AI),-71.30900573730469,32.42026138305664,43.246097564697266,24.757413864135742,-15.28972339630127,17.74334716796875,24.087142944335938,11.234539985656738,13.554864883422852,6.726778984069824,20.489534378051758,10.51492977142334,16.24579429626465,12.379170417785645,11.86087417602539,12.7608003616333,10.067900657653809,12.255696296691895,13.157574653625488,9.859431266784668,4.544636249542236,8.372163772583008,10.454560279846191,8.977877616882324,-0.16762545704841614,7.774419784545898,2.9383764266967773,7.203532695770264,6.408318996429443,8.284421920776367,7.072342395782471,6.482250690460205,4.425809860229492,6.024363040924072,4.175353050231934,7.450675964355469,-2.54801344871521,6.811556339263916,-0.05152875557541847,5.376565456390381,-0.3582366704940796,6.752385139465332,-0.10852375626564026,5.674220085144043,0.0023725475184619427,3.9587197303771973,0.08420751988887787,2.506697177886963,0.02788606658577919,1.1737817525863647,-0.04448987916111946,2.054302453994751,-0.06662661582231522,2.5596303939819336,-0.06639543920755386,2.600705862045288,-0.07027045637369156,2.4072611331939697,0.034767426550388336,1.996556282043457,0.111971415579319,1.6410406827926636,0.05682367831468582,1.665294885635376,-0.027260782197117805,1.4710512161254883,-0.08259205520153046,1.1915792226791382,-0.006681212689727545,1.317771315574646,0.01858438178896904,1.2529469728469849,-0.012557224370539188,1.0423352718353271,-0.07610319554805756,1.2671256065368652,-0.03513611853122711,1.229860544204712,0.02390277571976185,1.0301967859268188,3046.529296875,421.8833312988281,2848.620361328125,149.29147338867188,6490.9150390625,712.341796875,9037.9638671875,385.3323059082031,0.037451062351465225,0.028867769986391068,21.42494773864746,5.231225967407227,11.902076721191406,4.668839454650879,14.867186546325684,4.973862171173096,18.102266311645508,4.651940822601318,17.644634246826172,3.5479965209960938,16.116376876831055,2.0357887744903564,39.83382797241211,3.2649271488189697,0.1011284738779068,0.04738622158765793,0.14600521326065063,0.028766410425305367,0.009606756269931793,0.008504044264554977
spoof_1,Bass House_High Lead Growl (1),38,95.0,1,Spoof (AI),-69.23644256591797,23.474037170410156,53.444705963134766,21.01291847229004,-23.363496780395508,16.120439529418945,22.28400993347168,13.418046951293945,4.205358028411865,8.719551086425781,9.442943572998047,7.218114376068115,2.8629589080810547,7.906495571136475,-3.701153516769409,7.536909580230713,-8.33961009979248,7.6504106521606445,-1.6251283884048462,9.1422758102417,-3.8560147285461426,7.763228893280029,10.738581657409668,7.08391809463501,2.3933422565460205,7.873193740844727,4.386305809020996,8.547106742858887,3.9502665996551514,7.432435989379883,4.814553260803223,7.717750072479248,-0.3970777690410614,8.534808158874512,-3.181097984313965,5.505302906036377,-9.735224723815918,4.72980260848999,-6.3684773445129395,6.531787872314453,-0.014566279947757721,4.057713031768799,0.3370082676410675,2.6671228408813477,0.06667650490999222,2.6612439155578613,0.05069867894053459,1.796762466430664,0.006480512674897909,1.4866840839385986,0.04049210995435715,1.2982919216156006,0.01894262060523033,1.467788577079773,-0.02057979255914688,1.3089052438735962,-0.01653939299285412,1.206773281097412,-0.02362234517931938,1.1223424673080444,-0.0950269028544426,1.101386547088623,-0.0833568423986435,1.092801570892334,0.038344163447618484,1.0676730871200562,0.12978288531303406,1.0262489318847656,0.1147439032793045,0.9023075699806213,0.06534726172685623,1.1336346864700317,0.10348964482545853,1.322248101234436,0.05006740614771843,0.9134010672569275,-0.05741606280207634,0.8769107460975647,-0.13940384984016418,1.1072825193405151,3038.705322265625,418.8653564453125,2645.407958984375,183.2910614013672,6081.33544921875,852.7462158203125,8697.7197265625,560.9973754882812,0.058083027601242065,0.035366758704185486,16.119937896728516,5.289040565490723,13.109119415283203,4.170592308044434,14.056500434875488,4.202648639678955,21.992605209350586,4.298862457275391,18.760053634643555,3.2818899154663086,17.31960678100586,2.456007719039917,41.77647399902344,3.837911367416382,0.16017434000968933,0.0420878604054451,0.10165384411811829,0.017506761476397514,0.012073150835931301,0.00968665350228548
spoof_1,Bass House_High Lead Growl (1),41,102.5,1,Spoof (AI),-75.51226806640625,15.638632774353027,65.28687286376953,9.225358009338379,-19.704586029052734,7.5593719482421875,24.172056198120117,7.473997592926025,-1.4560747146606445,6.769541263580322,2.1690175533294678,7.140952110290527,3.4178760051727295,5.161474227905273,3.3474271297454834,7.648011684417725,-0.0522020123898983,8.22658920288086,7.211335182189941,6.738237380981445,2.2975707054138184,5.85666561126709,11.984726905822754,5.952651023864746,1.952144742012024,9.587883949279785,2.7053487300872803,10.667698860168457,7.266358375549316,10.199457168579102,8.87788200378418,7.845296382904053,6.564083576202393,7.554575443267822,3.604492425918579,6.319106101989746,-10.37370491027832,6.371960163116455,-5.260117053985596,8.37312126159668,0.11452093720436096,2.592874765396118,-0.08134787529706955,1.6460522413253784,-0.00300673209130764,1.2692698240280151,-0.05149058997631073,1.0950790643692017,-0.047458309680223465,1.0109457969665527,0.03259320557117462,0.9287112355232239,0.031326908618211746,0.8342581391334534,-0.028236685320734978,0.9349637031555176,-0.080991730093956,0.9283521771430969,-0.0886945128440857,0.8403668999671936,-0.0010944141540676355,0.9711713790893555,0.009257497265934944,1.2467992305755615,0.09133607149124146,1.433882713317871,0.1685286909341812,1.1845663785934448,0.15075737237930298,1.1174393892288208,0.02900773100554943,1.11611807346344,-0.025509290397167206,1.3012031316757202,-0.06817450374364853,0.998936116695404,-0.051787253469228745,0.9272671937942505,-0.044630080461502075,1.1573580503463745,2786.321044921875,152.0945587158203,2544.785400390625,89.89897918701172,5533.63427734375,432.9444885253906,8429.7509765625,272.3162841796875,0.026950037106871605,0.010486414656043053,17.565641403198242,4.4522504806518555,14.435081481933594,3.296030282974243,15.855463027954102,3.287424325942993,22.982791900634766,4.607946395874023,21.300697326660156,3.644010543823242,19.480812072753906,2.658700704574585,44.81869888305664,3.400766611099243,0.13926640152931213,0.01536185760051012,0.10799513757228851,0.00948270596563816,0.004841071553528309,0.0013411169638857245
spoof_1,Bass House_High Lead Growl (1),43,107.5,1,Spoof (AI),-60.75626754760742,17.991785049438477,55.60237503051758,10.775256156921387,-18.94879722595215,10.23990535736084,19.967912673950195,8.199440956115723,4.591792583465576,7.28644323348999,10.682269096374512,5.615372657775879,10.858664512634277,6.136327266693115,6.632434368133545,5.932940483093262,-0.19574777781963348,6.4085211753845215,0.3548450767993927,5.342404365539551,-3.2195446491241455,4.9428839683532715,7.394185543060303,6.822285175323486,-4.942297458648682,10.613235473632812,2.447601318359375,9.16793155670166,7.616809368133545,7.786364555358887,7.175952911376953,7.915687561035156,3.951153039932251,5.225452899932861,2.103100538253784,5.0616135597229,-9.799195289611816,6.598948001861572,-8.56120491027832,5.180150508880615,0.08547526597976685,2.5353171825408936,-0.1245410144329071,1.9088106155395508,0.0030110632069408894,1.21315336227417,0.04472574219107628,0.9595543146133423,0.12085887789726257,0.8595255017280579,0.08391791582107544,0.7307625412940979,0.009245951659977436,0.8112343549728394,-0.001571803237311542,0.8302401900291443,0.05048656836152077,0.8020527362823486,0.010800765827298164,0.7148863673210144,-0.005027601029723883,0.6863306164741516,0.0961250588297844,0.7646846771240234,0.06409687548875809,1.1851931810379028,-0.0731462761759758,0.9472835063934326,-0.12090811133384705,0.7623032331466675,-0.056849122047424316,0.9994938969612122,0.037835750728845596,0.7970144748687744,0.1286683827638626,0.8168851733207703,0.0844293162226677,0.7497676014900208,-0.044671330600976944,0.7816432118415833,3020.785400390625,201.0849609375,2727.967041015625,101.52722930908203,6263.37060546875,446.7115478515625,8915.494140625,257.8307800292969,0.04186289384961128,0.017465829849243164,18.104957580566406,6.033816814422607,14.888322830200195,4.551906108856201,15.009140014648438,3.677992820739746,20.70775604248047,3.8113937377929688,21.258272171020508,3.308521032333374,17.396610260009766,2.1701574325561523,41.23564529418945,3.4570417404174805,0.13151267170906067,0.027443885803222656,0.11870584636926651,0.0165663193911314,0.008940218947827816,0.0037246202118694782
spoof_1,Bass House_High Lead Growl (1),46,115.0,1,Spoof (AI),-48.57032012939453,22.030691146850586,59.51850128173828,17.43019676208496,-16.88519287109375,5.375707626342773,25.325929641723633,7.097771167755127,9.448063850402832,5.3179521560668945,13.787409782409668,4.861961364746094,8.384675979614258,4.888338088989258,1.5159796476364136,6.414759635925293,0.5100039839744568,5.879395961761475,5.200709819793701,5.926222801208496,0.9219940900802612,6.183579444885254,8.914583206176758,6.111106872558594,-2.141312837600708,6.8221940994262695,1.2598048448562622,5.382083415985107,2.652667760848999,6.623344421386719,2.371490955352783,5.507293224334717,-2.3028533458709717,6.734154224395752,-1.6060293912887573,6.028225898742676,-4.467156410217285,6.170905590057373,0.563650906085968,7.360117435455322,-0.009613138623535633,4.424788475036621,0.029760491102933884,3.9528608322143555,-0.01281902939081192,1.0791748762130737,0.04150286316871643,1.4769734144210815,-0.030173849314451218,1.0520386695861816,-0.0263384897261858,0.8878989219665527,-0.023835690692067146,0.7426894307136536,-0.06967056542634964,0.9404892921447754,-0.1070128008723259,0.9148923754692078,-0.036478228867053986,0.7164758443832397,0.055996112525463104,0.9444059133529663,0.10002554208040237,0.9584463238716125,0.059282686561346054,0.8888444900512695,-0.02648099511861801,0.7791067361831665,-0.0883563905954361,0.8183836936950684,-0.023444775491952896,0.7351149320602417,-0.054769400507211685,0.8886934518814087,-0.06260833144187927,0.794684648513794,-0.05014696344733238,0.8219866156578064,0.0333482064306736,1.0129207372665405,3011.48291015625,416.5431823730469,2714.4990234375,201.64735412597656,6195.97998046875,887.0123901367188,8822.7314453125,754.626220703125,0.053145214915275574,0.026411695405840874,21.94424819946289,5.189043045043945,14.622077941894531,4.242802143096924,16.15835189819336,4.068556308746338,20.632904052734375,3.9250802993774414,18.698396682739258,2.5343716144561768,15.967970848083496,1.9501909017562866,40.75027847290039,3.524362087249756,0.13455313444137573,0.040253009647130966,0.12655355036258698,0.018029557541012764,0.011933437548577785,0.006847853772342205
spoof_1,Bass House_High Lead Growl (1),49,122.5,1,Spoof (AI),-72.86351013183594,27.730018615722656,44.73020553588867,27.84285545349121,-22.294387817382812,18.488466262817383,20.72734260559082,14.631376266479492,6.860856056213379,13.580784797668457,13.949902534484863,13.611540794372559,6.835531234741211,14.503515243530273,2.879765748977661,16.905776977539062,-2.503340482711792,15.995756149291992,1.6449562311172485,15.755244255065918,-0.10946542024612427,13.84023666381836,9.565764427185059,10.497635841369629,-0.4222060441970825,8.430463790893555,3.2071309089660645,8.283181190490723,3.8173534870147705,7.6835527420043945,5.4955925941467285,7.3607330322265625,1.7717421054840088,7.651244163513184,2.5791242122650146,7.234625339508057,-2.890214681625366,8.378236770629883,-4.544593334197998,8.383581161499023,0.04540468007326126,5.400185585021973,0.2200731337070465,4.812417507171631,0.09223662316799164,2.646582841873169,0.1066235601902008,1.7683684825897217,0.07287878543138504,1.2855759859085083,0.0960693359375,1.2819232940673828,0.08929022401571274,1.5689277648925781,0.08724488317966461,1.5998543500900269,0.1155267283320427,1.5135084390640259,0.12830722332000732,1.4003814458847046,0.06540614366531372,1.364097237586975,0.05958867073059082,1.3706964254379272,0.03394874557852745,1.2146782875061035,0.016960492357611656,1.0938937664031982,-0.03387961536645889,1.191365361213684,-0.012118913233280182,1.2604131698608398,0.03147237375378609,1.0862518548965454,0.07313527911901474,0.78558349609375,0.06899289041757584,0.9948780536651611,0.03145147114992142,0.9319112300872803,2964.88134765625,606.5297241210938,2723.341064453125,166.27467346191406,6142.24658203125,933.14111328125,8793.771484375,582.8194580078125,0.04611535370349884,0.040259476751089096,16.7620849609375,7.569839000701904,12.220539093017578,4.140732288360596,13.943107604980469,4.205286502838135,20.009098052978516,4.935920238494873,17.877580642700195,3.5992391109466553,16.432889938354492,2.162896156311035,40.8885383605957,2.89967942237854,0.11948197335004807,0.073814757168293,0.14387792348861694,0.045963600277900696,0.01077754981815815,0.011073716916143894
spoof_1,Bass House_High Lead Growl (1),51,127.5,1,Spoof (AI),-81.60015106201172,35.445072174072266,67.7013168334961,33.081539154052734,-20.270431518554688,19.45976448059082,28.49130630493164,12.312050819396973,10.955018043518066,9.389932632446289,21.613990783691406,8.997907638549805,15.342070579528809,10.766406059265137,18.00069236755371,10.149115562438965,12.56977653503418,10.317023277282715,13.576532363891602,8.88874340057373,3.2361576557159424,8.718597412109375,8.108138084411621,8.2697172164917,0.47748953104019165,6.465909481048584,8.91823673248291,6.992011070251465,9.531517028808594,8.030611038208008,10.890262603759766,6.379616737365723,7.0332770347595215,5.741145610809326,5.575925350189209,5.5468926429748535,0.566482424736023,7.078217029571533,-0.4220803678035736,9.297318458557129,-0.036680079996585846,6.908791542053223,-0.36991021037101746,7.512082576751709,-0.13470689952373505,3.77274227142334,-0.037201669067144394,2.500542640686035,-0.017819693312048912,1.4689427614212036,-0.008469700813293457,1.6078565120697021,0.06308785825967789,2.313100576400757,0.13442198932170868,2.0425751209259033,0.14135485887527466,1.9125396013259888,0.129658043384552,1.6750895977020264,0.038293078541755676,1.5418224334716797,-0.04879995808005333,1.4672434329986572,-0.06178583949804306,1.054318904876709,-0.06001763045787811,1.1506195068359375,0.0015650854911655188,1.2819602489471436,0.04959891736507416,1.2220708131790161,0.00639066006988287,1.036059856414795,0.02918628789484501,0.9940594434738159,0.02131282538175583,1.134756088256836,-0.024795841425657272,1.5740363597869873,2423.10546875,518.8146362304688,2544.37548828125,310.9867248535156,5218.86083984375,1083.099609375,7970.07666015625,1027.5660400390625,0.015452427789568901,0.010428030975162983,21.696393966674805,4.726471900939941,11.719158172607422,4.345478057861328,14.018728256225586,4.422945976257324,17.568010330200195,4.464597702026367,16.91208839416504,3.929108142852783,16.1668701171875,2.501821279525757,41.805206298828125,4.151254653930664,0.060576263815164566,0.027287747710943222,0.16804955899715424,0.02698877640068531,0.0026057525537908077,0.0023037109058350325
spoof_1,Bass House_High Lead Growl (1),54,135.0,1,Spoof (AI),-76.82288360595703,32.66789245605469,59.03076171875,28.499164581298828,-19.97344207763672,17.72344398498535,25.88572883605957,13.614882469177246,11.985243797302246,8.640249252319336,19.820737838745117,8.212119102478027,11.260382652282715,10.524104118347168,9.356754302978516,9.332229614257812,7.297823429107666,9.047414779663086,11.578363418579102,8.875601768493652,6.938811302185059,9.125816345214844,14.644176483154297,9.026591300964355,2.470791816711426,8.565491676330566,2.4456372261047363,7.245601654052734,2.575953245162964,6.352746963500977,6.304687023162842,5.7265143394470215,3.7156436443328857,5.29924201965332,2.8426122665405273,5.102531909942627,-2.4640696048736572,5.585902690887451,2.4934957027435303,7.429291248321533,-0.09360302984714508,6.038912296295166,0.002700187498703599,6.632051467895508,-0.00040108186658471823,3.71506667137146,-0.14410164952278137,2.507749080657959,-0.07841549068689346,1.2578272819519043,-0.058368019759655,1.4062927961349487,-0.010415359400212765,2.1357834339141846,-0.026319613680243492,1.8532782793045044,0.00010704552551032975,1.864213228225708,-0.036981575191020966,1.8382573127746582,-0.025799397379159927,1.7435238361358643,0.01154650840908289,1.504313349723816,0.04106228053569794,1.5482534170150757,0.04898994043469429,1.4410626888275146,-0.00018301827367395163,1.2448146343231201,-0.028933392837643623,1.2467198371887207,-0.028661683201789856,1.106349229812622,0.0010400083847343922,1.043594241142273,-0.02317281998693943,1.1263785362243652,-0.08456352353096008,1.1535309553146362,2688.72705078125,520.058349609375,2645.120849609375,254.907958984375,5679.681640625,1012.3674926757812,8424.4169921875,836.6114501953125,0.02749919518828392,0.026206551119685173,22.156211853027344,5.274830341339111,13.039167404174805,5.101179599761963,14.157188415527344,4.467037677764893,19.057722091674805,4.6821208000183105,17.560182571411133,3.4738054275512695,15.93019962310791,2.0881950855255127,41.270626068115234,3.673140287399292,0.08742494881153107,0.04673134535551071,0.15088561177253723,0.03317944332957268,0.005617851857095957,0.006561561021953821
spoof_1,Bass House_High Lead Growl (1),56,140.0,1,Spoof (AI),-64.74282836914062,30.635950088500977,58.439945220947266,26.19773292541504,-29.673049926757812,18.113569259643555,10.91261100769043,12.148195266723633,-1.1671295166015625,6.841851234436035,10.033470153808594,6.69384241104126,7.644998550415039,7.374658584594727,4.159029006958008,8.123825073242188,3.6729533672332764,8.635530471801758,7.1854376792907715,7.241791248321533,0.3800649344921112,8.297897338867188,7.046895503997803,9.040779113769531,-3.934588670730591,7.125082015991211,0.6920924782752991,6.554656982421875,5.126354694366455,5.452033042907715,5.178888320922852,5.904567718505859,2.517583131790161,5.55360221862793,2.811061382293701,5.133935451507568,-5.319577693939209,5.646702289581299,-3.8697967529296875,7.28446626663208,0.2382969856262207,6.283140182495117,0.2555442154407501,6.229175567626953,0.11593896150588989,3.830899715423584,0.043140921741724014,2.500779390335083,-0.03244970366358757,1.1321792602539062,-0.046855513006448746,1.248764991760254,-0.030539941042661667,1.4196538925170898,-0.024318668991327286,1.5068198442459106,-0.05152188986539841,1.7650381326675415,-0.10137420147657394,1.5498234033584595,-0.16029421985149384,1.5948313474655151,-0.14052347838878632,1.4003400802612305,-0.08957214653491974,1.1777362823486328,-0.017392821609973907,1.1594358682632446,0.024367082864046097,1.102448582649231,0.034452009946107864,1.1780039072036743,0.0116109075024724,1.1649664640426636,-0.04262745752930641,1.0119909048080444,-0.014203451573848724,0.9701534509658813,0.007126025389879942,1.1576296091079712,2909.875732421875,529.7301635742188,2603.774658203125,209.5423126220703,5826.42626953125,1019.5948486328125,8615.6240234375,701.4501953125,0.05162396281957626,0.034457892179489136,19.331512451171875,5.630943298339844,12.971796035766602,5.075435161590576,14.434195518493652,4.299149513244629,19.236949920654297,4.196372985839844,18.387805938720703,3.660883665084839,16.565265655517578,2.747291326522827,40.777610778808594,3.382711410522461,0.1436360627412796,0.036620911210775375,0.11562526971101761,0.02726425789296627,0.010610359720885754,0.009290860965847969
spoof_1,Bass House_High Lead Growl (1),59,147.5,1,Spoof (AI),-84.05199432373047,30.078861236572266,47.45235061645508,26.181236267089844,-32.99742126464844,17.086118698120117,9.80862045288086,15.19269847869873,-9.492072105407715,11.301392555236816,-6.383101940155029,15.527445793151855,-12.206073760986328,16.24870491027832,-15.74832534790039,14.942285537719727,-16.189645767211914,13.190176963806152,-7.644711494445801,10.907698631286621,-8.633440971374512,7.931049823760986,4.449936389923096,7.241692066192627,-7.606535911560059,6.313658237457275,-3.1017134189605713,7.146809101104736,-2.899083375930786,9.14680004119873,-1.871385097503662,8.786328315734863,-2.995842933654785,8.150626182556152,-4.287587642669678,6.4590678215026855,-4.893966197967529,5.555530071258545,-0.2268420308828354,7.025214672088623,-0.1402236819267273,4.5274176597595215,0.21182653307914734,4.989933013916016,-0.06089150533080101,2.653557777404785,0.16188503801822662,2.0740599632263184,0.043620314449071884,1.1536530256271362,0.054924700409173965,1.4988479614257812,-0.004344922490417957,1.7185026407241821,0.049476366490125656,1.4558032751083374,0.0765022560954094,1.2541123628616333,0.09156813472509384,0.9924191832542419,0.046392444521188736,0.8314366340637207,0.043653909116983414,0.8738301992416382,0.028340613469481468,0.8733528256416321,-0.008449232205748558,0.8749908804893494,0.017567770555615425,1.053269624710083,0.0028704425785690546,1.184464454650879,-0.010868626646697521,1.2545616626739502,0.025115283206105232,1.0336793661117554,0.059061449021101,0.7369987368583679,0.08206018060445786,0.8464704155921936,3050.46240234375,526.3072509765625,2627.8515625,212.7044677734375,6127.94091796875,934.0894165039062,8692.435546875,807.4284057617188,0.05908208340406418,0.032088909298181534,11.857470512390137,6.20143985748291,10.854447364807129,4.590989112854004,14.633487701416016,4.881838321685791,20.258947372436523,4.140925407409668,17.000329971313477,2.552781343460083,15.934536933898926,1.8788042068481445,40.99844741821289,3.6983275413513184,0.15859194099903107,0.05316010117530823,0.0979277715086937,0.037869520485401154,0.012615131214261055,0.008931689895689487
spoof_1,Bass House_High Lead Growl (1),62,155.0,1,Spoof (AI),-91.31541442871094,36.55083084106445,71.17581176757812,35.14680862426758,-12.54994010925293,20.256610870361328,35.97842788696289,14.0240478515625,13.453147888183594,8.07568645477295,21.059497833251953,10.608658790588379,15.219513893127441,12.042654037475586,9.867659568786621,9.146876335144043,2.1805496215820312,8.796369552612305,7.036748886108398,6.722368240356445,1.520638108253479,5.543133735656738,15.020073890686035,5.729325771331787,4.4793219566345215,5.342653274536133,6.29137659072876,5.76975154876709,9.80428409576416,7.0147318840026855,12.304100036621094,8.32184886932373,10.765013694763184,8.040078163146973,5.483624458312988,7.046587944030762,-1.743662714958191,7.829106330871582,1.198094129562378,6.842030048370361,0.0030483140144497156,7.8907551765441895,-0.2723125219345093,8.47235107421875,-0.04388060420751572,4.582966327667236,-0.051072876900434494,3.1758272647857666,0.014481906779110432,1.8064905405044556,0.061593636870384216,2.3407537937164307,0.07456311583518982,2.7357633113861084,0.06162203848361969,2.1511290073394775,0.0018296020571142435,1.882308840751648,-0.03882874920964241,1.182331919670105,-0.004925975110381842,1.0323030948638916,0.03946023806929588,0.9817469120025635,0.05504458025097847,1.1682453155517578,-0.016517242416739464,1.371960997581482,-0.05800463259220123,1.5818232297897339,-0.024068525061011314,1.749606728553772,0.03429451957345009,1.4542735815048218,0.04013903811573982,1.393555760383606,0.039917316287755966,1.5957492589950562,0.08294545859098434,1.3784366846084595,2311.726318359375,523.840087890625,2525.26513671875,268.5202331542969,5042.30859375,981.7874145507812,7883.19580078125,954.3145751953125,0.013019325211644173,0.01089512463659048,22.65612030029297,5.292773723602295,12.621460914611816,5.172049522399902,15.713403701782227,5.1780314445495605,20.326595306396484,4.81132698059082,18.725852966308594,4.203144550323486,17.000247955322266,2.5353646278381348,42.3874397277832,4.380649566650391,0.06389928609132767,0.0317997969686985,0.16298507153987885,0.030037738382816315,0.002157057635486126,0.00186230952385813
spoof_1,Bass House_High Lead Growl (1),64,160.0,1,Spoof (AI),-90.19122314453125,35.493865966796875,66.4156723022461,30.801898956298828,-14.217656135559082,22.405412673950195,33.43901824951172,13.783918380737305,13.871238708496094,6.235279560089111,20.421566009521484,9.96425724029541,15.705951690673828,11.957074165344238,10.434687614440918,10.176868438720703,2.0271897315979004,9.674919128417969,5.55177116394043,6.902866363525391,-0.8148285746574402,5.9268364906311035,11.661798477172852,6.456935405731201,3.717545747756958,6.706192493438721,8.71377182006836,6.685065269470215,10.39234733581543,6.517257213592529,8.631397247314453,8.272534370422363,4.117556571960449,8.38851261138916,2.8995299339294434,6.288961410522461,1.3398162126541138,6.70304012298584,5.763379096984863,7.315675258636475,-0.15980041027069092,8.036593437194824,-0.3457474410533905,7.265690326690674,-0.2124423384666443,5.145653247833252,-0.19816091656684875,2.897536277770996,-0.013349479995667934,1.1246330738067627,0.05508791655302048,2.1856436729431152,0.0462266243994236,2.696166515350342,0.06587222218513489,2.3132882118225098,-0.03827192261815071,2.180907964706421,-0.09485452622175217,1.557322382926941,-0.06823845207691193,1.2072703838348389,-0.06265014410018921,1.1654787063598633,-0.017965873703360558,1.2780225276947021,0.01719135232269764,1.15678870677948,0.031183309853076935,1.228778600692749,-0.06232486665248871,1.7153401374816895,-0.08210764825344086,1.7119609117507935,-0.06526687741279602,1.1953604221343994,-0.007885650731623173,1.2225793600082397,0.034626323729753494,1.3623846769332886,2414.304931640625,479.7589111328125,2570.835205078125,222.8555908203125,5204.8544921875,851.2650146484375,8127.388671875,792.7316284179688,0.015263442881405354,0.012259741313755512,22.135822296142578,4.934040546417236,12.272567749023438,5.3180365562438965,15.267399787902832,4.728288650512695,19.47451400756836,4.514167308807373,18.86670684814453,4.055908679962158,16.77022361755371,2.3646583557128906,41.94314193725586,3.988090991973877,0.06721553206443787,0.031808432191610336,0.15511290729045868,0.030328134074807167,0.002653310773894191,0.0023035553749650717
spoof_1,Bass House_High Lead Growl (1),67,167.5,1,Spoof (AI),-69.44772338867188,31.041378021240234,58.45531463623047,23.358182907104492,-14.266112327575684,18.001529693603516,26.910703659057617,9.761627197265625,8.70189380645752,5.95779275894165,18.286808013916016,8.38554573059082,14.215147972106934,10.40254020690918,10.499326705932617,10.59788703918457,9.10767936706543,10.673981666564941,12.120500564575195,8.181732177734375,3.3977468013763428,7.5194315910339355,13.423470497131348,7.667559623718262,1.206247091293335,5.896425247192383,6.361993789672852,5.4219560623168945,9.669017791748047,5.40092658996582,10.651738166809082,5.469109535217285,9.023809432983398,5.0892486572265625,5.332489967346191,5.006293773651123,-2.7786519527435303,5.149700164794922,-1.5670225620269775,5.8012285232543945,-0.15999668836593628,6.461442470550537,0.08735986799001694,5.453477382659912,0.08138591051101685,4.073897838592529,0.07588842511177063,2.3386623859405518,0.007616736460477114,1.1769756078720093,-0.04753831401467323,1.6694360971450806,-0.03679663687944412,2.186483860015869,-0.015464588068425655,2.324854850769043,-0.02091190591454506,2.292391300201416,-0.017554856836795807,1.9314448833465576,-0.09109770506620407,1.5793240070343018,-0.08437399566173553,1.3382385969161987,-0.02586357854306698,1.313407301902771,-0.005807654932141304,1.1366814374923706,0.03414921462535858,1.028522253036499,0.04774422198534012,0.9786811470985413,0.013735836371779442,1.0857526063919067,0.009849642403423786,1.0582678318023682,-0.06158722937107086,1.079585313796997,-0.05939784646034241,1.1864128112792969,2678.291748046875,374.98626708984375,2710.925537109375,175.120849609375,5729.42724609375,786.7212524414062,8549.3798828125,499.1983337402344,0.022295916453003883,0.018106695264577866,22.190176010131836,5.094415187835693,13.019302368164062,5.380849838256836,13.939285278320312,4.5721540451049805,18.989168167114258,4.136247158050537,17.86937713623047,3.059826135635376,15.708011627197266,2.0293426513671875,40.996891021728516,3.5202550888061523,0.0769517719745636,0.030713707208633423,0.1688813865184784,0.03117099031805992,0.004563788417726755,0.004706777166575193
spoof_1,Bass House_High Lead Growl (1),69,172.5,1,Spoof (AI),-78.55316925048828,20.295209884643555,54.82071304321289,12.57153606414795,-25.143526077270508,7.322375774383545,15.572883605957031,7.687671661376953,-9.223164558410645,6.950453281402588,-4.871211528778076,8.987344741821289,-11.381752967834473,10.370659828186035,-9.611122131347656,9.661529541015625,-8.298765182495117,9.64748477935791,-0.21515358984470367,8.244077682495117,-6.165804862976074,6.730920314788818,2.4334771633148193,8.009963989257812,-8.717516899108887,7.074221611022949,-5.775440216064453,8.348882675170898,-5.537015914916992,9.31808853149414,-0.9891815185546875,8.747298240661621,-3.435708522796631,6.601151466369629,-4.091944217681885,6.719375133514404,-6.603701114654541,5.092264652252197,-1.4923689365386963,7.232715606689453,0.053391456604003906,3.553541421890259,-0.07699646800756454,1.6182314157485962,-0.04278732091188431,0.940214216709137,-0.07135701179504395,1.0225210189819336,-0.04403330385684967,0.9376329183578491,-0.045615628361701965,0.9542502164840698,-0.11039729416370392,0.94753098487854,-0.09764330834150314,1.030543327331543,-0.10921506583690643,0.979259729385376,-0.10152636468410492,1.115100383758545,-0.009632300585508347,0.9931750893592834,0.04130438342690468,1.0494102239608765,-0.009107538498938084,1.0822829008102417,-0.08620739728212357,1.0885264873504639,-0.11822052299976349,0.9942569732666016,-0.02792157419025898,1.0167686939239502,-0.010500574484467506,0.8679407835006714,-0.03521731495857239,0.802672803401947,0.04176581650972366,0.9790677428245544,0.006472764071077108,0.9880743026733398,2994.371826171875,251.13363647460938,2607.827880859375,89.35440063476562,5952.8837890625,515.2592163085938,8618.9638671875,286.957763671875,0.04261628910899162,0.013557092286646366,12.092668533325195,5.501052379608154,15.690399169921875,3.819509983062744,17.066402435302734,3.7217984199523926,20.953731536865234,3.6439971923828125,19.85283851623535,2.60542368888855,17.028045654296875,1.90011727809906,42.39759826660156,3.3675994873046875,0.1474134624004364,0.023172527551651,0.09965195506811142,0.019698500633239746,0.007684383541345596,0.003462750231847167
spoof_1,Bass House_High Lead Growl (1),72,180.0,1,Spoof (AI),-105.85492706298828,51.371280670166016,73.92424774169922,33.448692321777344,-11.173431396484375,22.691099166870117,35.54488754272461,14.452378273010254,19.157642364501953,9.217816352844238,24.416980743408203,10.971016883850098,18.79531478881836,12.259432792663574,11.27564811706543,9.976168632507324,7.676250457763672,10.203125953674316,7.462385177612305,7.261900901794434,1.6773648262023926,6.332010746002197,15.709305763244629,5.632035255432129,8.498896598815918,4.796701908111572,7.326593399047852,4.710556983947754,10.16307258605957,4.846657752990723,11.414091110229492,4.615408897399902,7.643667697906494,5.429329872131348,5.154694557189941,4.3216400146484375,3.4243361949920654,4.616657257080078,5.377020835876465,5.4280500411987305,0.13963517546653748,11.101478576660156,0.23266547918319702,8.24288272857666,0.25702008605003357,4.972285270690918,0.195113405585289,3.253632068634033,0.01939220167696476,2.2259981632232666,-0.06285487115383148,2.557299852371216,-0.1481224000453949,2.78513503074646,-0.1097261905670166,1.958627700805664,-0.09191901236772537,2.0391318798065186,-0.09236842393875122,1.2868314981460571,-0.062238287180662155,1.3234057426452637,-0.013577883131802082,1.2065235376358032,0.005240108352154493,1.0204930305480957,-0.06193937733769417,0.9418027400970459,-0.019530080258846283,0.9496203660964966,-0.017009830102324486,0.8848058581352234,-0.07585276663303375,1.170661449432373,-0.025985192507505417,0.8520464301109314,-0.02136780135333538,0.9406861066818237,-0.02148876152932644,1.120582938194275,2064.77197265625,500.8994140625,2530.914794921875,339.7066955566406,4759.23681640625,1044.4285888671875,7772.98779296875,1266.2598876953125,0.009500367566943169,0.012274300679564476,21.173643112182617,5.033268451690674,11.163894653320312,4.1946916580200195,12.837603569030762,3.914888381958008,17.96845817565918,4.139272212982178,15.204961776733398,2.539154052734375,15.474964141845703,2.267014265060425,40.41486358642578,4.7968268394470215,0.04134340584278107,0.023892764002084732,0.19411323964595795,0.028787987306714058,0.0015796442748978734,0.002017020480707288
spoof_1,Bass House_High Lead Growl (1),75,187.5,1,Spoof (AI),-123.66680908203125,56.368873596191406,75.95539093017578,39.057769775390625,-3.049254894256592,25.22811508178711,40.145633697509766,20.219633102416992,23.399581909179688,9.555240631103516,24.607181549072266,11.594396591186523,18.90628433227539,11.908248901367188,9.899127006530762,9.445741653442383,8.102148056030273,9.790201187133789,9.949999809265137,8.293025016784668,1.5207267999649048,6.568843841552734,14.752771377563477,5.093207359313965,4.84512996673584,4.813912391662598,4.671368598937988,4.877704620361328,8.600506782531738,4.447659015655518,9.416906356811523,4.34663724899292,6.677620887756348,4.497054576873779,3.3682310581207275,4.158106803894043,0.17632637917995453,4.759273052215576,3.0215930938720703,4.690403938293457,-0.3887087106704712,10.642132759094238,0.296270489692688,9.546661376953125,0.0548616498708725,5.193447113037109,0.21724537014961243,4.447177886962891,0.034215789288282394,2.1522769927978516,-0.08049511164426804,2.586787223815918,-0.09478339552879333,2.68998646736145,-0.0019222741248086095,1.9336501359939575,0.015474818646907806,2.073446273803711,0.010631446726620197,1.6316211223602295,-0.010688245296478271,1.3629652261734009,-0.037464361637830734,1.0727177858352661,-0.02631223201751709,0.9844000935554504,0.01014401949942112,1.0964972972869873,-0.003686082549393177,0.8661739230155945,-0.03144010156393051,0.7900922298431396,-0.06932242959737778,0.8583421111106873,-0.0056745014153420925,0.7545510530471802,-0.06429331749677658,0.9895496964454651,-0.08081243932247162,1.0175217390060425,1976.052978515625,667.1847534179688,2511.081787109375,438.8270263671875,4653.6142578125,1441.3189697265625,7686.0576171875,1583.962646484375,0.01019735261797905,0.019308196380734444,21.10862159729004,5.464459419250488,10.684863090515137,4.290809154510498,14.128663063049316,4.222695827484131,17.599000930786133,4.622459888458252,14.86658763885498,2.7243432998657227,15.131779670715332,1.8956472873687744,39.99622344970703,4.28497314453125,0.0424533411860466,0.033613432198762894,0.18626756966114044,0.03556559607386589,0.002329686190932989,0.005748356226831675
spoof_2,Bass House_High Lead Growl,0,0.0,1,Spoof (AI),-264.50677490234375,179.02369689941406,81.64022064208984,45.573551177978516,-36.663307189941406,29.097827911376953,8.746939659118652,28.162269592285156,-5.468551158905029,15.92294979095459,1.3934701681137085,14.801189422607422,0.52057945728302,8.85446834564209,3.0502452850341797,8.136670112609863,-2.5368969440460205,6.37510871887207,2.606051206588745,7.2220072746276855,-4.110645771026611,5.990178108215332,1.273017168045044,7.53610372543335,-4.933442115783691,6.138143539428711,1.6348909139633179,6.816274642944336,5.939541816711426,9.176861763000488,13.683249473571777,14.101018905639648,9.939689636230469,12.766483306884766,3.44997501373291,9.05424976348877,-6.3412556648254395,6.542911529541016,-8.347871780395508,6.633150100708008,1.2648817300796509,9.386087417602539,0.29977163672447205,3.9658024311065674,0.10073480010032654,2.7958180904388428,0.12281850725412369,1.9698272943496704,-0.07533334940671921,1.8056079149246216,-0.0044623613357543945,1.577162265777588,0.014795511029660702,1.2163023948669434,0.08267036080360413,1.128528356552124,0.017507992684841156,1.0417816638946533,-0.044083110988140106,0.8775595426559448,-0.013184452429413795,0.9486141800880432,-0.0013875564327463508,1.0295305252075195,-0.03015749715268612,1.1176267862319946,0.05827130377292633,0.8789889812469482,0.07703939825296402,1.028443694114685,0.10089971125125885,1.1900538206100464,0.18371909856796265,1.2282592058181763,0.07064502686262131,1.031957745552063,-0.08736728131771088,1.2671042680740356,-0.10692188143730164,1.1545469760894775,2261.73876953125,1013.0861206054688,2077.5400390625,621.5860595703125,4257.04443359375,2040.3441162109375,6534.87841796875,2211.485107421875,0.023882122710347176,0.03608810156583786,15.080322265625,5.799417018890381,10.07564640045166,3.5984530448913574,16.083425521850586,5.271148681640625,22.7362117767334,6.1515607833862305,20.725727081298828,4.006067276000977,18.445117950439453,2.9023845195770264,44.365413665771484,6.021759986877441,0.10400390625,0.046434950083494186,0.04719671607017517,0.028882799670100212,0.008213452994823456,0.01771491765975952
spoof_2,Bass House_High Lead Growl,2,5.0,1,Spoof (AI),-119.44925689697266,36.64808654785156,68.95059967041016,21.884689331054688,-34.471343994140625,14.46003246307373,21.70064353942871,10.890806198120117,-0.9280929565429688,6.523780345916748,7.966302394866943,7.242003917694092,4.038773536682129,5.559856414794922,4.429474830627441,5.613966464996338,-1.9303827285766602,4.922609329223633,4.9078369140625,5.237187385559082,-2.2755331993103027,5.765677452087402,4.0172882080078125,6.8312225341796875,-4.395752429962158,6.269993305206299,1.9014616012573242,6.65340518951416,4.638376712799072,8.545852661132812,13.748866081237793,11.033768653869629,14.031822204589844,10.463284492492676,8.873730659484863,9.479593276977539,-0.8863330483436584,11.98526668548584,-0.23245522379875183,12.209661483764648,0.38143226504325867,5.467874526977539,-0.2522887587547302,2.3180532455444336,0.1520073115825653,2.138594388961792,-0.10356240719556808,2.0980722904205322,0.014448185451328754,1.1122740507125854,-0.11609196662902832,1.517433524131775,-0.06052202358841896,1.0636240243911743,-0.08543754369020462,0.9678866267204285,-0.04364900663495064,0.8085722327232361,-0.02931317128241062,0.927213728427887,0.004561265464872122,1.163429617881775,0.005154106300324202,1.3372814655303955,-9.659484931034967e-05,1.134573221206665,-0.038534898310899734,1.1407462358474731,-0.051378194242715836,1.1173136234283447,-0.04715818911790848,1.366551160812378,-0.055429987609386444,1.3339228630065918,-0.04788656532764435,1.3967821598052979,-0.03862476721405983,1.6043503284454346,0.05813891813158989,1.4600168466567993,2663.27490234375,470.73590087890625,2339.740966796875,328.5418395996094,5126.74658203125,1078.718994140625,7739.990234375,1243.1253662109375,0.028772108256816864,0.02320866286754608,18.7576847076416,4.457821369171143,13.865315437316895,3.4672861099243164,16.99041175842285,4.584115028381348,22.137083053588867,5.731762409210205,20.716907501220703,3.8555779457092285,18.93014907836914,2.781994104385376,45.431392669677734,4.5707783699035645,0.13359464704990387,0.02675573155283928,0.07187863439321518,0.009174778126180172,0.005653392523527145,0.005508934613317251
spoof_2,Bass House_High Lead Growl,5,12.5,1,Spoof (AI),-78.23421478271484,20.675575256347656,35.983646392822266,20.129222869873047,-12.987420082092285,10.828765869140625,12.800856590270996,8.50613784790039,9.415630340576172,9.182660102844238,7.446707248687744,9.116315841674805,8.59195613861084,6.888607501983643,1.7887191772460938,5.602962493896484,2.769914150238037,5.513638496398926,5.079647064208984,5.287695407867432,1.8891186714172363,5.699831008911133,5.632949352264404,6.913838863372803,-2.8190393447875977,6.764735698699951,-1.825541615486145,5.567963123321533,-3.7607250213623047,6.112542152404785,-2.3097097873687744,6.497350692749023,-3.3256213665008545,6.394288063049316,-0.1813778281211853,6.392999172210693,-1.139703392982483,6.9501190185546875,5.123599529266357,7.421679496765137,-0.019122114405035973,3.6270344257354736,0.14500835537910461,2.023447275161743,0.04346724972128868,1.6594370603561401,0.017494646832346916,1.3512310981750488,-0.012457313016057014,1.52590012550354,-0.027644876390695572,1.2648440599441528,-0.046508822590112686,1.0778378248214722,-0.09850290417671204,1.0030826330184937,-0.0648912563920021,1.0040380954742432,-0.03199433162808418,0.8895092010498047,0.03370332345366478,0.8360279202461243,0.11362694948911667,0.9033149480819702,0.09177004545927048,0.9864628911018372,0.019192805513739586,0.8653653860092163,-0.010513100773096085,0.8718230128288269,-0.07641612738370895,0.8870590329170227,-0.0920536071062088,0.7553978562355042,-0.04308474436402321,0.9490543603897095,0.05360844358801842,1.158686876296997,-0.00036104960599914193,0.9977877140045166,3730.532470703125,502.7345886230469,3021.93115234375,165.71351623535156,7694.3818359375,830.0300903320312,9659.7353515625,270.10430908203125,0.09090504795312881,0.04076097533106804,17.084489822387695,6.234044075012207,12.255614280700684,3.2414896488189697,15.492072105407715,3.856001377105713,19.830392837524414,4.66579008102417,19.358999252319336,3.5650691986083984,17.855636596679688,2.7653653621673584,38.054161071777344,3.048685312271118,0.20425528287887573,0.05643562227487564,0.08184768259525299,0.024545956403017044,0.04857054352760315,0.03167793154716492
spoof_2,Bass House_High Lead Growl,7,17.5,1,Spoof (AI),-87.63603210449219,26.679407119750977,76.21728515625,15.051651000976562,-31.64986228942871,10.968023300170898,4.028873920440674,8.970526695251465,-5.161499977111816,6.6996235847473145,-4.821345806121826,5.74202823638916,0.26646196842193604,5.789609909057617,-3.8747708797454834,4.588237762451172,-5.907773017883301,5.786093711853027,2.2159998416900635,4.374100208282471,-0.0947064682841301,5.582348346710205,7.962486743927002,6.424818515777588,-1.421790361404419,6.323629379272461,-4.036738395690918,6.328242301940918,-8.391815185546875,6.566282272338867,-5.202442169189453,4.873319625854492,-5.115619659423828,6.0809326171875,-4.013727188110352,4.881736755371094,-8.659374237060547,5.197166919708252,-3.544759511947632,6.126559734344482,0.13756050169467926,4.705225467681885,-0.15569712221622467,1.3499982357025146,0.018416404724121094,1.8979942798614502,-0.015658630058169365,1.7217787504196167,-0.016634680330753326,1.2667200565338135,-0.01669083721935749,0.9611964821815491,-0.021453984081745148,0.8013656139373779,0.05305154249072075,0.8290791511535645,0.014894414693117142,0.8912022113800049,0.010588993318378925,0.9235560297966003,-0.05525416508316994,1.0563491582870483,-0.09597402065992355,1.036590337753296,-0.05812883749604225,1.0264880657196045,-0.0611281655728817,0.9648375511169434,-0.028846392408013344,0.9607381820678711,-0.009488451294600964,0.9210625290870667,0.0280032679438591,0.9486069679260254,0.030336294323205948,0.8319394588470459,0.019693078473210335,0.944879412651062,-0.05170583724975586,1.2784091234207153,2633.24267578125,296.75848388671875,2488.969482421875,156.9882049560547,5132.72802734375,760.9353637695312,8473.06640625,415.5155944824219,0.029056770727038383,0.015960276126861572,15.757768630981445,4.838339805603027,15.406041145324707,4.627068519592285,16.305248260498047,4.116048336029053,19.27025604248047,4.755151271820068,19.3126277923584,3.792056083679199,18.706932067871094,2.9280643463134766,43.30725860595703,3.949165105819702,0.13568341732025146,0.025859681889414787,0.08726222068071365,0.010209513828158379,0.006358861457556486,0.004837870132178068
spoof_2,Bass House_High Lead Growl,10,25.0,1,Spoof (AI),-79.88134765625,33.46941375732422,23.017000198364258,23.92434310913086,-41.38850021362305,20.96308708190918,-9.681005477905273,19.302223205566406,-16.132091522216797,15.66850471496582,-15.414739608764648,14.870269775390625,-9.142391204833984,12.938685417175293,-9.07041072845459,14.278193473815918,-6.515115737915039,12.866072654724121,1.214094638824463,9.94688892364502,-1.5445876121520996,6.057671546936035,0.4113243818283081,10.166162490844727,-6.3784918785095215,10.190340995788574,-8.005186080932617,8.255680084228516,-4.595966339111328,8.193624496459961,-0.8260393738746643,7.842179298400879,-1.9676827192306519,6.905759334564209,-3.478323459625244,4.988458633422852,-9.37152099609375,6.059926986694336,-5.685459613800049,7.378010272979736,-0.29116198420524597,5.922857761383057,0.210697203874588,2.0582754611968994,0.2865227162837982,1.6881194114685059,0.19801415503025055,1.5810176134109497,0.12005247920751572,1.1744585037231445,0.1282692402601242,1.000607967376709,0.10905304551124573,0.8676837682723999,0.13117191195487976,0.7965838313102722,0.08944292366504669,0.8706399202346802,0.10147226601839066,0.8501417636871338,0.027344651520252228,0.8484658598899841,-0.019660504534840584,0.9610939025878906,-0.039691511541604996,0.8507781624794006,0.029742054641246796,0.886962354183197,0.015743210911750793,0.9106795787811279,0.05542564019560814,0.8232225775718689,0.04323083534836769,0.9270172715187073,0.011737378314137459,0.7504450678825378,-0.03268815577030182,0.9857608079910278,-0.005607885308563709,0.9183878898620605,3541.6015625,596.9285278320312,2831.015869140625,162.40640258789062,7120.013671875,1035.951904296875,9428.40234375,649.3770141601562,0.0801064595580101,0.03134133294224739,11.159887313842773,5.856775283813477,11.602211952209473,4.0009541511535645,14.784035682678223,3.6937096118927,19.189598083496094,4.314899444580078,18.98160743713379,3.512061595916748,16.7143497467041,2.4051566123962402,39.249794006347656,3.0025339126586914,0.19269929826259613,0.05394136160612106,0.09776448458433151,0.023002024739980698,0.027441028505563736,0.012287409044802189
spoof_2,Bass House_High Lead Growl,12,30.0,1,Spoof (AI),-127.06635284423828,71.71607971191406,60.75294876098633,25.95425796508789,4.354668140411377,16.661888122558594,33.72095489501953,16.78321075439453,21.307064056396484,7.707951068878174,21.378305435180664,11.662116050720215,20.812320709228516,11.08780574798584,15.560250282287598,11.999038696289062,11.796891212463379,8.344369888305664,13.289559364318848,7.044643402099609,4.383800029754639,6.416289329528809,8.382062911987305,6.816328048706055,0.17180807888507843,7.461675643920898,3.9934422969818115,4.835779190063477,8.28786849975586,6.567609786987305,14.863585472106934,8.154215812683105,15.300365447998047,8.598193168640137,5.983860492706299,5.782983779907227,-3.4951157569885254,5.202200412750244,-3.601126194000244,6.287283897399902,0.2714693248271942,14.445112228393555,0.217261403799057,5.1950860023498535,0.20838376879692078,3.697258472442627,0.05840864032506943,3.309596300125122,-0.018543340265750885,1.5197304487228394,-0.16540378332138062,2.556546926498413,-0.17452289164066315,2.3115956783294678,-0.13970695436000824,2.4950497150421143,-0.038200315088033676,1.659124493598938,-0.007158129476010799,1.4398525953292847,-0.045387741178274155,1.2591313123703003,-0.04234728962182999,1.4954663515090942,-0.0728236585855484,1.6300121545791626,-0.017973436042666435,1.0479605197906494,0.036855749785900116,1.2136977910995483,0.051959648728370667,1.7521371841430664,0.06642159819602966,1.8647044897079468,0.02681657299399376,1.1282225847244263,-0.01360491942614317,1.0715349912643433,-0.07739400863647461,1.2334967851638794,2467.416748046875,887.5604248046875,2815.185302734375,436.7812194824219,5796.81787109375,1929.4298095703125,8537.56640625,1368.526123046875,0.022252622991800308,0.025253621861338615,21.414833068847656,5.884422779083252,10.386438369750977,3.864915609359741,13.048192977905273,4.138974189758301,16.92637825012207,5.5092267990112305,17.645076751708984,3.786123037338257,16.142793655395508,2.6917459964752197,38.89451599121094,4.468537330627441,0.05779125168919563,0.03797383978962898,0.14807802438735962,0.025803454220294952,0.008557354100048542,0.010555475018918514
spoof_2,Bass House_High Lead Growl,15,37.5,1,Spoof (AI),-116.96000671386719,59.79102325439453,46.643943786621094,28.17051887512207,1.2357949018478394,20.054819107055664,25.14535903930664,19.584938049316406,11.899723052978516,14.827093124389648,11.542374610900879,15.44732666015625,13.11031723022461,13.785612106323242,9.39699649810791,14.37957763671875,3.4152755737304688,11.462156295776367,2.3518168926239014,10.764670372009277,-2.6794216632843018,8.60360050201416,1.0220465660095215,8.532005310058594,-5.197971820831299,8.544068336486816,-0.3494146764278412,7.268587589263916,4.8994975090026855,8.35157585144043,12.519962310791016,8.899956703186035,10.742124557495117,8.903841018676758,2.26029634475708,7.5202436447143555,-7.888375282287598,7.487270832061768,-6.739388942718506,7.860352039337158,0.2509763836860657,11.943317413330078,-0.013659398071467876,5.663690090179443,-0.1539265513420105,3.6112070083618164,-0.254657506942749,2.91420316696167,-0.1331774890422821,1.8420252799987793,-0.09894891828298569,2.414602756500244,-0.09207116067409515,2.134235382080078,-0.14080239832401276,2.2389144897460938,-0.15586595237255096,1.7527066469192505,-0.11550809442996979,1.4870123863220215,-0.01863790489733219,1.203674077987671,-0.01829095184803009,1.4423831701278687,-0.026216374710202217,1.332050085067749,-0.018337726593017578,0.9712437391281128,-0.07596391439437866,1.2961980104446411,-0.1437913179397583,1.6390503644943237,-0.19177694618701935,1.7156981229782104,-0.12967726588249207,1.427935242652893,-0.04131510108709335,1.5665693283081055,0.09052872657775879,1.4620532989501953,3096.434326171875,945.4517211914062,2947.404052734375,324.4701232910156,6754.2978515625,1656.468994140625,9145.4306640625,1004.8953247070312,0.05600392445921898,0.05584017187356949,17.94823455810547,6.587245941162109,11.310612678527832,4.470921516418457,13.965985298156738,4.272499084472656,18.79564094543457,5.176137924194336,18.94266128540039,4.131083965301514,17.034339904785156,2.735386610031128,38.81536102294922,4.054489612579346,0.12492991983890533,0.08212742954492569,0.11292290687561035,0.04460158944129944,0.025442663580179214,0.029875684529542923
spoof_2,Bass House_High Lead Growl,17,42.5,1,Spoof (AI),-88.71834564208984,47.858642578125,40.43535232543945,30.408082962036133,-3.0447845458984375,24.492502212524414,18.60805320739746,19.937166213989258,14.509838104248047,16.779373168945312,14.32127857208252,14.265632629394531,16.974042892456055,11.85000991821289,13.173956871032715,10.77015495300293,7.950049877166748,9.565088272094727,7.059100151062012,10.506678581237793,2.158163070678711,8.098505973815918,5.096333980560303,8.502397537231445,-0.7520484924316406,6.880395412445068,3.3341288566589355,6.331758499145508,6.208089351654053,7.847745418548584,12.878690719604492,10.492305755615234,10.673361778259277,10.948410034179688,4.649489879608154,7.897794246673584,-2.1657514572143555,6.293598175048828,-1.6605416536331177,9.13032341003418,-0.27405717968940735,10.858572959899902,0.42789843678474426,5.7175140380859375,0.15590277314186096,3.236919403076172,0.2409127801656723,2.410900592803955,0.18023668229579926,1.8836815357208252,0.21815738081932068,2.0551717281341553,0.15850239992141724,1.7478859424591064,0.16982664167881012,1.762166976928711,0.1381528079509735,1.5951505899429321,0.18638965487480164,1.4569528102874756,0.1093718558549881,1.2961626052856445,0.14279501140117645,1.3562171459197998,0.07369062304496765,1.0250335931777954,0.05685259774327278,0.8759961724281311,0.04207954555749893,1.253600001335144,0.07070580124855042,1.610744595527649,0.042226262390613556,1.8373199701309204,-0.0012303099501878023,1.3608055114746094,0.010081052780151367,1.0247055292129517,-0.04505287855863571,1.2455499172210693,3204.14990234375,721.7284545898438,3070.42041015625,262.2879333496094,7181.82177734375,1201.8033447265625,9424.564453125,606.1801147460938,0.04834967106580734,0.04990581423044205,19.349674224853516,6.251620769500732,10.549345970153809,3.997633934020996,13.256546974182129,4.3460307121276855,17.827119827270508,5.4991254806518555,17.653072357177734,4.385677814483643,17.18231201171875,2.953094244003296,38.084747314453125,2.575505256652832,0.11404532194137573,0.07627949863672256,0.13804252445697784,0.034518755972385406,0.022296927869319916,0.026144884526729584
spoof_2,Bass House_High Lead Growl,20,50.0,1,Spoof (AI),-88.80551147460938,45.13045883178711,44.561378479003906,23.930381774902344,7.431994438171387,12.404509544372559,26.2952880859375,9.303304672241211,18.97395896911621,7.867825508117676,16.990678787231445,9.539061546325684,18.608644485473633,9.733809471130371,16.752592086791992,10.190903663635254,9.139893531799316,8.1985502243042,9.133126258850098,7.084339618682861,4.42442512512207,6.999591827392578,7.922581195831299,6.841464042663574,1.8140767812728882,6.926004409790039,4.78238582611084,5.383730888366699,6.259204864501953,8.703939437866211,11.145577430725098,10.260087966918945,9.058500289916992,9.359484672546387,2.9890339374542236,7.481645584106445,-2.3056209087371826,9.628249168395996,1.5683449506759644,10.803864479064941,-0.3821827471256256,10.085478782653809,-0.31336989998817444,5.046939849853516,-0.025414563715457916,2.4600234031677246,0.017100729048252106,1.9101654291152954,-0.019335320219397545,1.5508170127868652,0.023952146992087364,1.9098926782608032,0.09213687479496002,2.0007922649383545,0.1243312656879425,2.177675247192383,0.11374621838331223,1.7518306970596313,0.08475924283266068,1.5325530767440796,0.039515119045972824,1.4741743803024292,0.03986651822924614,1.3531138896942139,0.00682158162817359,1.3163429498672485,0.02893342636525631,0.9869282245635986,-0.037005744874477386,1.445826768875122,-0.04372893273830414,1.7802529335021973,-0.004906002432107925,1.7121351957321167,-0.004100077785551548,1.365649938583374,0.021005285903811455,1.4962912797927856,0.07073996961116791,1.4032832384109497,3104.302001953125,570.5599975585938,3107.02490234375,180.71092224121094,7125.44677734375,943.0624389648438,9450.484375,427.3462219238281,0.03068128041923046,0.025904372334480286,21.24843406677246,4.871957302093506,11.816021919250488,4.648927688598633,13.833993911743164,4.2287821769714355,19.09260368347168,5.287431716918945,19.566974639892578,4.704071521759033,17.864809036254883,3.1367387771606445,38.236751556396484,3.478362798690796,0.09116391837596893,0.047245901077985764,0.14753709733486176,0.024043984711170197,0.014456856995821,0.011570373550057411
spoof_2,Bass House_High Lead Growl,22,55.0,1,Spoof (AI),-95.04959106445312,45.0848503112793,49.12010192871094,26.778963088989258,-3.1721158027648926,22.557832717895508,17.208059310913086,14.10091495513916,13.495731353759766,11.663056373596191,12.513686180114746,10.986607551574707,15.659185409545898,11.994278907775879,13.656254768371582,12.813118934631348,11.364667892456055,13.452880859375,10.03166675567627,10.292037010192871,2.54990553855896,8.653374671936035,3.6924238204956055,8.226388931274414,0.31474798917770386,8.354612350463867,5.205667495727539,7.56204080581665,6.846719264984131,8.657618522644043,7.749382972717285,7.987523078918457,3.762608289718628,7.770169258117676,1.9519240856170654,7.968136787414551,-5.885377883911133,6.4969563484191895,-3.2502057552337646,8.752711296081543,0.12499164789915085,9.465332984924316,-0.13005101680755615,6.2533793449401855,-0.10335823148488998,3.797435760498047,-0.08254656940698624,2.253493309020996,0.021484239026904106,1.6832551956176758,0.09247156232595444,2.1894311904907227,0.08904033154249191,2.49814510345459,0.00029307493241503835,2.5461888313293457,-0.024334006011486053,2.6216931343078613,0.013517417944967747,1.9732387065887451,0.02917669527232647,1.6496052742004395,0.01724807173013687,1.6793607473373413,0.053522542119026184,1.6068072319030762,-0.026164531707763672,1.3479058742523193,-0.024427855387330055,1.3109965324401855,0.025327326729893684,1.117377519607544,0.010257113724946976,1.0030533075332642,0.04121043160557747,1.1378320455551147,0.06999743729829788,1.218366265296936,-0.019629929214715958,1.4985986948013306,3097.6669921875,630.8842163085938,3044.648681640625,287.98529052734375,7016.68408203125,1167.8184814453125,9400.1904296875,584.7373046875,0.04657034948468208,0.04502808302640915,19.008323669433594,5.699501037597656,10.851702690124512,4.243070125579834,14.042917251586914,4.568453311920166,17.672210693359375,4.983871936798096,18.072248458862305,4.220424175262451,16.50304412841797,2.6369917392730713,37.45708084106445,3.5720019340515137,0.11351634562015533,0.06755519658327103,0.12325288355350494,0.03836361691355705,0.017407450824975967,0.01687324047088623
spoof_2,Bass House_High Lead Growl,25,62.5,1,Spoof (AI),-92.87006378173828,43.53368377685547,50.33164978027344,27.795927047729492,2.377399206161499,14.036272048950195,20.53070068359375,10.138312339782715,14.460240364074707,6.902911186218262,15.475056648254395,9.457376480102539,18.346147537231445,11.170629501342773,18.536949157714844,12.871833801269531,15.26948356628418,12.3740873336792,12.04463005065918,11.166666030883789,2.7005631923675537,10.835886001586914,3.9306623935699463,9.411643981933594,1.773720383644104,8.941194534301758,6.7146687507629395,7.221695423126221,8.81186294555664,7.183961868286133,9.374616622924805,5.669071674346924,6.488376140594482,5.738915920257568,5.896756649017334,6.028851509094238,-2.0866317749023438,6.293735027313232,-3.36098313331604,8.116019248962402,0.30670052766799927,9.269712448120117,0.2453109622001648,6.442965984344482,0.10882363468408585,3.10469651222229,0.04064877703785896,2.167670726776123,-0.03503628820180893,1.4248789548873901,-0.12092393636703491,1.8027228116989136,-0.14922945201396942,2.0258662700653076,-0.17997901141643524,2.5501747131347656,-0.12214919179677963,2.778360366821289,-0.042489003390073776,2.3256759643554688,-0.06600760668516159,2.006934881210327,-0.07138139754533768,1.838410496711731,-0.0030618486925959587,1.710609793663025,-0.028179148212075233,1.233312964439392,-0.05482888221740723,1.2725040912628174,-0.051818013191223145,1.2106003761291504,-0.009724096395075321,1.2281380891799927,-0.06340692937374115,1.202295184135437,-0.03335019573569298,1.1492573022842407,-0.01687726192176342,1.2862361669540405,2983.9423828125,547.1404418945312,3065.25048828125,200.65701293945312,6894.81201171875,1002.4004516601562,9374.76953125,465.7600402832031,0.028641413897275925,0.021764252334833145,22.26408576965332,4.609557151794434,12.685669898986816,4.815139293670654,14.307283401489258,4.744238376617432,18.160139083862305,4.842308044433594,18.333023071289062,4.2449469566345215,16.30597686767578,2.4353206157684326,37.296329498291016,3.008960485458374,0.08075855672359467,0.03717160224914551,0.14419934153556824,0.022901255637407303,0.010418479330837727,0.007923479191958904
spoof_2,Bass House_High Lead Growl,27,67.5,1,Spoof (AI),-81.44185638427734,29.91579246520996,50.01094055175781,21.589509963989258,-10.772733688354492,11.580683708190918,17.488391876220703,11.898892402648926,6.141136646270752,10.752983093261719,-0.588688313961029,13.464861869812012,-1.8475466966629028,13.483460426330566,-4.891374588012695,14.36503791809082,-5.581583499908447,15.044225692749023,2.0180535316467285,13.439600944519043,2.22660493850708,10.39828109741211,7.691513538360596,6.979204177856445,0.33777928352355957,7.073236465454102,-0.755035936832428,9.10191822052002,-1.7295210361480713,9.204922676086426,-2.0065555572509766,8.02007007598877,-3.9032182693481445,6.281211853027344,-2.4119455814361572,6.206376552581787,-4.148218154907227,6.6814680099487305,-1.0140252113342285,6.882313251495361,-0.32375550270080566,6.064437389373779,-0.07209686189889908,3.345029354095459,-0.0902366116642952,1.9014661312103271,0.011643082834780216,2.075330972671509,-0.020922528579831123,1.258872628211975,-0.000662997888866812,1.5181829929351807,-0.01897701993584633,1.790713906288147,0.004954435396939516,1.682700753211975,-0.034173887223005295,1.8676912784576416,-0.015191189013421535,1.7316428422927856,-0.04232063516974449,1.3716200590133667,-0.017092229798436165,1.0033314228057861,0.06128617003560066,0.9135797023773193,0.04201314225792885,1.0789498090744019,-0.04412524029612541,1.1410267353057861,-0.06493453681468964,1.1312758922576904,-0.026319332420825958,0.9727816581726074,0.07382021099328995,1.2040176391601562,0.035720426589250565,1.2235369682312012,-0.05840550363063812,1.1756540536880493,3268.95263671875,467.80792236328125,2929.42138671875,181.44654846191406,6968.533203125,887.0647583007812,9353.53515625,472.24749755859375,0.06791607290506363,0.03763538971543312,14.976980209350586,6.82725191116333,12.33046817779541,4.456654071807861,14.631570816040039,4.155074119567871,20.337989807128906,4.862605571746826,17.004499435424805,3.29301118850708,16.59495735168457,2.165177345275879,38.51199722290039,3.2953834533691406,0.15425844490528107,0.0493500754237175,0.09197535365819931,0.025008641183376312,0.021684421226382256,0.014352187514305115
spoof_2,Bass House_High Lead Growl,30,75.0,1,Spoof (AI),-67.77938842773438,23.815902709960938,68.50096893310547,18.513813018798828,-29.75999641418457,13.725866317749023,10.571675300598145,14.539955139160156,0.1968553364276886,15.238238334655762,-0.18602611124515533,12.242684364318848,7.546035289764404,12.278168678283691,3.9789164066314697,9.748204231262207,-2.089813709259033,9.020811080932617,1.0916104316711426,7.506791591644287,-1.3545775413513184,6.894073009490967,4.414289474487305,6.025796890258789,-1.5571237802505493,6.15856409072876,0.7170862555503845,4.869471073150635,4.131825923919678,5.383243560791016,4.03080940246582,4.718646049499512,-2.1022989749908447,4.602387428283691,-1.8381632566452026,4.311716079711914,-4.484181880950928,4.107418060302734,3.1524205207824707,7.551135063171387,0.21078932285308838,4.485896587371826,-0.16848431527614594,2.968458414077759,-0.0016641395632177591,1.4519059658050537,0.0004160117241553962,1.5294506549835205,0.091159887611866,1.2599483728408813,0.05862027779221535,1.2849724292755127,0.0778278037905693,1.214460849761963,0.013559257611632347,0.9642582535743713,0.05923115462064743,0.9962877035140991,0.08660179376602173,0.7260411977767944,0.027326270937919617,0.8860727548599243,0.031138407066464424,0.808921754360199,0.014182742685079575,0.8225877285003662,0.036968376487493515,0.8197186589241028,0.01971655897796154,0.82431560754776,0.04591067507863045,0.8653097152709961,-0.0055459109134972095,1.0385549068450928,-0.033696096390485764,0.8692781925201416,-0.04460928216576576,0.7981504797935486,0.031378135085105896,1.2581593990325928,2792.81689453125,355.2439270019531,2605.31396484375,215.41900634765625,5651.96728515625,801.2882690429688,8750.904296875,746.6758422851562,0.044965438544750214,0.026676056906580925,17.644351959228516,4.834146499633789,12.54560661315918,4.164775848388672,15.418488502502441,3.8852689266204834,19.270618438720703,3.952702760696411,18.663362503051758,3.4132657051086426,17.110605239868164,2.4338200092315674,40.27633285522461,3.3629400730133057,0.12574824690818787,0.029754266142845154,0.10125388205051422,0.023772556334733963,0.009229721501469612,0.006332135293632746
spoof_2,Bass House_High Lead Growl,32,80.0,1,Spoof (AI),-68.64458465576172,16.08877944946289,50.49148941040039,10.855819702148438,-28.610034942626953,8.695866584777832,16.131460189819336,7.372477054595947,10.31682300567627,6.2930827140808105,4.0015788078308105,7.374655723571777,14.230897903442383,6.567339897155762,7.499135971069336,5.919261455535889,2.983793020248413,5.855651378631592,3.5683813095092773,6.011197566986084,-1.6121009588241577,6.9805989265441895,5.21352481842041,5.829489231109619,-1.5437202453613281,6.232149600982666,0.9112605452537537,6.510760307312012,3.758373737335205,5.831040382385254,1.3301069736480713,7.552114486694336,-3.2110776901245117,7.0368971824646,-5.813080787658691,6.587983131408691,-9.327863693237305,8.558632850646973,1.720514178276062,10.050077438354492,0.0790431797504425,2.9489688873291016,0.08323984593153,1.5781993865966797,-0.07831893861293793,1.4981251955032349,-0.054457925260066986,1.1222032308578491,-0.04746329039335251,0.7637693285942078,0.016241127625107765,0.9295961856842041,0.029235627502202988,1.0167375802993774,-0.004510620143264532,0.85467529296875,-0.0059778424911201,1.039965033531189,-0.0059168073348701,1.0223299264907837,0.0339033342897892,0.9098880887031555,0.049880195409059525,0.9510197043418884,0.019903218373656273,1.0104200839996338,0.00010583356925053522,0.9706481695175171,0.01714433543384075,1.0195956230163574,-0.03132277727127075,1.11831533908844,0.10282909125089645,1.1577972173690796,0.019646789878606796,1.2108393907546997,-0.03202885016798973,1.3837051391601562,-0.053916994482278824,1.7024164199829102,3073.753173828125,203.62254333496094,2703.36865234375,91.7540283203125,6226.4853515625,453.42901611328125,9202.2041015625,202.5213165283203,0.042964354157447815,0.017943497747182846,16.159400939941406,4.699209213256836,14.750572204589844,4.056027889251709,15.779092788696289,3.6856706142425537,21.68329429626465,3.7697603702545166,20.671653747558594,2.8461921215057373,18.85689353942871,2.7422637939453125,39.823951721191406,2.7869009971618652,0.15115469694137573,0.02725558914244175,0.1052209660410881,0.016223294660449028,0.012212701141834259,0.003845506114885211
spoof_2,Bass House_High Lead Growl,35,87.5,1,Spoof (AI),-88.99466705322266,30.971939086914062,65.61251068115234,19.893585205078125,-24.501375198364258,15.760920524597168,18.92921257019043,11.07241439819336,2.1520144939422607,13.451922416687012,-0.5814673900604248,14.446885108947754,2.6647536754608154,13.013556480407715,-0.8942160606384277,12.49902629852295,-4.449460029602051,10.874366760253906,1.0059494972229004,8.872218132019043,-1.4151525497436523,7.98369026184082,4.253958225250244,7.137302875518799,-2.0182154178619385,6.523186206817627,1.5264251232147217,6.532018661499023,3.2099902629852295,6.100866794586182,1.428451418876648,6.145411968231201,-2.1489481925964355,7.467021465301514,-3.320918321609497,7.601102828979492,-9.841692924499512,7.8784284591674805,-5.140191555023193,8.024077415466309,-0.27441495656967163,5.435948848724365,0.12144913524389267,3.6010327339172363,0.04499918967485428,2.1399757862091064,0.04649458825588226,1.4336163997650146,0.013540391810238361,1.336593508720398,0.10098076611757278,1.5689431428909302,0.08207084238529205,1.5401575565338135,0.10678771138191223,1.2339688539505005,0.06347827613353729,1.0948841571807861,0.026174403727054596,1.1385771036148071,0.04986279830336571,1.0196702480316162,0.0671529471874237,0.9859636425971985,0.0649566799402237,0.8751291632652283,0.07300929725170135,0.9309924244880676,0.02886042557656765,0.9293046593666077,-0.02453720197081566,0.9646446704864502,-0.06160714104771614,1.1717751026153564,-0.02299845591187477,0.9838312268257141,0.042718950659036636,0.8360099196434021,0.08735593408346176,0.749908983707428,2666.104736328125,451.24896240234375,2567.331298828125,142.42745971679688,5390.87744140625,782.9617309570312,8562.9873046875,564.2457885742188,0.031860485672950745,0.01778642274439335,17.035173416137695,7.6236348152160645,14.221734046936035,4.141308307647705,15.63035774230957,4.274022102355957,19.32158660888672,5.184786796569824,18.64568519592285,4.0804619789123535,16.6861629486084,2.830247640609741,40.39737319946289,3.2491931915283203,0.11397524178028107,0.04981617256999016,0.1124318465590477,0.041523527354002,0.0058403960429131985,0.00350662088021636
spoof_2,Bass House_High Lead Growl,37,92.5,1,Spoof (AI),-86.74169921875,46.40312576293945,74.93221282958984,24.95366859436035,-13.309822082519531,14.698651313781738,21.83193588256836,8.931546211242676,13.220074653625488,7.068950176239014,11.946537017822266,9.291359901428223,16.480443954467773,9.73326587677002,14.377087593078613,8.34188175201416,8.823969841003418,7.757580757141113,9.397558212280273,6.741019248962402,6.258874893188477,6.665909767150879,11.891488075256348,6.401978969573975,4.837271690368652,5.46769380569458,3.308206081390381,5.504953384399414,4.03967809677124,6.370861530303955,6.124273300170898,5.935927867889404,1.6244553327560425,5.8753342628479,1.9244379997253418,5.5181565284729,-1.6554841995239258,4.730502128601074,2.8322391510009766,4.882771015167236,-0.10348339378833771,9.009964942932129,-0.08413305878639221,5.138277053833008,-0.036784298717975616,2.9351301193237305,-0.03602766618132591,1.5574350357055664,0.08657442033290863,1.3298600912094116,0.05007662624120712,1.90639328956604,0.049439333379268646,1.9110281467437744,0.05137806385755539,1.728677749633789,0.028291502967476845,1.7029975652694702,-0.021747181192040443,1.3758708238601685,-0.006746210623532534,1.3830053806304932,0.030971292406320572,1.3398863077163696,0.07589565217494965,1.2310935258865356,0.016201401129364967,1.1376547813415527,-0.00874331220984459,1.3284746408462524,0.07251128554344177,1.1683802604675293,0.044476017355918884,1.2474831342697144,0.071746326982975,1.1874998807907104,0.01774059794843197,1.0362309217453003,0.008573622442781925,0.919148325920105,2342.941650390625,492.0781555175781,2648.524658203125,201.46685791015625,5156.35498046875,1039.9202880859375,8521.5654296875,716.9122924804688,0.0176151841878891,0.01278945617377758,23.230812072753906,4.651286602020264,11.830772399902344,4.70004415512085,12.86716079711914,4.431624889373779,16.596590042114258,4.8803205490112305,15.536613464355469,3.599452018737793,14.91588020324707,2.1966705322265625,39.20543670654297,3.1377010345458984,0.05102086812257767,0.021489769220352173,0.15780280530452728,0.031562596559524536,0.003514061914756894,0.002814031671732664
spoof_2,Bass House_High Lead Growl,40,100.0,1,Spoof (AI),-72.65965270996094,34.10703659057617,65.87671661376953,21.472482681274414,-8.262726783752441,14.441835403442383,24.695068359375,8.605997085571289,14.819581031799316,5.585287094116211,13.039460182189941,8.185239791870117,16.527233123779297,8.097959518432617,13.534730911254883,8.284562110900879,8.506343841552734,7.07559061050415,8.401915550231934,5.5245256423950195,4.24880313873291,5.511144638061523,10.309046745300293,5.49657678604126,3.967571496963501,5.141806125640869,5.0408711433410645,4.547528266906738,7.283472061157227,5.085280895233154,6.935152053833008,5.029979228973389,1.97267484664917,5.571707248687744,2.4952893257141113,4.378805160522461,-2.4418954849243164,4.628297805786133,2.5276217460632324,4.3720221519470215,0.13645130395889282,7.5003180503845215,0.15833204984664917,4.339931488037109,0.17935816943645477,3.0555403232574463,0.10816199332475662,1.6367019414901733,-0.035249367356300354,1.0226083993911743,-0.1826508790254593,1.5170066356658936,-0.16378158330917358,1.4673269987106323,-0.1418081670999527,1.609821081161499,-0.06522680819034576,1.3786803483963013,-0.023232582956552505,1.182529091835022,-0.04457810893654823,1.0651484727859497,-0.016368698328733444,1.1254163980484009,-0.06666499376296997,1.1316795349121094,-0.042193152010440826,0.8857017755508423,-0.018052754923701286,0.9692320823669434,0.03402262553572655,1.0079841613769531,0.02943827398121357,1.0814435482025146,-0.040988821536302567,0.9032333493232727,-0.07364286482334137,0.9371116161346436,-0.007346561644226313,0.8088986277580261,2664.93701171875,478.0645446777344,2810.9873046875,187.05419921875,5914.25390625,982.4379272460938,8968.1806640625,489.2795104980469,0.02601100690662861,0.019337737932801247,21.89490509033203,4.93493127822876,12.452077865600586,4.277553558349609,14.712738037109375,4.38826847076416,19.691030502319336,4.619444370269775,18.312376022338867,3.5463292598724365,16.472795486450195,2.388739585876465,39.09364318847656,3.2773478031158447,0.08244267106056213,0.036383576691150665,0.1483934372663498,0.03486626222729683,0.007284239400178194,0.007104763761162758
spoof_2,Bass House_High Lead Growl,42,105.0,1,Spoof (AI),-104.67618560791016,22.43740463256836,51.54269790649414,15.772740364074707,-26.849714279174805,10.326759338378906,11.313629150390625,10.156527519226074,-6.462790489196777,8.628524780273438,-17.349973678588867,8.919605255126953,-8.254082679748535,8.342378616333008,-7.362210750579834,8.818157196044922,-10.746735572814941,8.382963180541992,-0.7934013605117798,9.236712455749512,-7.779104232788086,10.028423309326172,5.446970462799072,8.842025756835938,-5.283875465393066,5.9044647216796875,-1.882263422012329,6.069437503814697,5.198354721069336,7.715442180633545,12.400279998779297,6.983768939971924,9.17288875579834,6.640085697174072,0.04161763936281204,4.644562244415283,-11.30606460571289,5.221668243408203,-6.262404918670654,8.17047119140625,-0.033049676567316055,3.1907308101654053,-0.10117573291063309,2.0569007396698,-0.132253959774971,1.2346962690353394,-0.06869158893823624,1.0562297105789185,-0.13670791685581207,0.8440360426902771,-0.15489345788955688,0.7354676723480225,-0.10225490480661392,0.7957407236099243,-0.08035079389810562,0.8993880748748779,-0.08459896594285965,0.8393174409866333,-0.07583697885274887,0.8139837980270386,-0.15393663942813873,1.4023946523666382,-0.185303196310997,1.4643114805221558,-0.10424038767814636,0.9910237193107605,0.026761077344417572,0.9076197147369385,0.042728740721940994,1.4676036834716797,0.06938761472702026,1.4534457921981812,0.04859974980354309,1.260768175125122,-0.013874881900846958,0.6915018558502197,-0.0346008837223053,0.8453154563903809,-0.045309972018003464,1.241585612297058,2985.699462890625,279.6444396972656,2669.525146484375,108.0043716430664,6127.1435546875,698.22119140625,8888.7763671875,315.05157470703125,0.03195364773273468,0.010796272195875645,12.071298599243164,5.63932466506958,14.253396034240723,4.207530975341797,17.552818298339844,3.8350296020507812,23.13052749633789,3.67265248298645,21.14231300354004,2.7588789463043213,18.344636917114258,1.8665434122085571,42.02976608276367,3.1055288314819336,0.13106735050678253,0.01792246475815773,0.08963161706924438,0.009405401535332203,0.008664394728839397,0.004117014352232218
spoof_2,Bass House_High Lead Growl,45,112.5,1,Spoof (AI),-94.19165802001953,22.026004791259766,58.57380294799805,13.73003101348877,-7.890999794006348,5.827223777770996,32.47810363769531,6.247861385345459,13.773516654968262,4.802801609039307,2.3071513175964355,5.591209888458252,9.306161880493164,4.558905601501465,9.974202156066895,3.9693830013275146,5.791675090789795,5.885622024536133,10.477551460266113,4.889273643493652,-4.910723686218262,5.554127216339111,3.4573609828948975,5.52427864074707,-6.004635334014893,4.708450794219971,4.983710289001465,5.276587963104248,18.40121078491211,7.769385814666748,22.843523025512695,6.737786769866943,22.77261734008789,7.140472412109375,6.577700614929199,4.424482822418213,-11.376643180847168,6.417731285095215,-12.918486595153809,5.078739643096924,0.20913775265216827,3.246736764907837,-0.1236795112490654,1.6431727409362793,-0.019268009811639786,0.9593350291252136,-0.05981056019663811,1.2243934869766235,-0.007580644451081753,0.9201254844665527,0.011437133885920048,0.8566690683364868,0.012289417907595634,0.6590130925178528,-0.016530927270650864,0.6828651428222656,-0.006997843738645315,0.9408263564109802,0.029066069051623344,0.8700640797615051,0.06376606971025467,1.057342290878296,0.025776425376534462,0.8668308258056641,0.02658146619796753,0.7696168422698975,-0.06806804984807968,0.7671009302139282,-0.022524289786815643,0.8577767610549927,-0.01682770624756813,0.8901343941688538,0.0013102492084726691,1.0076428651809692,0.01685546152293682,0.8366393446922302,-0.004803949035704136,1.0341126918792725,0.02171844244003296,0.8507811427116394,2841.26318359375,324.5246276855469,2739.64501953125,133.55189514160156,6062.693359375,808.1939086914062,8855.4794921875,410.5633850097656,0.026609523221850395,0.011793595738708973,19.585405349731445,4.433921813964844,15.484113693237305,4.156282424926758,15.688783645629883,3.347888946533203,23.611757278442383,3.704190492630005,22.397594451904297,2.3923304080963135,18.517993927001953,1.7582571506500244,40.874534606933594,2.8295445442199707,0.1094902902841568,0.017193417996168137,0.11044197529554367,0.010114967823028564,0.006854727864265442,0.00415811687707901
spoof_2,Bass House_High Lead Growl,47,117.5,1,Spoof (AI),-97.19677734375,31.452510833740234,78.33501434326172,13.966033935546875,-26.016441345214844,9.955656051635742,25.911462783813477,9.03123664855957,0.6318272948265076,5.799152851104736,-2.6069209575653076,4.893495559692383,-1.971078634262085,4.9156389236450195,-1.9071478843688965,4.996055603027344,-8.709882736206055,5.775305271148682,0.4224221408367157,5.280790328979492,-4.416321277618408,5.92422342300415,7.777414798736572,6.981035232543945,-3.0094735622406006,7.386105060577393,-0.6787601113319397,6.272141933441162,-2.275528907775879,7.85524845123291,4.005420684814453,8.508816719055176,2.4459545612335205,7.4635772705078125,0.19776219129562378,5.139231204986572,-10.246654510498047,5.639172554016113,-7.697796821594238,6.353200912475586,0.21800310909748077,5.079690456390381,-0.0024906927719712257,1.8484370708465576,-0.08453917503356934,1.5513821840286255,-0.07976318895816803,1.7971572875976562,-0.11145320534706116,1.1089166402816772,-0.08859572559595108,0.9769854545593262,-0.09078317880630493,0.9280532598495483,0.010116495192050934,1.0065346956253052,-0.004754185676574707,0.8363389372825623,0.008396334946155548,0.9115092754364014,-0.04811275005340576,1.2504703998565674,-0.020120253786444664,1.3272978067398071,0.02041161060333252,1.5594522953033447,0.031529251486063004,1.1485096216201782,-0.046641282737255096,1.2628190517425537,-0.07427099347114563,1.7259514331817627,-0.09334694594144821,1.247409701347351,-0.07818374037742615,0.9199196100234985,-0.045826349407434464,1.1756106615066528,-0.00575481541454792,1.266165852546692,2521.35009765625,319.8193664550781,2359.3896484375,200.6980743408203,4824.3349609375,799.5775756835938,7860.36669921875,697.8201293945312,0.023980846628546715,0.017962101846933365,17.64971923828125,4.2473015785217285,14.76860237121582,4.215601921081543,15.92529010772705,4.169061660766602,21.215267181396484,4.167365074157715,20.706287384033203,3.149280309677124,19.61786651611328,2.808182954788208,45.94969940185547,4.467150688171387,0.12165436893701553,0.025804312899708748,0.0908607542514801,0.016856001690030098,0.0041456385515630245,0.003989706747233868
spoof_2,Bass House_High Lead Growl,50,125.0,1,Spoof (AI),-90.29365539550781,18.613866806030273,59.750152587890625,14.362763404846191,-27.923479080200195,6.16626501083374,15.262679100036621,5.191067695617676,-5.947824001312256,4.7416253089904785,-16.616565704345703,5.4661688804626465,-16.80544090270996,4.290820121765137,-23.89583396911621,4.34367036819458,-26.66590118408203,4.908270835876465,-13.907135963439941,4.309915065765381,-15.358707427978516,5.3366007804870605,-2.3232975006103516,5.385931015014648,-10.857421875,4.8806633949279785,-6.777060031890869,5.766319751739502,-7.689181804656982,5.220125198364258,-4.549795150756836,4.342265605926514,-7.378197193145752,4.337254524230957,-7.250860214233398,4.103525161743164,-10.18185806274414,5.017652988433838,-3.507890462875366,5.169808387756348,0.09709116071462631,2.39443039894104,-0.1190502718091011,1.2250930070877075,0.024931199848651886,0.9472960233688354,-0.05834346264600754,0.8007360100746155,-0.02411876991391182,0.8934314250946045,-0.06415606290102005,0.7930638790130615,-0.017695356160402298,0.7172683477401733,0.018154917284846306,0.7912414073944092,0.04947831854224205,0.7989572286605835,0.0033105353359133005,0.5971376299858093,-0.010823272168636322,0.7308531999588013,0.03188019245862961,0.8652760982513428,-0.0371260903775692,0.902552604675293,-0.03306431323289871,0.8069103956222534,-0.014263572171330452,0.7406277656555176,0.005328706000000238,0.8531945943832397,0.07424408197402954,0.8459500074386597,0.01937972381711006,0.7510365843772888,-0.009159608744084835,0.9852107763290405,0.014094086363911629,0.8093082308769226,2742.15380859375,287.5040588378906,2586.75537109375,140.465087890625,5544.75,753.2201538085938,8640.74609375,410.7002258300781,0.02563265524804592,0.010660132393240929,10.368054389953613,4.8396382331848145,13.889298439025879,4.823343753814697,15.690763473510742,4.0118865966796875,21.547931671142578,4.021427154541016,20.885133743286133,3.0509817600250244,19.874374389648438,2.24727463722229,43.735252380371094,3.5523974895477295,0.1292589008808136,0.02207823097705841,0.09685398638248444,0.007240005303174257,0.006887007970362902,0.0036024940200150013
spoof_2,Bass House_High Lead Growl,52,130.0,1,Spoof (AI),-102.9344253540039,44.881675720214844,63.05656051635742,40.45535659790039,-12.67723274230957,24.463138580322266,26.92344856262207,22.57706642150879,9.745463371276855,18.602502822875977,6.878817081451416,22.181787490844727,6.978212356567383,19.53340721130371,7.378961086273193,18.194494247436523,0.9611514210700989,13.242884635925293,6.143864154815674,9.32050609588623,-3.921751022338867,7.218598365783691,3.1360902786254883,7.733485221862793,-5.461532115936279,9.364023208618164,1.581078052520752,6.968094348907471,5.858339786529541,7.481570243835449,10.626045227050781,8.557707786560059,5.455751419067383,10.476680755615234,1.11332106590271,8.375592231750488,-3.9591314792633057,6.4437785148620605,-3.4933018684387207,6.130952835083008,0.21190966665744781,9.475456237792969,0.06707895547151566,7.936951160430908,0.08768346905708313,3.348987102508545,0.1178111582994461,3.386807680130005,0.10214635729789734,1.5332837104797363,0.15629950165748596,1.6860978603363037,0.1847442388534546,1.8816810846328735,0.16704165935516357,1.8895294666290283,0.08919575810432434,1.5595940351486206,0.07869354635477066,1.1570134162902832,0.06111721694469452,1.2458945512771606,-0.04784033074975014,1.4691357612609863,-0.03398500382900238,1.5075397491455078,0.03822922334074974,0.9212172031402588,0.09200364351272583,1.1547927856445312,0.07510677725076675,1.3171528577804565,0.06854186952114105,1.5058549642562866,0.1087554320693016,1.3459638357162476,0.08771763741970062,1.318244218826294,-0.029399478808045387,1.0812128782272339,2533.748779296875,887.079345703125,2615.2265625,409.1075744628906,5574.00927734375,1675.0330810546875,8230.369140625,1536.96337890625,0.03682420030236244,0.04453502222895622,17.578044891357422,6.597511291503906,9.555728912353516,3.5078213214874268,14.015542030334473,4.09940242767334,18.256507873535156,4.618845462799072,17.365089416503906,3.9308557510375977,16.03468894958496,2.2541794776916504,41.29761505126953,4.2285871505737305,0.0985107421875,0.07849764078855515,0.15173564851284027,0.06302817165851593,0.010149206966161728,0.013527699746191502
spoof_2,Bass House_High Lead Growl,55,137.5,1,Spoof (AI),-106.50068664550781,48.38290023803711,68.58305358886719,33.02713394165039,0.31496429443359375,15.791139602661133,40.55097961425781,14.615970611572266,24.27156639099121,6.884522438049316,21.51371192932129,9.051679611206055,19.1654052734375,9.78563117980957,16.727575302124023,9.215291976928711,6.061858177185059,9.230215072631836,8.894394874572754,6.741906642913818,-0.7678722143173218,6.869368553161621,8.078106880187988,6.650456428527832,-1.10896635055542,7.3599772453308105,5.642340660095215,6.803518295288086,8.426379203796387,7.753972053527832,12.528825759887695,8.77008056640625,7.256903171539307,8.390909194946289,3.521588087081909,7.417995929718018,-1.6235345602035522,8.972150802612305,-1.3002878427505493,9.23049259185791,-0.1138104572892189,10.481831550598145,-0.12492582201957703,7.827738285064697,-0.09013661742210388,3.6095118522644043,-0.18795789778232574,3.418260097503662,-0.06548231840133667,1.256119966506958,0.05934536084532738,1.7134056091308594,0.0818461924791336,2.0824806690216064,0.08177923411130905,2.017979621887207,0.047786250710487366,2.0413057804107666,0.0009269482688978314,1.4323562383651733,0.07543071359395981,1.4928865432739258,0.10491824895143509,1.4396095275878906,0.04544179141521454,1.531790852546692,0.076718270778656,1.1734766960144043,0.05411019176244736,1.3689476251602173,0.003286388237029314,1.5984550714492798,0.0015233313897624612,1.5016778707504272,-0.03298165276646614,1.4852274656295776,-0.057648882269859314,1.597644567489624,0.05895588919520378,1.4564974308013916,2223.005126953125,643.3239135742188,2639.288330078125,359.9783020019531,5179.7822265625,1433.5074462890625,8123.9990234375,1234.02099609375,0.011302157305181026,0.010454337112605572,21.75593376159668,5.313382148742676,11.295266151428223,4.509425163269043,13.752057075500488,4.241832256317139,18.95041847229004,4.214504241943359,17.84048080444336,3.7494614124298096,16.21336555480957,2.417266845703125,41.01994705200195,4.25341796875,0.0528157539665699,0.03230326250195503,0.18881160020828247,0.037948787212371826,0.0028055179864168167,0.002663019113242626
spoof_2,Bass House_High Lead Growl,57,142.5,1,Spoof (AI),-92.897705078125,39.39793014526367,76.91666412353516,34.150325775146484,-16.387727737426758,32.24123001098633,29.97780418395996,13.222606658935547,11.957978248596191,15.405315399169922,11.360360145568848,12.057564735412598,10.85927963256836,13.972372055053711,12.749019622802734,13.764079093933105,5.362554550170898,12.165421485900879,10.880839347839355,11.518743515014648,2.0195486545562744,9.192903518676758,10.138940811157227,8.396504402160645,-2.110825538635254,7.763009071350098,3.645629644393921,7.632254600524902,5.588403224945068,9.864954948425293,7.322512626647949,8.349815368652344,1.195407748222351,7.31606912612915,-0.15785612165927887,9.912541389465332,-2.3762922286987305,9.484067916870117,-1.1374086141586304,8.03771686553955,0.22926630079746246,8.321786880493164,0.2708961069583893,6.1111226081848145,0.13681237399578094,4.540388584136963,0.018103821203112602,2.4623677730560303,0.0008597373962402344,2.0118863582611084,-0.06611082702875137,1.757861614227295,-0.048630356788635254,2.0769660472869873,-0.10202126950025558,2.505674123764038,-0.07416986674070358,2.3224334716796875,-0.013691575266420841,2.2771217823028564,-0.024790354073047638,2.1703290939331055,0.019996855407953262,1.8980251550674438,0.003890576073899865,1.6904155015945435,0.01305119413882494,1.459923505783081,0.002956308191642165,1.542051076889038,-0.011814676225185394,1.389883279800415,-0.0157491285353899,1.2231160402297974,-0.010465006344020367,1.6061110496520996,-0.02059917524456978,1.7492691278457642,-0.10574545711278915,1.446532130241394,2266.661376953125,621.9678955078125,2484.146484375,524.3966674804688,4976.662109375,1592.669189453125,7649.271484375,1608.1025390625,0.01179576013237238,0.013660995289683342,19.352603912353516,6.644147872924805,12.11739444732666,4.760237216949463,14.348222732543945,4.919694900512695,19.522510528564453,4.4055094718933105,19.117063522338867,3.949784278869629,16.993051528930664,2.3291730880737305,42.1915168762207,5.3252716064453125,0.06932463496923447,0.03815923258662224,0.18049561977386475,0.0499182865023613,0.003170198295265436,0.005257303826510906
spoof_2,Bass House_High Lead Growl,60,150.0,1,Spoof (AI),-96.36731719970703,48.273948669433594,60.25908279418945,29.68190574645996,0.12773095071315765,19.44457244873047,24.98434066772461,11.993595123291016,13.224117279052734,6.396671772003174,15.663663864135742,9.18143081665039,17.399682998657227,12.342415809631348,23.877269744873047,13.187821388244629,13.821709632873535,12.367027282714844,14.059577941894531,12.090195655822754,0.1416388601064682,12.943962097167969,7.420231342315674,10.706524848937988,-1.2218396663665771,7.56810998916626,6.357763290405273,7.666481018066406,9.97414779663086,7.6020894050598145,10.369561195373535,5.407342433929443,6.705295085906982,5.737329483032227,2.1764988899230957,5.819900989532471,-3.1479878425598145,7.544644355773926,-4.886502265930176,9.841729164123535,0.014140359126031399,11.174328804016113,-0.022971035912632942,6.8390727043151855,0.10310153663158417,4.73634672164917,0.08844249695539474,2.557293653488159,0.027041776105761528,1.3020334243774414,-0.017810367047786713,1.8436272144317627,-0.0011206732597202063,2.395860433578491,0.10197043418884277,2.729081630706787,0.0776587650179863,2.8377251625061035,-0.003623141208663583,2.7354416847229004,-0.1358117312192917,2.666311264038086,-0.1273321807384491,2.1101880073547363,-0.06505419313907623,1.4341202974319458,0.008362728171050549,1.2326745986938477,-0.015402530319988728,1.3477813005447388,-0.00640858756378293,1.163429617881775,0.05351627245545387,1.1304680109024048,0.027866430580615997,1.240931510925293,-0.039451632648706436,1.5227489471435547,-0.1024450734257698,1.8411433696746826,2584.4365234375,666.0202026367188,2816.170654296875,297.4876708984375,5938.2294921875,1435.8817138671875,8640.5966796875,763.39306640625,0.016527114436030388,0.015808330848813057,23.120107650756836,5.106851100921631,12.84965705871582,4.848343849182129,13.989432334899902,4.504326820373535,18.78569793701172,4.335586071014404,20.064016342163086,4.334153652191162,17.243276596069336,2.8320388793945312,40.03339767456055,3.9302124977111816,0.06657353043556213,0.03540569916367531,0.17456866800785065,0.03356026113033295,0.005642569623887539,0.0069986069574952126
spoof_2,Bass House_High Lead Growl,62,155.0,1,Spoof (AI),-104.04608917236328,40.43466567993164,73.93773651123047,31.228290557861328,-2.194467306137085,18.30206298828125,24.571077346801758,12.440693855285645,10.708109855651855,8.577550888061523,8.890148162841797,11.030823707580566,7.0216593742370605,13.174620628356934,8.365628242492676,12.988903045654297,4.665304183959961,13.30328369140625,15.015058517456055,12.830354690551758,8.056931495666504,10.823648452758789,18.646177291870117,7.659472465515137,2.953470230102539,7.75646448135376,2.5874955654144287,10.983257293701172,-0.08676622807979584,9.292357444763184,2.889298677444458,10.346212387084961,2.1662979125976562,7.864150524139404,0.20474345982074738,6.313132286071777,0.6452210545539856,6.468062400817871,3.8112151622772217,8.10266399383545,-0.43821981549263,8.284708023071289,0.20617228746414185,5.6995930671691895,-0.1796714812517166,4.115167140960693,-0.023594025522470474,2.805563449859619,-0.11553053557872772,1.5979371070861816,-0.04673435166478157,1.7746847867965698,-0.008243393152952194,2.325437068939209,-0.04380907118320465,2.231825351715088,-0.008332906290888786,2.470388412475586,0.07421208173036575,2.4220643043518066,0.0823637843132019,2.151155948638916,0.11700178682804108,1.798588514328003,0.04326021671295166,1.4793264865875244,-0.01079501025378704,1.3884707689285278,0.020219750702381134,1.2160590887069702,0.031567998230457306,1.292130947113037,0.01777760498225689,1.2866767644882202,0.0020565411541610956,1.176270842552185,0.09118083119392395,1.2293586730957031,0.08766481280326843,1.394603967666626,2409.105712890625,715.4053344726562,2675.698486328125,367.3681945800781,5499.2412109375,1602.3834228515625,8300.3515625,1133.3343505859375,0.01607775315642357,0.014645769260823727,19.550203323364258,6.875901222229004,12.06500244140625,4.298970699310303,13.98098087310791,4.6191558837890625,21.47799301147461,4.685608863830566,18.41428565979004,3.2690885066986084,17.897140502929688,2.631714105606079,41.25484848022461,4.281858921051025,0.06878662109375,0.038536880165338516,0.1527801901102066,0.04936905950307846,0.005070814397186041,0.0057580978609621525
spoof_2,Bass House_High Lead Growl,65,162.5,1,Spoof (AI),-98.20623016357422,49.03235626220703,102.59422302246094,25.827350616455078,-36.52354049682617,20.298114776611328,10.718194007873535,12.333788871765137,-9.717451095581055,14.653726577758789,-6.240250587463379,11.12081527709961,-2.8686296939849854,10.952107429504395,-3.880096673965454,10.70010757446289,-11.290741920471191,8.950265884399414,-8.28874683380127,7.769883632659912,-13.002411842346191,5.875830173492432,4.712507247924805,6.111546039581299,-5.305812358856201,5.991630554199219,0.9399490356445312,6.1646294593811035,7.597541332244873,8.356657028198242,11.653388977050781,8.301755905151367,6.005726337432861,8.640544891357422,2.3658437728881836,8.160276412963867,-1.7276698350906372,6.933284282684326,-3.2539608478546143,6.674395561218262,0.21885746717453003,8.02270221710205,-0.20441663265228271,4.852395057678223,0.024393506348133087,2.9841344356536865,-0.017153562977910042,2.388120651245117,0.12523315846920013,1.667258381843567,0.061441563069820404,1.5266046524047852,0.11861269921064377,1.501240611076355,0.10492191463708878,0.9274483323097229,0.11226873099803925,1.0611125230789185,-0.018163766711950302,1.0434619188308716,-0.007859386503696442,0.8349354267120361,0.013667464256286621,0.916704535484314,0.025167642161250114,0.9947615265846252,0.06786268949508667,0.7817249298095703,0.07488326728343964,1.2097009420394897,0.07844877243041992,1.4448596239089966,0.07829828560352325,1.598616600036621,0.03027968853712082,1.1643379926681519,0.04269828274846077,1.1209808588027954,-0.021865399554371834,1.2541990280151367,2048.24072265625,365.13958740234375,2164.177734375,388.1172790527344,4052.27978515625,849.0214233398438,6989.51806640625,1454.909912109375,0.011144805699586868,0.008080675266683102,14.665201187133789,5.641740322113037,14.938765525817871,3.9398505687713623,16.77534294128418,4.108831882476807,22.224828720092773,5.547690391540527,19.585996627807617,3.349883556365967,18.631908416748047,2.564548969268799,43.94316864013672,4.524177074432373,0.07675284147262573,0.02346746250987053,0.12471151351928711,0.041499800980091095,0.001528788125142455,0.0014459516387432814
spoof_2,Bass House_High Lead Growl,67,167.5,1,Spoof (AI),-44.58321762084961,28.209619522094727,65.06635284423828,23.895938873291016,-18.540157318115234,17.25067138671875,8.260445594787598,9.365534782409668,-2.662236213684082,8.889748573303223,-5.183635711669922,11.997337341308594,-4.7075605392456055,10.05737018585205,-3.18230938911438,9.93024730682373,-10.496041297912598,7.402907848358154,-5.899178981781006,7.957292079925537,-12.158150672912598,7.555675983428955,2.3577678203582764,6.525273323059082,-5.225997447967529,6.221579551696777,1.645756721496582,5.642845153808594,6.228616237640381,6.09760856628418,11.053885459899902,5.862573146820068,6.316284656524658,5.313819885253906,2.520650625228882,5.475891590118408,-2.0874712467193604,6.1163763999938965,-2.02658748626709,5.858916282653809,0.15972058475017548,4.737756252288818,0.19928573071956635,3.9067914485931396,0.13646438717842102,3.3311214447021484,0.07251986116170883,1.4684934616088867,0.03681642934679985,1.2549349069595337,-0.033561769872903824,1.7676897048950195,-0.06562530249357224,1.3239974975585938,-0.03283983841538429,1.0894414186477661,-0.032821450382471085,0.8776688575744629,-0.005780070088803768,1.0288946628570557,0.02727890945971012,1.0057488679885864,-0.03551856800913811,0.8174600601196289,-0.027622969821095467,0.9509150385856628,-0.06987687200307846,1.0056403875350952,-0.053995274007320404,0.9512444138526917,-0.06771095842123032,1.0735774040222168,-0.05223243311047554,0.8897525072097778,-0.06409194320440292,0.9485028386116028,-0.04755425080657005,1.164279818534851,0.020859863609075546,1.124533772468567,2932.548095703125,458.7980651855469,2744.8818359375,171.34808349609375,6275.03466796875,909.950439453125,8912.552734375,419.51708984375,0.04853155091404915,0.030240679159760475,15.10239028930664,4.99114465713501,12.137392044067383,4.380107879638672,14.411693572998047,3.961623430252075,20.74168586730957,4.920873641967773,19.415342330932617,3.2921042442321777,17.42461585998535,2.3914601802825928,39.937198638916016,3.4959707260131836,0.14455612003803253,0.04854132607579231,0.13480491936206818,0.028621278703212738,0.012794172391295433,0.011298797093331814
spoof_2,Bass House_High Lead Growl,70,175.0,1,Spoof (AI),-86.16529846191406,55.01710891723633,84.72489929199219,30.089235305786133,-9.422889709472656,16.878786087036133,28.509431838989258,18.282968521118164,16.843854904174805,8.211421012878418,19.73887062072754,8.328019142150879,15.635770797729492,9.704103469848633,15.860198020935059,10.20219612121582,5.315996170043945,9.140297889709473,10.268030166625977,7.329753398895264,2.7541699409484863,6.191100120544434,11.265715599060059,6.862453460693359,1.4708811044692993,6.942677021026611,5.776174068450928,5.214751243591309,7.789732933044434,6.445688247680664,12.138104438781738,6.093594551086426,8.959773063659668,5.634718418121338,4.49374532699585,6.342886447906494,1.1825549602508545,7.170577526092529,1.3482301235198975,6.075462341308594,0.5666157603263855,11.049407958984375,-0.08751048147678375,6.918470859527588,0.07216008752584457,4.022811412811279,0.04758752882480621,4.226276874542236,0.011786899529397488,1.7874928712844849,-0.04535646364092827,1.6734719276428223,-0.06262918561697006,2.0306451320648193,-0.0279206745326519,2.155020236968994,0.045832112431526184,1.9819217920303345,0.0010100272484123707,1.6563334465026855,-0.02740528993308544,1.3761885166168213,-0.08666246384382248,1.567304015159607,-0.052757635712623596,1.5652830600738525,-0.02826227992773056,1.0550363063812256,-0.05909477174282074,1.3111655712127686,-0.04460733011364937,1.33530592918396,-0.003852689638733864,1.1509525775909424,-0.003758925013244152,1.2853940725326538,-0.018679162487387657,1.499880313873291,-0.011563018895685673,1.3108932971954346,2014.1812744140625,624.1679077148438,2479.0283203125,408.9358825683594,4665.7763671875,1486.18603515625,7637.408203125,1452.22119140625,0.010594433173537254,0.011264177970588207,20.863059997558594,5.0868682861328125,9.050882339477539,4.043613433837891,14.033318519592285,4.1063361167907715,17.377471923828125,4.052062511444092,17.041933059692383,3.4062039852142334,16.783050537109375,2.4289283752441406,41.133277893066406,4.9193010330200195,0.0441487617790699,0.02397768385708332,0.21706454455852509,0.029455801472067833,0.002335533034056425,0.002941007958725095
spoof_2,Bass House_High Lead Growl,73,182.5,1,Spoof (AI),-87.43116760253906,33.25516128540039,78.26487731933594,24.810115814208984,-4.471045970916748,11.266528129577637,31.998294830322266,13.24488639831543,21.36515235900879,6.156424522399902,17.71623420715332,8.76984691619873,13.354772567749023,9.248208045959473,12.711767196655273,8.03875732421875,4.23799467086792,7.142700672149658,9.004572868347168,6.082853317260742,1.0554732084274292,5.250019073486328,14.04566764831543,7.066552639007568,3.0051281452178955,6.3111252784729,6.793088912963867,6.155450344085693,7.439812183380127,4.686890602111816,9.143983840942383,6.614196300506592,6.640824317932129,6.995441436767578,2.1709048748016357,5.503232002258301,0.026512516662478447,5.250757217407227,3.6014418601989746,5.356018543243408,-0.5059826970100403,6.2499823570251465,0.09939093887805939,5.12772798538208,-0.08089752495288849,2.2883753776550293,-0.011504610069096088,2.9908289909362793,-0.019125472754240036,1.1654257774353027,-0.07942093908786774,1.397835612297058,0.0025631499011069536,1.823663592338562,0.04034316912293434,1.625636339187622,0.057497650384902954,1.4493016004562378,0.09836335480213165,0.8683051466941833,0.07085582613945007,1.089987874031067,0.16016922891139984,1.261270523071289,0.08466199785470963,1.1733264923095703,0.027171285822987556,1.0269577503204346,0.07407184690237045,0.9187009334564209,0.015690824016928673,1.2446625232696533,0.0055666896514594555,1.2840485572814941,-0.05427025258541107,1.0934799909591675,-0.03228950500488281,1.1149009466171265,0.011927477084100246,0.9903408288955688,2135.9462890625,464.45977783203125,2600.27685546875,293.8978271484375,4911.962890625,1189.7030029296875,8109.59375,896.5228881835938,0.008013946935534477,0.007349725812673569,20.856443405151367,4.490925312042236,11.958379745483398,4.332188129425049,14.829156875610352,3.745030164718628,19.957054138183594,3.770341634750366,18.590904235839844,3.5458946228027344,17.907588958740234,2.586881399154663,41.16311264038086,4.011984348297119,0.04671676084399223,0.01591329276561737,0.20435599982738495,0.037496037781238556,0.0019359897123649716,0.002060954226180911
spoof_3,Hybrid Trap_Hybrid Trap Isoxo (1),0,0.0,1,Spoof (AI),-199.86737060546875,130.26771545410156,83.71415710449219,48.98774337768555,-36.44186782836914,48.00481414794922,16.14243507385254,12.213556289672852,-3.9170007705688477,18.387054443359375,3.891514301300049,9.995306968688965,7.161678791046143,12.01615047454834,8.387770652770996,9.052902221679688,-4.881993770599365,9.546465873718262,7.937562942504883,7.517735004425049,6.000993728637695,7.285804271697998,13.319765090942383,7.210775852203369,2.9031572341918945,7.957301616668701,2.7460694313049316,8.95743465423584,-2.534640312194824,9.52362060546875,-1.8173960447311401,6.758082389831543,-4.919497013092041,8.288620948791504,-2.2690389156341553,9.144235610961914,2.3057947158813477,7.92845344543457,14.070015907287598,7.755590915679932,1.7265185117721558,7.467902660369873,0.343964159488678,5.2321929931640625,-0.4541827440261841,3.0909857749938965,-0.03433382138609886,1.6841689348220825,-0.13395200669765472,1.3814891576766968,0.0007615972426719964,1.258684515953064,-0.03899175301194191,1.3761765956878662,-0.02508886717259884,1.2563039064407349,-0.09875573962926865,1.1502526998519897,-0.03745188191533089,1.2009174823760986,-0.022293904796242714,1.160705804824829,0.028581805527210236,1.0808206796646118,0.017565341666340828,1.1827824115753174,0.022388987243175507,1.2715342044830322,-0.008666126988828182,1.0604069232940674,-0.004235965199768543,0.9085652232170105,0.04690252244472504,1.1730135679244995,0.048482026904821396,1.2356868982315063,0.04795372486114502,1.1806038618087769,0.04902161657810211,1.2794724702835083,2222.39013671875,1061.314208984375,1939.8876953125,727.4882202148438,4050.6845703125,2046.866455078125,6266.71044921875,2499.64013671875,0.01579270511865616,0.0219266377389431,18.19778823852539,6.036869049072266,11.907588005065918,3.3469014167785645,14.673017501831055,4.392398834228516,20.330747604370117,4.594452381134033,21.1129093170166,3.5366570949554443,17.662799835205078,3.413835287094116,45.87815475463867,6.374624252319336,0.10191288590431213,0.056970659643411636,0.09556927531957626,0.054807718843221664,0.005261402111500502,0.013832838274538517
spoof_3,Hybrid Trap_Hybrid Trap Isoxo (1),2,5.0,1,Spoof (AI),-110.09420013427734,43.97875213623047,36.34681701660156,14.96042251586914,-43.96273422241211,34.87461471557617,18.727741241455078,14.291845321655273,-2.963806629180908,22.498380661010742,8.688675880432129,12.710405349731445,5.533962726593018,14.249133110046387,10.22640609741211,11.490548133850098,1.7778749465942383,13.954036712646484,11.929390907287598,14.09943675994873,5.688465118408203,13.479595184326172,9.421727180480957,8.391463279724121,-0.8534755110740662,7.528590202331543,-3.0598766803741455,9.415177345275879,-2.2149550914764404,9.835103988647461,4.887258052825928,5.743066787719727,4.029377460479736,8.457432746887207,3.9629335403442383,11.835050582885742,-0.11307384073734283,13.1216459274292,10.242447853088379,8.467656135559082,0.006321306806057692,3.2840001583099365,-0.11165885627269745,2.1100986003875732,0.17388390004634857,2.0125489234924316,0.06199471279978752,1.2019752264022827,0.01741660013794899,1.3974088430404663,-0.026400549337267876,1.055727481842041,-0.07250087708234787,1.2284995317459106,-0.06236311420798302,1.2284690141677856,0.018512461334466934,1.0941925048828125,0.06603328138589859,1.0215741395950317,0.0746731385588646,1.0831183195114136,0.0061271777376532555,1.151142954826355,-0.0077114347368478775,1.2960500717163086,-0.07839704304933548,1.1753431558609009,-0.06916817277669907,1.2336190938949585,-0.024108974263072014,0.9111316204071045,0.0483931340277195,1.0661555528640747,-0.0319831557571888,1.2179008722305298,-0.13152284920215607,1.2797150611877441,-0.13199670612812042,1.0697416067123413,3008.379638671875,293.857177734375,2463.2705078125,468.8958740234375,5769.5029296875,1069.119140625,8134.31689453125,1120.830810546875,0.024243906140327454,0.015156942419707775,19.572769165039062,6.250123977661133,12.513103485107422,4.309374809265137,17.16716194152832,4.619391918182373,19.76751136779785,4.83919620513916,19.35100746154785,4.395917892456055,18.06081199645996,4.030974864959717,44.574989318847656,5.93603515625,0.13226318359375,0.06282727420330048,0.11432497948408127,0.05991449952125549,0.0047998856753110886,0.00458489777520299
spoof_3,Hybrid Trap_Hybrid Trap Isoxo (1),5,12.5,1,Spoof (AI),-84.84912109375,30.495973587036133,66.29290008544922,20.027339935302734,-19.674741744995117,10.950814247131348,31.800920486450195,8.280553817749023,4.889471530914307,8.984166145324707,9.22249698638916,9.330679893493652,8.766328811645508,9.189530372619629,11.420875549316406,9.206037521362305,1.6813292503356934,8.518807411193848,6.602199554443359,8.507207870483398,-3.876861810684204,7.565267562866211,1.6778044700622559,7.615623950958252,-2.7880215644836426,7.403847694396973,2.121946096420288,7.561431884765625,3.88564395904541,7.642167568206787,9.723588943481445,7.316267490386963,3.7913312911987305,7.9697184562683105,6.471524238586426,8.428781509399414,3.38405179977417,8.425345420837402,2.0200321674346924,5.918816089630127,0.227469801902771,6.264496326446533,-0.18918952345848083,3.874697208404541,-0.11269267648458481,1.1521481275558472,-0.07218755036592484,1.45121169090271,-0.008083842694759369,1.1701970100402832,-0.07939815521240234,0.9330353140830994,-0.11450739949941635,0.840204656124115,-0.12757112085819244,0.7782876491546631,-0.1015598326921463,0.9921290874481201,-0.09439209848642349,1.1318082809448242,-0.012652900069952011,1.0073212385177612,0.016629837453365326,1.0092531442642212,0.013546837493777275,1.0655461549758911,-0.10186098515987396,1.3465105295181274,-0.08175267279148102,1.3161596059799194,-0.032760802656412125,1.0628108978271484,-0.06334282457828522,1.1557085514068604,-0.0488256998360157,1.5876197814941406,0.011220530606806278,1.6775124073028564,0.044318296015262604,1.0969287157058716,2677.732666015625,462.1709289550781,2523.66552734375,265.5229187011719,5454.47998046875,944.6118774414062,8135.41357421875,928.7822265625,0.03024173155426979,0.02384619042277336,18.327674865722656,5.270576000213623,12.699666976928711,3.599302053451538,16.17343521118164,3.8533315658569336,21.620899200439453,4.035276412963867,19.813140869140625,2.982795476913452,18.097578048706055,2.4033286571502686,43.307533264160156,4.1775712966918945,0.11912479996681213,0.04048064723610878,0.11894284188747406,0.04483761638402939,0.005534939933568239,0.0052467212080955505
spoof_3,Hybrid Trap_Hybrid Trap Isoxo (1),8,20.0,1,Spoof (AI),-71.22830963134766,22.961992263793945,53.38053894042969,26.516345977783203,-16.947593688964844,14.103169441223145,21.275096893310547,15.592873573303223,-0.6198006868362427,13.49305534362793,-0.30013981461524963,13.196032524108887,3.221249580383301,11.226512908935547,5.282824516296387,12.041437149047852,-2.822157144546509,11.85753345489502,2.420759439468384,8.647936820983887,-2.1773438453674316,6.692566394805908,2.5268187522888184,8.714869499206543,-2.8391783237457275,8.729829788208008,0.23544424772262573,7.932618141174316,2.3649983406066895,6.787452220916748,7.263385772705078,5.793802261352539,1.1764806509017944,5.960205554962158,5.522582530975342,5.830648422241211,5.099274635314941,5.959221839904785,4.9943389892578125,5.018336772918701,-0.01755296252667904,4.550647735595703,-0.20695124566555023,2.7434535026550293,-0.02347414568066597,1.4232971668243408,-0.1048780083656311,1.0406804084777832,-0.056545522063970566,0.9922634363174438,-0.06365708261728287,1.033951997756958,-0.054968833923339844,0.9699709415435791,-0.07738956063985825,0.7793459892272949,-0.04610583186149597,0.8417524695396423,-0.02080434560775757,0.7830315828323364,0.018284210935235023,0.9031993746757507,-0.1011725515127182,0.8386570811271667,-0.053889259696006775,0.9428644776344299,-0.04023967683315277,0.9268548488616943,-0.005021505989134312,1.0283125638961792,-0.0456978939473629,0.9488316774368286,-0.023113472387194633,0.898423433303833,0.05930151790380478,1.0508062839508057,0.07186927646398544,1.0897271633148193,0.03311620652675629,0.8821863532066345,2994.038818359375,640.4721069335938,2700.144775390625,196.14089965820312,6161.1875,1061.903076171875,8769.646484375,749.791259765625,0.047106485813856125,0.03504682332277298,17.97997283935547,6.271848201751709,12.270464897155762,3.4300732612609863,15.257462501525879,4.061575889587402,20.409650802612305,3.7322676181793213,19.843181610107422,3.0188753604888916,17.919462203979492,2.378507614135742,41.53434371948242,3.3789021968841553,0.14157669246196747,0.06819012761116028,0.1310768574476242,0.056428201496601105,0.013341539539396763,0.012468007393181324
spoof_3,Hybrid Trap_Hybrid Trap Isoxo (1),10,25.0,1,Spoof (AI),-63.15202713012695,20.43703269958496,55.805763244628906,12.808303833007812,-6.417282581329346,9.701150894165039,25.243045806884766,7.793774604797363,5.295507431030273,7.905425071716309,6.867999076843262,8.234619140625,7.307562828063965,9.14421272277832,13.48825454711914,9.15274429321289,9.190116882324219,7.871908664703369,17.182907104492188,9.01693344116211,10.288410186767578,8.867889404296875,11.488142967224121,6.875061988830566,1.6544851064682007,7.513647079467773,-0.8208188414573669,9.261892318725586,1.1839005947113037,8.811678886413574,8.670790672302246,6.2535529136657715,2.0279757976531982,4.601885795593262,1.7651751041412354,5.99134635925293,-0.4843102991580963,8.397968292236328,6.233270645141602,7.308578968048096,0.0326286144554615,3.2367944717407227,0.08970542252063751,2.0391337871551514,0.01070328988134861,1.8064547777175903,0.13322599232196808,1.2947295904159546,0.06588242948055267,1.292020559310913,0.07227171957492828,1.1650680303573608,-0.02216949313879013,1.171878695487976,0.05849551409482956,1.2842681407928467,0.1313079297542572,1.0873889923095703,0.1267714500427246,0.9420007467269897,0.06092311814427376,0.9330934882164001,0.06928645819425583,1.0771288871765137,0.03856451436877251,1.1657482385635376,-0.007010592147707939,1.094537615776062,0.02109381929039955,0.9260420203208923,-0.008739286102354527,0.8733444809913635,-0.027775058522820473,0.8530963063240051,-0.09271778911352158,0.9896741509437561,-0.06876202672719955,1.4081799983978271,0.0033511961810290813,1.1670188903808594,2934.599609375,408.34490966796875,2801.500732421875,118.985107421875,6311.97021484375,587.2154541015625,8902.5341796875,358.6437072753906,0.03161323815584183,0.024527814239263535,19.952556610107422,5.556029796600342,11.590157508850098,3.483673334121704,13.55086898803711,3.166203498840332,18.79638671875,4.258482456207275,19.04158592224121,3.3014285564422607,18.13102149963379,2.6948046684265137,42.30644989013672,3.423671245574951,0.1089952290058136,0.057978350669145584,0.1648922711610794,0.058138664811849594,0.008138652890920639,0.00717505207285285
spoof_3,Hybrid Trap_Hybrid Trap Isoxo (1),13,32.5,1,Spoof (AI),-81.87715911865234,18.1756534576416,50.64286422729492,13.060628890991211,-8.125265121459961,8.500508308410645,31.127174377441406,6.077336311340332,2.8148722648620605,6.401003837585449,6.18218994140625,5.2781500816345215,6.496608257293701,7.753576278686523,19.363773345947266,6.983281135559082,17.179336547851562,6.18559455871582,25.866422653198242,10.04210090637207,13.972424507141113,12.118191719055176,11.438194274902344,8.79006290435791,-1.4519104957580566,9.196951866149902,-0.032929737120866776,9.727232933044434,-1.91140615940094,9.630002975463867,6.61119270324707,6.223859786987305,2.12835955619812,5.320639610290527,1.862392544746399,5.739083290100098,2.7543163299560547,8.105141639709473,11.390486717224121,11.761211395263672,-0.06797052174806595,2.7966203689575195,-0.032899707555770874,1.6149404048919678,0.01594378799200058,1.3573780059814453,0.010272652842104435,0.8795791268348694,-0.004007198382169008,0.9223800897598267,0.05056002363562584,0.732420802116394,0.10416746139526367,0.8981490731239319,0.07052597403526306,1.106492519378662,-0.01734471693634987,0.8941221833229065,-0.10795170068740845,0.8788473606109619,-0.09044904261827469,1.343182921409607,0.02089652791619301,1.2118659019470215,0.15302763879299164,1.066910743713379,0.10911201685667038,1.0460823774337769,-0.021654125303030014,1.0595091581344604,-0.03490971773862839,0.8234393000602722,-0.011796973645687103,0.9381765127182007,-0.08284174650907516,0.8052190542221069,-0.06650438159704208,1.143205165863037,0.1286294162273407,1.366873025894165,2936.615478515625,283.6545715332031,2717.345703125,105.63066864013672,6139.056640625,436.4212341308594,8614.029296875,291.7301940917969,0.023688266053795815,0.011946506798267365,21.959434509277344,4.765927791595459,13.578702926635742,4.06276798248291,13.468457221984863,2.954270839691162,21.668771743774414,5.199806213378906,20.854066848754883,4.031832695007324,19.092700958251953,2.7423808574676514,43.83907699584961,3.5214874744415283,0.11882414668798447,0.04506067559123039,0.1405779868364334,0.044694505631923676,0.006019893102347851,0.0031125687528401613
spoof_3,Hybrid Trap_Hybrid Trap Isoxo (1),16,40.0,1,Spoof (AI),-108.53583526611328,24.63226318359375,45.09379577636719,17.155656814575195,-26.23304557800293,16.00821304321289,12.561285972595215,15.4299898147583,-8.869376182556152,15.206809043884277,-10.827376365661621,14.184305191040039,-7.41462516784668,13.440411567687988,-3.369049072265625,12.85085678100586,-9.504631996154785,12.705053329467773,4.418510913848877,12.01673412322998,3.0887532234191895,11.02954387664795,4.250506401062012,11.40156078338623,-5.019021511077881,7.983845233917236,2.8550522327423096,8.15066909790039,3.6257386207580566,7.12035608291626,12.72967529296875,6.725139141082764,8.955971717834473,7.303597450256348,11.22927188873291,7.7622504234313965,7.725341320037842,8.027972221374512,5.042403221130371,9.47406005859375,-0.2733928859233856,3.660936117172241,-0.05902601033449173,1.9503471851348877,-0.0048604849725961685,1.3851622343063354,-0.11205800622701645,1.0844550132751465,-0.11115898191928864,0.9814727902412415,-0.16376565396785736,0.8937978744506836,-0.1469922661781311,0.8632524013519287,-0.1543567031621933,0.863537073135376,-0.21477095782756805,1.228868842124939,-0.14395396411418915,1.2390813827514648,-0.11707373708486557,1.1638736724853516,-0.10223720967769623,0.983163058757782,-0.038579054176807404,1.015039324760437,0.006263397168368101,1.4336400032043457,0.018125835806131363,1.440039873123169,0.08355135470628738,1.3441870212554932,0.045652374625205994,1.396193504333496,0.08723331242799759,1.5609188079833984,0.04192875325679779,1.1423598527908325,0.003387168515473604,1.4991499185562134,3026.44921875,358.9340515136719,2666.018798828125,111.72391510009766,6163.28125,635.5906982421875,8781.0107421875,366.8484191894531,0.03312652185559273,0.02305447869002819,16.88062858581543,6.3964433670043945,11.257364273071289,3.575566291809082,16.931495666503906,4.822300434112549,21.545305252075195,3.9049789905548096,21.069091796875,3.2218029499053955,19.61760902404785,2.309051752090454,43.806514739990234,3.348353147506714,0.14540834724903107,0.04377426952123642,0.09353473782539368,0.034197669476270676,0.009553198702633381,0.006682457402348518
spoof_3,Hybrid Trap_Hybrid Trap Isoxo (1),19,47.5,1,Spoof (AI),-37.035987854003906,25.83185577392578,59.00175857543945,14.093948364257812,-11.958915710449219,6.603317737579346,19.585508346557617,6.19048547744751,-0.011306418105959892,4.254039287567139,3.1897144317626953,5.384334087371826,2.1428442001342773,6.1820783615112305,4.097232341766357,4.824032306671143,-3.201028347015381,4.815524578094482,3.5913991928100586,6.414243698120117,-1.4718526601791382,6.6760783195495605,4.492215156555176,5.6596221923828125,-1.3306317329406738,4.742485046386719,4.985899925231934,5.089230060577393,4.579624176025391,6.166389465332031,7.5937676429748535,6.574208736419678,-0.963215708732605,5.910453796386719,-0.4278618097305298,6.186200141906738,-3.592878580093384,7.030648231506348,0.6059115529060364,6.400166988372803,0.01631711982190609,3.9609591960906982,-0.07343000918626785,1.9373961687088013,-0.06511006504297256,1.0357666015625,0.022236594930291176,1.0468354225158691,0.003498704405501485,0.7321923971176147,-0.08483114838600159,0.7315691113471985,-0.09840675443410873,0.8691316246986389,-0.01231592707335949,0.7439627051353455,0.017497381195425987,0.7651633024215698,-0.0411267913877964,0.8012649416923523,-0.05341952294111252,0.8105258941650391,-0.049781616777181625,0.8131818175315857,-0.004465025849640369,0.823756992816925,-0.03981081768870354,0.8756611943244934,-0.04535842686891556,1.0200285911560059,-0.04859132692217827,1.0516924858093262,-0.055053386837244034,0.9463022351264954,-0.08487790077924728,0.8484451770782471,-0.07951224595308304,1.0604630708694458,-0.052772726863622665,0.9340858459472656,3174.518798828125,368.3923645019531,2782.099609375,116.88799285888672,6565.43359375,655.0899658203125,8994.9970703125,341.7171630859375,0.0759417936205864,0.0382588654756546,16.333627700805664,6.345236301422119,10.757485389709473,4.239741325378418,14.010181427001953,3.853409767150879,18.30548858642578,4.169701099395752,18.254562377929688,2.736212730407715,16.897106170654297,2.050715208053589,40.69816970825195,3.379316568374634,0.16339562833309174,0.04025546461343765,0.11953025311231613,0.01432712934911251,0.018532346934080124,0.012588998302817345
spoof_3,Hybrid Trap_Hybrid Trap Isoxo (1),21,52.5,1,Spoof (AI),-68.71724700927734,43.73042678833008,62.33572769165039,20.161378860473633,-5.988008975982666,14.001571655273438,30.876399993896484,13.029319763183594,12.257377624511719,8.873318672180176,16.18769645690918,10.22018814086914,13.20734977722168,9.09630012512207,13.030107498168945,8.329888343811035,3.6071054935455322,7.016461372375488,7.431116104125977,6.3180413246154785,0.9885748624801636,5.637476444244385,8.311196327209473,5.053664207458496,1.657318115234375,5.486567974090576,4.260157108306885,4.6099467277526855,5.437589645385742,5.079384803771973,9.913866996765137,6.2117486000061035,4.477819919586182,8.325416564941406,8.076801300048828,9.34251880645752,4.404378890991211,8.921197891235352,5.049118995666504,5.920964241027832,-0.38953953981399536,9.128700256347656,0.2543882727622986,4.1879119873046875,0.1452549248933792,2.5538017749786377,0.12178150564432144,2.6005921363830566,0.09171349555253983,1.441439151763916,0.10672885924577713,1.1271666288375854,0.081812284886837,0.9824579358100891,0.07091030478477478,0.8194074630737305,0.09592810273170471,0.8322716355323792,0.04304274916648865,0.9677779674530029,0.02690112590789795,0.8244609832763672,0.02202797308564186,0.7258609533309937,-0.026913193985819817,1.0452297925949097,-0.018127718940377235,0.845943033695221,0.03604539856314659,0.7989683747291565,0.0681498646736145,1.1626523733139038,0.08218426257371902,1.3327308893203735,0.09809262305498123,1.387224793434143,0.11776970326900482,1.239571452140808,0.006696171127259731,1.1035058498382568,2665.314697265625,612.93701171875,2755.77734375,273.8740234375,5927.16357421875,1103.6632080078125,8595.0380859375,924.2052612304688,0.02836689166724682,0.03125081583857536,21.88092613220215,6.307447910308838,12.96082592010498,4.257412910461426,13.420819282531738,3.817263603210449,17.434471130371094,5.3147053718566895,15.562280654907227,3.4163992404937744,15.308834075927734,2.5466065406799316,40.42289352416992,3.9691011905670166,0.07326479256153107,0.058458369225263596,0.20333710312843323,0.058089543133974075,0.006049811840057373,0.006596490275114775
spoof_3,Hybrid Trap_Hybrid Trap Isoxo (1),24,60.0,1,Spoof (AI),-85.59500122070312,42.16037368774414,59.710105895996094,20.80280303955078,-8.690386772155762,12.614259719848633,34.12444305419922,12.166529655456543,10.211992263793945,11.482144355773926,15.59866714477539,11.54902458190918,14.1763916015625,8.071002006530762,14.976141929626465,5.988039493560791,2.698965549468994,7.453042030334473,7.430571556091309,5.432677745819092,0.9975367188453674,4.669248104095459,9.625358581542969,4.138147354125977,4.462789535522461,5.105478763580322,5.652326583862305,5.282519340515137,3.467902183532715,5.724556922912598,9.188549041748047,7.593924045562744,5.022562503814697,8.764144897460938,8.581058502197266,9.055721282958984,7.574878692626953,7.197380065917969,8.329392433166504,7.707296371459961,-0.2512787878513336,8.30418872833252,-0.07350465655326843,4.084001064300537,-0.3000504970550537,2.239269495010376,-0.118778295814991,2.241565227508545,-0.13515663146972656,1.2671945095062256,-0.06603386998176575,1.1645418405532837,0.00936724990606308,1.1248857975006104,0.00697704590857029,1.0278046131134033,-0.03166089951992035,0.990334153175354,-0.06172088161110878,0.8654351234436035,-0.05547337234020233,0.8320602178573608,-0.015585034154355526,0.7513623237609863,-0.04443186894059181,0.7908796072006226,-0.024514401331543922,0.8469418287277222,-0.02814938873052597,0.7561480402946472,0.031191207468509674,1.230404019355774,-0.01272289827466011,1.465867042541504,0.020283035933971405,1.5159162282943726,0.02205847017467022,1.401178240776062,0.03285172954201698,1.2869833707809448,2642.479736328125,546.9819946289062,2694.388671875,252.44920349121094,5750.3125,1016.7635498046875,8440.517578125,811.7029418945312,0.024195099249482155,0.030434779822826385,21.469799041748047,6.330053329467773,13.124748229980469,4.018927574157715,13.614405632019043,3.863664388656616,19.161544799804688,5.00362491607666,17.44173812866211,3.6760051250457764,16.39740753173828,2.5905091762542725,41.5498161315918,3.3930890560150146,0.07293248921632767,0.05377887561917305,0.18386046588420868,0.07694537192583084,0.005271345376968384,0.008152144961059093
spoof_3,Hybrid Trap_Hybrid Trap Isoxo (1),27,67.5,1,Spoof (AI),-64.13532257080078,31.451976776123047,47.729225158691406,27.28983497619629,-9.983613014221191,23.319364547729492,30.836109161376953,16.02776527404785,7.446460723876953,13.316102027893066,10.453267097473145,10.735807418823242,11.485150337219238,10.580170631408691,15.00863265991211,7.6929144859313965,13.000714302062988,8.613045692443848,16.868797302246094,8.944097518920898,10.486344337463379,8.29450798034668,11.329747200012207,7.147105693817139,1.2710511684417725,6.409876346588135,0.4282558560371399,8.71953296661377,2.157073736190796,7.335474014282227,9.047989845275879,5.4618754386901855,1.9625359773635864,5.1358747482299805,2.887454032897949,4.719632148742676,3.0665371417999268,6.358189105987549,11.35600471496582,7.956450939178467,0.28561750054359436,5.634627819061279,0.3023042380809784,4.527176380157471,0.22821137309074402,3.773651123046875,0.14988897740840912,2.5703165531158447,0.022480232641100883,2.0365028381347656,-0.03870057314634323,1.9814022779464722,-0.06733663380146027,2.224693775177002,-0.09702625125646591,1.4715079069137573,-0.09485848993062973,1.5335816144943237,-0.03280167654156685,1.8109287023544312,-0.023957865312695503,1.8341996669769287,-0.014829002320766449,1.413421392440796,0.018275054171681404,1.0299581289291382,0.0247593242675066,1.5658059120178223,0.00015703671670053154,1.3617916107177734,0.010607684031128883,0.9446650147438049,0.015113653615117073,0.8515807390213013,0.008052218705415726,0.9293296337127686,0.0027724592946469784,1.1387302875518799,0.0479215607047081,1.666730523109436,2836.993408203125,513.0177612304688,2789.974853515625,175.9759979248047,6085.87158203125,767.5678100585938,8813.1611328125,507.1167297363281,0.02467411570250988,0.04080972075462341,22.429384231567383,6.402036190032959,11.478909492492676,3.605654001235962,12.56400203704834,3.612919569015503,18.395658493041992,4.633703708648682,17.10184097290039,3.245863437652588,15.93595027923584,2.4239003658294678,41.13369369506836,4.055543899536133,0.06095603480935097,0.06242765113711357,0.22738124430179596,0.05416662618517876,0.006014461163431406,0.01057023648172617
spoof_3,Hybrid Trap_Hybrid Trap Isoxo (1),29,72.5,1,Spoof (AI),-62.627628326416016,29.585460662841797,57.89749526977539,19.843111038208008,-4.088012218475342,15.51934814453125,32.493492126464844,10.934831619262695,8.79513168334961,8.426027297973633,11.06765365600586,7.058442115783691,11.98784065246582,7.2008161544799805,12.456429481506348,6.921490669250488,8.723176956176758,9.589038848876953,13.203736305236816,10.095457077026367,8.294577598571777,8.579949378967285,12.440357208251953,6.1564717292785645,3.118201971054077,7.148592948913574,2.538459539413452,8.436919212341309,4.928142547607422,7.4346022605896,10.123414993286133,5.91235876083374,0.873964250087738,5.174561023712158,1.6152626276016235,5.582026958465576,4.169742584228516,6.1569719314575195,9.800533294677734,7.008352756500244,-0.40832439064979553,4.608140468597412,0.2346559464931488,4.196727752685547,0.022694729268550873,3.166809320449829,0.02292110212147236,2.231947183609009,-0.059202052652835846,1.426781177520752,-0.11997159570455551,1.0151925086975098,-0.0958315059542656,1.4291749000549316,-0.07734053581953049,1.1547096967697144,-0.1075349897146225,1.4081411361694336,-0.039219941943883896,1.6119041442871094,0.011856241151690483,1.5099085569381714,0.014272941276431084,1.2911258935928345,0.027312859892845154,1.1136252880096436,0.020624646916985512,1.3452682495117188,-0.06959298253059387,1.3190672397613525,-0.0964789018034935,1.2665315866470337,-0.129862979054451,1.0987991094589233,-0.03042854554951191,1.0410175323486328,0.08223633468151093,1.0245838165283203,0.08298758417367935,1.365955114364624,2746.08837890625,436.72509765625,2792.056396484375,180.6781463623047,6008.0126953125,771.8876953125,8778.9169921875,537.710205078125,0.022690018638968468,0.029649950563907623,21.971403121948242,5.7756171226501465,11.655655860900879,3.851438045501709,13.388582229614258,3.9344990253448486,18.831602096557617,4.96533727645874,17.103797912597656,3.546111583709717,16.690927505493164,2.52750301361084,41.008365631103516,3.8769712448120117,0.0649278461933136,0.04869558662176132,0.21202847361564636,0.06527958810329437,0.005346090067178011,0.008103550411760807
spoof_3,Hybrid Trap_Hybrid Trap Isoxo (1),32,80.0,1,Spoof (AI),-50.78559875488281,19.88518714904785,63.97037887573242,11.718277931213379,-25.680185317993164,7.2640275955200195,17.25935173034668,9.289237976074219,6.200443267822266,7.68812894821167,10.28215217590332,6.365427494049072,13.130045890808105,4.954431056976318,14.066248893737793,5.1968092918396,5.176743507385254,5.550420761108398,8.778735160827637,4.732753753662109,1.1150912046432495,4.552319526672363,8.968427658081055,4.8196868896484375,1.658017635345459,4.374363422393799,3.595693349838257,5.605876445770264,4.166131973266602,5.652831554412842,7.053909778594971,5.444675445556641,0.5669674873352051,4.739633560180664,0.9489181637763977,4.213757514953613,-0.23771540820598602,4.697529315948486,6.54782772064209,4.509160995483398,0.09295021742582321,3.229400396347046,-0.07830340415239334,1.7214893102645874,-0.10367032140493393,1.2313487529754639,-0.1279670000076294,1.380885124206543,-0.08316869288682938,0.8394284844398499,-0.04019678384065628,0.8144264221191406,-0.023530885577201843,0.7220630049705505,-0.002001479733735323,0.9163154363632202,0.008206363767385483,0.7264142632484436,0.013558436185121536,0.7105547189712524,-0.001653620507568121,0.7834914922714233,0.03184609115123749,0.7862057685852051,-0.00905685406178236,0.7309598326683044,-0.01809314265847206,0.9034968614578247,-0.018283536657691002,0.8173810839653015,-0.05358818545937538,0.7821890115737915,-0.006581063847988844,0.6647534370422363,-0.028345253318548203,0.6672717928886414,0.007896729744970798,0.6633892059326172,-0.021899165585637093,0.7199509739875793,2779.532958984375,284.1363830566406,2639.451416015625,104.48467254638672,5761.029296875,601.2310180664062,8660.484375,359.56280517578125,0.034797634929418564,0.024082913994789124,21.833782196044922,5.567958354949951,12.441039085388184,3.959177255630493,13.479698181152344,3.381349563598633,18.04845428466797,4.435049057006836,17.8055362701416,3.606377601623535,16.531782150268555,2.6537394523620605,41.30607986450195,3.1117467880249023,0.09697581827640533,0.044107191264629364,0.14752037823200226,0.03684556856751442,0.006732200738042593,0.004960490390658379
spoof_3,Hybrid Trap_Hybrid Trap Isoxo (1),35,87.5,1,Spoof (AI),-49.82727813720703,25.21455955505371,60.73074722290039,8.173020362854004,-12.143876075744629,8.764409065246582,21.414356231689453,6.243348598480225,6.37232780456543,4.657733917236328,9.820100784301758,4.963476181030273,11.336058616638184,5.049949645996094,11.66463851928711,4.785362720489502,4.116260528564453,4.6837286949157715,5.349124431610107,5.616255283355713,-0.7847548127174377,4.992316246032715,8.893004417419434,5.476178169250488,3.986955404281616,5.35243558883667,5.626299858093262,4.79647159576416,6.479172229766846,4.781872272491455,8.704521179199219,4.159451484680176,3.0322039127349854,4.259241104125977,2.7533116340637207,4.204590797424316,-0.9878107905387878,4.582256317138672,4.471625804901123,5.524619102478027,-0.12620653212070465,4.2731523513793945,-0.13007915019989014,1.5071979761123657,0.02131211757659912,1.7324724197387695,0.08495253324508667,1.1890864372253418,0.03185880929231644,0.8581123352050781,0.025031058117747307,0.817470133304596,-0.006497762631624937,0.795864462852478,-0.02010948583483696,0.7686001062393188,-0.02488262765109539,0.8291499018669128,-0.052889760583639145,0.8663513660430908,-0.03129951283335686,0.8229039907455444,-0.03675040230154991,0.8793697357177734,-0.002128702588379383,0.8900126814842224,-0.007147400639951229,0.8506923913955688,-0.0146793769672513,0.8441895842552185,0.02455442026257515,0.718799352645874,-0.00930706039071083,0.7649455666542053,-0.007960649207234383,0.7630099058151245,0.00048503722064197063,0.8155765533447266,0.01110121514648199,0.9132293462753296,2946.01806640625,215.5666961669922,2819.7646484375,113.91349792480469,6360.7685546875,472.74737548828125,8982.4365234375,285.6328430175781,0.033190201967954636,0.017030058428645134,22.601892471313477,4.475826263427734,10.221427917480469,3.2219107151031494,12.502055168151855,3.668450117111206,17.52408218383789,3.9977917671203613,17.71224594116211,3.201845169067383,16.015138626098633,2.1001453399658203,40.18852996826172,3.398110866546631,0.0851915180683136,0.0251116044819355,0.1530424803495407,0.019636623561382294,0.007431766949594021,0.004422715399414301
spoof_3,Hybrid Trap_Hybrid Trap Isoxo (1),38,95.0,1,Spoof (AI),-63.07052993774414,33.705997467041016,51.75636672973633,9.713980674743652,-26.05862045288086,10.692448616027832,27.350107192993164,10.43600082397461,5.988829612731934,4.725224018096924,5.926949501037598,6.814481258392334,8.654820442199707,8.133580207824707,6.934834957122803,7.941617488861084,0.06282792240381241,6.7851643562316895,3.513556957244873,4.608703136444092,0.22644688189029694,3.9379630088806152,11.762208938598633,3.9510724544525146,6.729563236236572,5.868093967437744,16.29665184020996,7.352964878082275,17.76752471923828,7.9504170417785645,20.99798583984375,8.009014129638672,14.16692066192627,8.366077423095703,9.184654235839844,10.240987777709961,3.3046319484710693,7.702808380126953,3.6806445121765137,6.522274017333984,0.21481062471866608,6.399080753326416,-0.06541033089160919,1.8324908018112183,0.03894180431962013,1.8643362522125244,-0.05933760106563568,2.478832721710205,-0.12468194216489792,0.8141797184944153,-0.0915231853723526,1.18832528591156,-0.10955683141946793,1.512490153312683,-0.10267680883407593,1.1476659774780273,-0.10563802719116211,0.9228610992431641,-0.02627166174352169,0.7178353071212769,0.012206588871777058,0.7360610961914062,0.026674041524529457,0.7551982402801514,0.09703937917947769,1.0014740228652954,0.10933870822191238,0.9102990627288818,0.025767795741558075,1.0251294374465942,-0.02431519329547882,0.9415118098258972,-0.06194385886192322,0.9321140050888062,-0.07644397765398026,1.0653926134109497,-0.07060445100069046,0.9664134979248047,-0.0884825736284256,0.766312837600708,2964.943115234375,299.3714599609375,2631.396728515625,163.01499938964844,5886.689453125,771.4714965820312,8657.693359375,530.1165161132812,0.04539401829242706,0.028512809425592422,23.02667236328125,4.843780994415283,12.976364135742188,3.516815662384033,13.515134811401367,3.941692590713501,19.81241226196289,4.247560977935791,16.094154357910156,2.8546950817108154,15.478414535522461,2.3703393936157227,41.823516845703125,3.4358460903167725,0.12100785225629807,0.036413729190826416,0.12780894339084625,0.024385344237089157,0.008461790159344673,0.006356910802423954
spoof_3,Hybrid Trap_Hybrid Trap Isoxo (1),40,100.0,1,Spoof (AI),-27.701244354248047,23.21750831604004,57.39762496948242,13.369012832641602,-18.88673973083496,11.660021781921387,20.535486221313477,9.085254669189453,-4.280259132385254,9.287009239196777,-2.6990854740142822,10.358392715454102,-2.963829278945923,10.924576759338379,-2.1864118576049805,9.766173362731934,-9.180241584777832,7.739253044128418,-1.7192994356155396,6.495448112487793,-4.557236194610596,6.938015937805176,7.505230903625488,6.424443244934082,1.7969322204589844,7.2120490074157715,4.450132369995117,7.438185691833496,0.69565349817276,6.612554550170898,3.189269781112671,6.157098770141602,-0.48708125948905945,6.160343647003174,-1.609564185142517,5.5473456382751465,-5.204875946044922,5.447089672088623,-1.7454533576965332,5.7207112312316895,0.26158350706100464,3.916316032409668,0.19551603496074677,1.9419158697128296,-0.04139196500182152,1.984890103340149,0.04081207886338234,1.280062198638916,-0.007383922580629587,1.9255483150482178,0.06321310997009277,2.086493492126465,0.043991584330797195,1.9929777383804321,0.10222753137350082,1.6125293970108032,0.04129571467638016,1.2878776788711548,0.011501800268888474,1.1324464082717896,-0.07032149285078049,1.0499451160430908,-0.0790243074297905,0.9893624186515808,-0.1057460829615593,1.2080999612808228,-0.09441681951284409,1.219374656677246,-0.04994352534413338,1.271935224533081,-0.024600360542535782,1.135703444480896,-0.006417230237275362,1.0911000967025757,-0.067528136074543,1.0763182640075684,-0.05135998874902725,1.0650131702423096,0.019611703231930733,0.9828264117240906,3071.836181640625,283.88568115234375,2708.05322265625,141.29922485351562,6310.474609375,511.409423828125,8828.9619140625,451.1152648925781,0.07633164525032043,0.03196816146373749,16.94967269897461,6.437928199768066,12.243831634521484,5.512882709503174,12.707419395446777,3.7734720706939697,15.545313835144043,3.878882646560669,14.479994773864746,2.3366148471832275,13.916056632995605,1.4943946599960327,40.835750579833984,3.273108959197998,0.16414614021778107,0.047479741275310516,0.1394965946674347,0.03690442070364952,0.013372976332902908,0.006024349946528673
spoof_3,Hybrid Trap_Hybrid Trap Isoxo (1),43,107.5,1,Spoof (AI),-62.535343170166016,30.8516845703125,51.98416519165039,22.425025939941406,-14.861024856567383,18.819110870361328,26.79109764099121,10.14630126953125,12.165864944458008,10.192427635192871,7.4373602867126465,7.044460296630859,16.111597061157227,7.2349934577941895,17.668413162231445,7.614282608032227,14.35825252532959,7.457296848297119,17.95820426940918,8.221549034118652,9.304277420043945,7.750771999359131,12.761872291564941,6.413967609405518,1.3409686088562012,5.184934616088867,6.510486602783203,5.463639736175537,10.788647651672363,7.019519805908203,17.443178176879883,6.419890880584717,9.506304740905762,5.453259468078613,7.551973819732666,4.822775840759277,6.9417500495910645,5.863156318664551,3.6466996669769287,5.897221565246582,0.5296397805213928,5.773250579833984,-0.3119736909866333,4.770920276641846,0.5239972472190857,4.03778600692749,0.16120757162570953,2.218217611312866,0.29909470677375793,2.1704351902008057,0.1281001716852188,1.4812214374542236,0.08236707001924515,1.5687377452850342,0.11294106394052505,1.6522294282913208,0.12312381714582443,1.619227409362793,0.19814766943454742,1.7187250852584839,0.1577731966972351,1.4177697896957397,0.13437002897262573,1.1438884735107422,0.08266615122556686,0.8902660012245178,0.10421604663133621,0.9157058000564575,0.09067141264677048,1.2302724123001099,0.03045237436890602,1.2216506004333496,0.00506381643936038,1.017230749130249,0.07384151965379715,0.8323156237602234,0.07324225455522537,1.0303658246994019,0.046258099377155304,1.1239402294158936,2746.8125,429.5346374511719,2815.679443359375,320.06781005859375,6110.14599609375,1101.328125,8780.462890625,953.5108032226562,0.013881152495741844,0.0176528412848711,23.861568450927734,5.281816482543945,10.723898887634277,3.4432384967803955,12.108558654785156,3.262321949005127,15.980618476867676,4.0211710929870605,19.032381057739258,4.630334854125977,16.351730346679688,2.550126791000366,40.862159729003906,3.683664560317993,0.0513916015625,0.03019210323691368,0.2538125813007355,0.036883268505334854,0.00411427253857255,0.005131174344569445
spoof_3,Hybrid Trap_Hybrid Trap Isoxo (1),46,115.0,1,Spoof (AI),-59.462158203125,28.57938575744629,52.747459411621094,20.827022552490234,-5.0424418449401855,14.637645721435547,36.304691314697266,11.985821723937988,18.98416519165039,8.655838966369629,11.58134651184082,6.928218364715576,13.599977493286133,6.13623571395874,8.257145881652832,5.376270771026611,5.344010353088379,5.8036723136901855,8.464966773986816,5.15493631362915,2.7632319927215576,5.2833662033081055,10.94184684753418,5.079196929931641,7.054277420043945,6.038098335266113,12.766106605529785,7.862957000732422,13.928620338439941,8.18265151977539,17.875877380371094,6.348169326782227,9.481010437011719,6.872039318084717,3.631774663925171,7.536097049713135,2.5603699684143066,8.535826683044434,4.168610572814941,7.074615955352783,-0.2216455191373825,5.66891622543335,-0.16350345313549042,5.000466346740723,-0.12258592993021011,2.9578235149383545,0.04204951226711273,2.4513635635375977,0.03440069779753685,1.5567920207977295,0.040878549218177795,1.292649507522583,0.08632386475801468,1.1296265125274658,0.07776082307100296,0.9979692697525024,0.009594821371138096,0.9405018091201782,-0.005801009014248848,0.9214293956756592,-0.021956490352749825,0.9351512789726257,0.020583216100931168,0.765204668045044,-0.010472315363585949,0.8989609479904175,0.01709127426147461,1.077164649963379,0.007638975512236357,1.2277170419692993,-0.005311919376254082,1.0548936128616333,0.03461255505681038,1.1099681854248047,0.012707562185823917,1.1993457078933716,0.020288988947868347,1.3095194101333618,0.04151993244886398,1.105726718902588,2750.166259765625,505.0567321777344,2858.967529296875,280.02679443359375,6161.935546875,1146.12646484375,8899.9423828125,804.3816528320312,0.022878699004650116,0.03128867596387863,21.143930435180664,5.753777980804443,9.972824096679688,3.3284049034118652,12.762249946594238,4.094451904296875,20.239274978637695,5.204324245452881,17.890649795532227,3.432077407836914,15.91010570526123,2.046046018600464,39.5837287902832,3.6005067825317383,0.06422706693410873,0.0508107990026474,0.23604068160057068,0.053610850125551224,0.006639636587351561,0.009660349227488041
spoof_3,Hybrid Trap_Hybrid Trap Isoxo (1),49,122.5,1,Spoof (AI),-68.46894073486328,29.410600662231445,59.34762954711914,20.55856704711914,-8.663694381713867,18.356779098510742,34.63456344604492,14.221323013305664,10.121809959411621,8.774309158325195,6.0858378410339355,5.873162746429443,12.474175453186035,7.705816745758057,15.236649513244629,9.539507865905762,9.138004302978516,9.466031074523926,12.45030403137207,7.036069393157959,6.921881675720215,5.945716857910156,10.14155387878418,6.290165901184082,1.5499496459960938,6.481409072875977,8.082477569580078,7.0615973472595215,11.95840835571289,7.552464008331299,16.990324020385742,7.187918186187744,10.301111221313477,6.950600624084473,8.102272987365723,7.497211933135986,4.7174835205078125,8.025074005126953,4.869015216827393,5.137457847595215,-0.071696937084198,6.3170390129089355,0.22016973793506622,4.280215740203857,0.19085100293159485,3.8654472827911377,0.08673033863306046,3.1982738971710205,0.038598354905843735,1.5682940483093262,0.010015811771154404,1.0854675769805908,-0.02663418836891651,1.1984435319900513,-0.03306085616350174,1.3075283765792847,-0.1060277447104454,1.337144136428833,-0.10630393773317337,1.319641351699829,-0.08304396271705627,1.1864808797836304,-0.014782991260290146,0.9770971536636353,0.06612733751535416,0.8525713086128235,0.0725877583026886,1.2772808074951172,-0.006679729092866182,1.3767945766448975,-0.05733794346451759,1.287143588066101,-0.05920474976301193,1.1053205728530884,-0.026066280901432037,1.180656909942627,-0.009294501505792141,1.0837914943695068,-0.004493681248277426,0.815309464931488,2540.55224609375,451.050537109375,2712.4375,279.1656188964844,5599.978515625,1083.5184326171875,8472.8173828125,828.2898559570312,0.01480067241936922,0.026557015255093575,23.355958938598633,4.61809778213501,10.42962646484375,3.748450517654419,12.639280319213867,3.950089454650879,18.911592483520508,4.920875549316406,20.106359481811523,4.925009727478027,17.474811553955078,2.623769760131836,41.662193298339844,4.655720233917236,0.05508987978100777,0.03899107500910759,0.24271240830421448,0.03235583379864693,0.004041407722979784,0.007951823063194752
spoof_3,Hybrid Trap_Hybrid Trap Isoxo (1),51,127.5,1,Spoof (AI),-71.45811462402344,27.896501541137695,69.39613342285156,19.140506744384766,-8.277198791503906,10.592516899108887,44.257301330566406,11.537118911743164,15.517574310302734,6.549559593200684,6.889755725860596,5.1790266036987305,9.199788093566895,5.223097801208496,6.26628303527832,4.679076194763184,-1.389835238456726,4.963201999664307,5.548215389251709,5.357043743133545,3.7458689212799072,6.281057834625244,12.365355491638184,4.710442066192627,5.123719215393066,4.501879692077637,10.48975944519043,5.6219611167907715,14.203235626220703,7.293339252471924,14.246720314025879,7.144098281860352,8.508857727050781,8.861642837524414,6.771480083465576,9.288886070251465,6.748683452606201,8.657109260559082,6.101598262786865,5.725538730621338,0.33776232600212097,4.696702003479004,0.1934196650981903,2.4222962856292725,-0.09929833561182022,1.9601978063583374,-0.0010921955108642578,2.1603732109069824,-0.07115467637777328,1.0985469818115234,0.009419030509889126,0.9743257164955139,-0.02235065959393978,0.7491467595100403,-0.003917813301086426,0.7265278100967407,-0.03599369525909424,0.9161659479141235,-0.08514934778213501,0.9409323930740356,-0.10060575604438782,0.9046627879142761,-0.05193822830915451,0.7514256238937378,-0.057308390736579895,0.8418062329292297,0.009505323134362698,0.8467970490455627,0.015317700803279877,1.0348215103149414,-0.005476587451994419,1.032088041305542,-0.03983971104025841,0.9712042808532715,-0.030617162585258484,0.9407305121421814,-0.04457072913646698,1.1292392015457153,-0.03475688397884369,0.8344895839691162,2404.2587890625,429.3390197753906,2585.323974609375,295.42486572265625,5171.70703125,1099.70556640625,8090.751953125,916.6926879882812,0.014711525291204453,0.019754938781261444,21.370664596557617,5.345183849334717,11.086801528930664,3.60601544380188,13.420433044433594,3.6736466884613037,24.507831573486328,4.968990802764893,19.218353271484375,3.331284761428833,18.04733657836914,2.673640727996826,42.15410614013672,4.384945392608643,0.0709499791264534,0.027080129832029343,0.19723474979400635,0.04371429607272148,0.0031294396612793207,0.005494616460055113
spoof_3,Hybrid Trap_Hybrid Trap Isoxo (1),54,135.0,1,Spoof (AI),-60.68972396850586,24.47466278076172,77.21846008300781,19.851259231567383,-9.894967079162598,13.443082809448242,32.315093994140625,12.114236831665039,7.027005195617676,6.587212085723877,-0.06659995764493942,5.881328105926514,4.50398063659668,6.32857608795166,5.337338924407959,7.010749340057373,10.774687767028809,6.77789306640625,20.153926849365234,6.820730686187744,12.992368698120117,7.166509628295898,15.071002006530762,6.791711330413818,2.8799664974212646,5.839330196380615,1.2652181386947632,6.044903755187988,1.734330177307129,6.148844242095947,12.58784294128418,5.805322170257568,5.556148052215576,5.5162787437438965,3.572115898132324,4.839961528778076,5.641801834106445,6.885572910308838,7.473340034484863,7.649014472961426,0.08003958314657211,5.124348163604736,0.0034112930297851562,4.75362491607666,0.10967602580785751,2.783139705657959,-0.0005399386282078922,2.9051334857940674,-0.00016931912978179753,1.2620733976364136,-0.029221460223197937,1.1959590911865234,-0.07183000445365906,1.1151561737060547,-0.0968034639954567,1.244693636894226,-0.05059153214097023,1.2785135507583618,0.006615629885345697,1.1510891914367676,0.09051752090454102,1.1150825023651123,0.04762249439954758,1.0036998987197876,0.0034281148109585047,1.0565749406814575,-0.015777679160237312,1.0310662984848022,-0.02795487456023693,0.9694989919662476,-0.016607996076345444,0.9669675230979919,-0.02760085090994835,0.958759069442749,0.00505758635699749,0.9113216400146484,0.04529094696044922,1.149229645729065,-0.017842760309576988,1.1571593284606934,2365.069091796875,448.894775390625,2566.38623046875,265.0774230957031,5055.11865234375,1047.0260009765625,8154.0556640625,878.1734619140625,0.01577448472380638,0.02534669078886509,22.854814529418945,5.545468807220459,11.41623306274414,3.6270291805267334,14.255512237548828,4.000497817993164,20.1159610748291,4.708223819732666,19.14147186279297,3.5678963661193848,17.217668533325195,2.3096842765808105,41.992584228515625,4.010249137878418,0.0622287318110466,0.03835684061050415,0.21424219012260437,0.03144603595137596,0.003666797885671258,0.007169013377279043
spoof_3,Hybrid Trap_Hybrid Trap Isoxo (1),57,142.5,1,Spoof (AI),-84.96263122558594,30.65589141845703,88.03048706054688,18.7866268157959,-22.80704689025879,13.292159080505371,36.72899627685547,8.220898628234863,4.262187957763672,7.7639994621276855,5.604719161987305,6.486073017120361,10.586884498596191,6.211060047149658,13.626951217651367,7.9085845947265625,9.96832275390625,6.2322096824646,12.218466758728027,7.7558369636535645,2.4969842433929443,8.21308708190918,12.141487121582031,8.038470268249512,5.741451740264893,6.972733497619629,4.9713287353515625,8.870576858520508,5.059650421142578,5.868937015533447,10.399723052978516,6.064141273498535,4.923303604125977,5.921289920806885,2.182626485824585,6.580443859100342,2.511627435684204,7.359198570251465,10.606023788452148,6.652643203735352,-0.04312682896852493,5.564722061157227,0.01946881227195263,3.137228012084961,-0.02362845093011856,2.0754549503326416,0.05167362093925476,1.4750943183898926,0.03646966814994812,1.399984359741211,0.0327894426882267,1.1460192203521729,-0.004242612048983574,1.0453816652297974,-0.029007330536842346,0.9647617936134338,-0.0696972906589508,0.8745771646499634,-0.09038332849740982,0.9519587755203247,-0.12968094646930695,0.9949299097061157,-0.06487978249788284,0.9474086165428162,0.02036862261593342,0.8985707759857178,0.13558121025562286,1.2384346723556519,0.10266249626874924,1.1155288219451904,0.027573294937610626,0.7352518439292908,0.026198087260127068,0.8815348744392395,-0.002481363480910659,1.0485644340515137,-0.007366431877017021,1.1739383935928345,-0.041636042296886444,1.1997653245925903,2175.01220703125,448.7800598144531,2291.5966796875,362.8717956542969,4472.7255859375,1098.61669921875,7085.8193359375,1345.18994140625,0.013064677827060223,0.017283059656620026,20.283252716064453,5.177553653717041,10.593706130981445,3.427048683166504,12.972818374633789,3.620631694793701,21.302574157714844,4.7200703620910645,20.331375122070312,4.167247295379639,18.10519790649414,2.4510812759399414,44.70102310180664,4.928213596343994,0.08406801521778107,0.03185538202524185,0.16144879162311554,0.04308643564581871,0.0024522480089217424,0.004858147818595171
spoof_3,Hybrid Trap_Hybrid Trap Isoxo (1),59,147.5,1,Spoof (AI),-117.89492797851562,30.72701072692871,71.44965362548828,21.25879669189453,-38.878841400146484,12.892447471618652,23.65528678894043,13.631251335144043,-11.906502723693848,14.216913223266602,-9.415999412536621,13.918563842773438,-8.252793312072754,11.264483451843262,-5.216184139251709,11.797310829162598,-12.358625411987305,12.125991821289062,-3.360983371734619,10.049468994140625,-9.027810096740723,8.641374588012695,2.932342767715454,8.751612663269043,-5.899878978729248,9.34420108795166,1.11378812789917,8.10348892211914,3.1647684574127197,7.266177177429199,8.590846061706543,6.837954044342041,2.6895248889923096,6.749602794647217,3.451087713241577,6.993037223815918,7.45012092590332,6.84251594543457,9.427312850952148,6.862260818481445,-0.235500305891037,5.865527629852295,0.01342186238616705,3.1710574626922607,-0.06928333640098572,1.0382801294326782,0.003936931025236845,1.2493815422058105,-0.03215145692229271,0.9769453406333923,-0.039611492305994034,1.0205702781677246,-0.046527352184057236,0.9280638694763184,-0.03476470336318016,0.996349573135376,-0.04566805437207222,0.9168851375579834,-0.0194618608802557,1.0188167095184326,0.016935141757130623,0.8709084987640381,0.003870999440550804,0.9639418125152588,-0.051602188497781754,1.0999207496643066,-0.04357299208641052,1.1250524520874023,-0.029081979766488075,1.0152790546417236,-0.10013914108276367,0.8821606636047363,-0.09054404497146606,1.0637147426605225,-0.007051792461425066,1.1215511560440063,-0.004095920827239752,1.0524077415466309,-0.0302441269159317,1.1290415525436401,2521.69873046875,374.8423767089844,2246.007568359375,170.95201110839844,4646.685546875,601.09619140625,7446.20166015625,790.7813720703125,0.022367410361766815,0.014500590972602367,16.106081008911133,5.806058406829834,11.695252418518066,3.8829689025878906,17.666790008544922,4.608250141143799,20.6243839263916,3.669023275375366,19.62409019470215,2.667189836502075,19.016862869262695,2.0049901008605957,45.78440475463867,3.7861032485961914,0.13765236735343933,0.035995133221149445,0.08348899334669113,0.02382621541619301,0.002840806497260928,0.002580741187557578
spoof_3,Hybrid Trap_Hybrid Trap Isoxo (1),62,155.0,1,Spoof (AI),-69.80445861816406,37.1909294128418,78.53874969482422,27.422557830810547,-16.152292251586914,21.305835723876953,34.544246673583984,17.920551300048828,7.278890609741211,13.847853660583496,7.544912815093994,11.498775482177734,12.60760498046875,12.319897651672363,6.101377010345459,13.102828025817871,1.5602951049804688,10.716621398925781,7.728175640106201,9.164336204528809,-1.7281323671340942,7.090210914611816,8.490270614624023,5.760189056396484,2.557525396347046,5.479851722717285,4.6436333656311035,6.022560119628906,5.6171956062316895,6.101567268371582,10.844002723693848,6.457027912139893,4.465720176696777,5.65839958190918,2.1722280979156494,6.122281074523926,3.8493478298187256,6.664559364318848,4.691243648529053,6.059595108032227,0.21788588166236877,8.194164276123047,-0.013346849009394646,5.565523624420166,0.07590489089488983,3.2111775875091553,-0.10140930861234665,3.567335605621338,-0.013703345321118832,1.6768929958343506,-0.03510729968547821,1.3964283466339111,0.006295622326433659,1.4602621793746948,-0.021938227117061615,1.3382823467254639,-0.0072798640467226505,1.294465184211731,-0.026817988604307175,1.0903311967849731,0.036692339926958084,1.0942503213882446,-0.0005447798175737262,0.7680752277374268,0.0013856457080692053,0.7600491642951965,0.04622235521674156,0.861354410648346,0.02876630611717701,0.9572264552116394,-0.013340460136532784,1.0660474300384521,-0.04567941650748253,0.9437794089317322,-0.05858251824975014,1.045438289642334,-0.08106699585914612,1.1274241209030151,0.03970247879624367,1.0295261144638062,2275.93896484375,633.5924072265625,2471.078369140625,353.44537353515625,4857.1328125,1275.661865234375,7737.6474609375,1313.7545166015625,0.01983778364956379,0.030457528308033943,19.655284881591797,6.61235237121582,9.507975578308105,3.928790330886841,13.003649711608887,4.326434135437012,16.6794490814209,4.236869812011719,16.076505661010742,2.904313087463379,15.7916898727417,2.370392084121704,42.59195327758789,4.8912529945373535,0.06408917158842087,0.05946975201368332,0.22231130301952362,0.06790601462125778,0.004040390253067017,0.007998425513505936
spoof_3,Hybrid Trap_Hybrid Trap Isoxo (1),65,162.5,1,Spoof (AI),-64.93313598632812,32.459877014160156,65.75582885742188,28.7637996673584,-1.2336421012878418,17.930696487426758,34.87765121459961,13.613448143005371,16.862060546875,8.121769905090332,15.124820709228516,6.268641471862793,17.17195701599121,7.718846321105957,11.426826477050781,7.081364631652832,7.518896102905273,7.430339336395264,7.781902313232422,5.370974063873291,1.7236320972442627,4.070170879364014,10.081459999084473,3.7614328861236572,6.055517196655273,3.816260576248169,8.965658187866211,4.742950439453125,6.331808567047119,4.7574286460876465,7.762929916381836,6.920673370361328,2.5950927734375,6.583440780639648,3.42795991897583,5.962244033813477,4.352229595184326,6.309015274047852,10.464644432067871,8.3145751953125,0.2928161323070526,6.579014301300049,-0.2556515336036682,6.043076515197754,0.07547029852867126,3.3717904090881348,-0.02930179424583912,2.9490392208099365,0.028363559395074844,1.468289852142334,0.013660311698913574,1.188294768333435,0.05822758376598358,1.5928834676742554,0.0016348649514839053,1.367559790611267,-0.0011469965102151036,1.4529708623886108,-0.005943202413618565,0.9713878631591797,0.044851332902908325,0.7299887537956238,-0.003430430544540286,0.642283022403717,-0.030706021934747696,0.6743930578231812,-0.0503157414495945,0.9361248016357422,-0.07334645092487335,0.9215194582939148,-0.07809453457593918,1.4778972864151,-0.010710402391850948,1.433426856994629,-0.01393939834088087,1.0637294054031372,0.046255845576524734,0.8845340013504028,0.08279328048229218,1.5254794359207153,2473.3193359375,663.025390625,2757.13525390625,333.33160400390625,5617.12548828125,1347.6824951171875,8579.685546875,1133.8677978515625,0.017232773825526237,0.03279408439993858,22.50604820251465,5.336843013763428,11.398982048034668,3.926478147506714,13.323708534240723,3.929689884185791,17.254789352416992,4.41447114944458,17.42540740966797,3.6375339031219482,15.81457233428955,2.2648069858551025,39.65187072753906,3.98309588432312,0.0485772043466568,0.050982020795345306,0.265322744846344,0.04725098982453346,0.005668359808623791,0.012700364924967289
spoof_3,Hybrid Trap_Hybrid Trap Isoxo (1),68,170.0,1,Spoof (AI),-80.35952758789062,45.39567184448242,75.75519561767578,38.89784240722656,-7.552750110626221,19.096548080444336,42.609745025634766,16.27436065673828,14.877923965454102,7.781096458435059,13.085091590881348,6.784905433654785,17.234331130981445,6.772018909454346,10.833335876464844,6.311100006103516,8.178443908691406,6.049696922302246,8.094935417175293,5.444940567016602,1.9081977605819702,5.5237603187561035,9.19499397277832,5.913196086883545,6.663205623626709,4.158265590667725,8.825240135192871,5.4613261222839355,8.073084831237793,6.5650410652160645,10.547069549560547,6.619321823120117,7.468773365020752,6.290164470672607,5.589970111846924,8.140586853027344,4.579934120178223,11.064342498779297,6.432587623596191,6.1721954345703125,-0.4368041455745697,7.64723014831543,0.15137244760990143,6.563252925872803,-0.2220514416694641,4.109229564666748,0.07230912148952484,3.381398916244507,0.029544079676270485,1.4305816888809204,0.024927400052547455,1.2692477703094482,0.06008104979991913,1.3559709787368774,0.0662727877497673,1.1693971157073975,0.03734736144542694,0.945518970489502,0.03368153050541878,0.9725571870803833,0.015195908024907112,0.9452465176582336,0.006562833208590746,1.0330919027328491,0.02459224872291088,0.7911202311515808,-0.02814902924001217,0.8933372497558594,0.008036982268095016,1.252000093460083,-0.046706508845090866,1.379453182220459,-0.05387873947620392,1.3114396333694458,-0.04780040681362152,1.2930185794830322,0.03987469524145126,1.5202337503433228,-0.010665672831237316,1.23653244972229,2293.59375,812.72314453125,2544.396484375,536.0443115234375,5139.70654296875,1673.2061767578125,7796.0166015625,1959.6773681640625,0.016682878136634827,0.032588351517915726,22.12959861755371,5.276439189910889,11.781340599060059,3.9022257328033447,13.663993835449219,3.3447296619415283,18.213153839111328,4.765305042266846,18.11588478088379,3.819352626800537,16.54132843017578,2.485675573348999,41.847801208496094,5.578058242797852,0.05342384800314903,0.050648968666791916,0.2512410581111908,0.06464076787233353,0.005486026871949434,0.01243799552321434
spoof_3,Hybrid Trap_Hybrid Trap Isoxo (1),70,175.0,1,Spoof (AI),-99.57523345947266,44.45650100708008,96.79840850830078,27.695341110229492,-9.3810396194458,24.565771102905273,41.72744369506836,15.78598690032959,6.962612152099609,9.831586837768555,8.232078552246094,7.948838233947754,8.389037132263184,7.835565090179443,6.198138236999512,6.99331521987915,2.719456434249878,5.968847751617432,6.392175674438477,6.4713850021362305,-0.9364588856697083,5.685117721557617,9.896523475646973,5.206052303314209,2.4114227294921875,4.848537921905518,3.6159865856170654,5.529716968536377,4.677034378051758,5.613667964935303,9.312313079833984,5.468832492828369,7.271198272705078,6.221213340759277,8.12145709991455,7.215431213378906,9.20543098449707,6.698991775512695,7.668025493621826,4.941026210784912,-0.4884624183177948,9.87237548828125,0.11757545918226242,6.438748836517334,0.0483352355659008,4.84634256362915,0.14394834637641907,3.4338743686676025,0.07129672914743423,1.8088408708572388,0.06510704010725021,1.1420046091079712,0.06135201081633568,0.9684498906135559,0.041436485946178436,0.981962263584137,0.05097900331020355,1.0366801023483276,0.10440053045749664,1.2855780124664307,0.023810459300875664,0.9771008491516113,0.02803342416882515,0.8849027156829834,-0.0362355038523674,0.8655118346214294,-0.04787946492433548,0.9951987862586975,-0.009919400326907635,1.0722841024398804,-0.018861623480916023,1.026978611946106,-0.03807281702756882,0.9993341565132141,0.006091877352446318,1.2100350856781006,-0.004823119379580021,1.0680546760559082,-0.0022400827147066593,0.9337465167045593,1994.584228515625,657.0719604492188,2294.343505859375,467.22430419921875,4429.5595703125,1423.2314453125,6958.16552734375,1674.0223388671875,0.01434831228107214,0.02404172532260418,20.713346481323242,5.091181755065918,11.168291091918945,3.7839324474334717,14.61595630645752,4.22269344329834,18.670215606689453,4.610499382019043,17.82492446899414,3.364293336868286,17.019405364990234,2.5563457012176514,43.674407958984375,5.9389967918396,0.0683390274643898,0.048567768186330795,0.19660328328609467,0.11704693734645844,0.0035131657496094704,0.008173358626663685
spoof_3,Hybrid Trap_Hybrid Trap Isoxo (1),73,182.5,1,Spoof (AI),-102.43310546875,55.45838928222656,107.6705093383789,30.953908920288086,-21.51897430419922,15.934470176696777,48.774227142333984,9.517626762390137,8.226862907409668,6.366061687469482,13.042201042175293,5.564571380615234,11.072589874267578,4.855659484863281,9.577397346496582,6.30612325668335,9.728267669677734,9.317251205444336,14.40768051147461,10.89905071258545,5.765244483947754,10.703911781311035,10.256730079650879,4.868828296661377,-0.8746516108512878,4.701486587524414,-0.08623900264501572,6.953963756561279,3.5950145721435547,5.896002292633057,9.493412017822266,4.282922267913818,5.506166458129883,4.458172798156738,5.010823726654053,7.21457576751709,6.932214736938477,7.628327369689941,9.158246994018555,6.2947163581848145,-0.7551846504211426,6.379325866699219,0.3236944377422333,3.299072742462158,-0.09672543406486511,2.1178836822509766,0.1128314882516861,1.174857258796692,0.012901509180665016,0.8809297680854797,-0.07455989718437195,0.788009524345398,-0.02779238298535347,0.8161696195602417,-0.04091990366578102,0.7475994229316711,0.07592624425888062,0.7078684568405151,0.12320280820131302,0.7691892981529236,0.13508766889572144,0.681755542755127,0.0546293780207634,0.7535086274147034,-0.010560388676822186,0.7524400353431702,-0.06171613559126854,0.7068814039230347,-0.05583696812391281,0.790857195854187,-0.028992613777518272,0.7392668724060059,-0.023168930783867836,0.7612719535827637,-0.08164612203836441,0.7730548977851868,0.010705852881073952,1.0127859115600586,0.049953632056713104,0.9144701957702637,1792.2977294921875,675.103759765625,2049.4560546875,508.44140625,3903.092529296875,1392.2418212890625,6022.96630859375,1846.8438720703125,0.011056113988161087,0.01815180853009224,20.3588809967041,5.15712308883667,10.055524826049805,3.520618200302124,13.531061172485352,3.500148296356201,19.036088943481445,4.5999531745910645,18.634458541870117,3.761483669281006,18.46009063720703,3.1358189582824707,47.82673645019531,6.168872833251953,0.06223777309060097,0.03483084961771965,0.19871436059474945,0.07595819979906082,0.0017489398596808314,0.0037962314672768116
spoof_3,Hybrid Trap_Hybrid Trap Isoxo (1),76,190.0,1,Spoof (AI),-175.07061767578125,18.993125915527344,153.5784454345703,15.537262916564941,-44.61481857299805,10.06146240234375,60.246673583984375,8.534921646118164,4.794953346252441,7.795914173126221,9.821496963500977,4.840064525604248,2.9540255069732666,4.975473880767822,12.299092292785645,5.66266393661499,18.373659133911133,8.578276634216309,27.625732421875,6.840933799743652,13.821593284606934,10.5597505569458,6.81825065612793,10.475900650024414,-11.384743690490723,8.958385467529297,-15.265084266662598,8.644506454467773,-5.685581207275391,8.149415969848633,6.622312068939209,4.949889183044434,2.120379686355591,5.963504791259766,-4.307175159454346,6.833784580230713,3.3189477920532227,8.776737213134766,7.592926502227783,10.184844017028809,-0.1921014040708542,3.18300199508667,0.05978207290172577,1.7021567821502686,-0.07307732850313187,1.334891438484192,0.017371080815792084,1.3067693710327148,0.03206557780504227,0.9777981042861938,0.03925016149878502,0.8638566732406616,0.03351191431283951,0.8073251843452454,0.05905359610915184,0.8937281966209412,0.06519544124603271,1.1003438234329224,0.05556432530283928,1.0191776752471924,0.03758156672120094,1.330182671546936,0.009339111857116222,1.2189055681228638,-0.0802217647433281,0.9568073749542236,-0.052262477576732635,1.0157840251922607,-0.03514999523758888,0.9654631018638611,-0.024497319012880325,0.6393714547157288,-0.012854604981839657,0.912024736404419,-0.04583616554737091,0.9447667598724365,0.011607426218688488,1.3580877780914307,0.03705548495054245,1.3700065612792969,1230.6666259765625,204.92466735839844,1421.2554931640625,106.55156707763672,2592.557861328125,336.04254150390625,3977.611328125,408.0704040527344,0.00044376091682352126,0.0004852910933550447,18.73626136779785,6.51629638671875,16.252389907836914,3.4966773986816406,16.39769744873047,3.847439765930176,24.017223358154297,3.3302268981933594,23.705501556396484,3.1622722148895264,23.424137115478516,2.240427017211914,54.65803146362305,4.767831802368164,0.0618964284658432,0.014625472947955132,0.14718572795391083,0.018341222777962685,9.326452527602669e-06,1.4759887562831864e-05
spoof_3,Hybrid Trap_Hybrid Trap Isoxo (1),79,197.5,1,Spoof (AI),-217.22259521484375,43.33415603637695,188.77064514160156,17.834514617919922,-30.67814064025879,26.76355743408203,38.887874603271484,13.029709815979004,15.77182388305664,10.716054916381836,-3.9233455657958984,6.503366470336914,14.635948181152344,8.621331214904785,5.3796000480651855,7.73807954788208,16.704336166381836,11.123483657836914,14.944832801818848,5.599887847900391,7.426161766052246,12.61923885345459,8.885196685791016,10.672003746032715,-0.29195713996887207,6.042048454284668,-5.282830238342285,10.0735502243042,-1.810688853263855,7.94327974319458,5.495858669281006,4.539376735687256,4.130819320678711,5.088919639587402,-7.200560569763184,3.775865316390991,-2.1235878467559814,8.666549682617188,10.250372886657715,5.884029388427734,-0.5793552994728088,1.9732168912887573,0.047837257385253906,1.439828634262085,0.29335975646972656,1.1604177951812744,-0.17112398147583008,0.795101523399353,0.13615117967128754,0.8301054239273071,-0.07813416421413422,0.7692086696624756,-0.14524386823177338,0.8061825037002563,-0.11351398378610611,0.6738265156745911,-0.14388200640678406,0.6420118808746338,0.034694258123636246,0.768778920173645,0.18806326389312744,0.8335216045379639,0.06642580777406693,0.8617706894874573,-0.11067146062850952,0.9313350915908813,-0.16843338310718536,0.8566887974739075,-0.07125354558229446,0.6345193386077881,0.011010498739778996,0.6457788348197937,-0.07900948077440262,0.6559810042381287,0.022440169006586075,0.5756016373634338,0.06825726479291916,1.1145628690719604,0.016279634088277817,0.8490993976593018,847.0601806640625,230.12786865234375,1095.6318359375,164.48916625976562,1760.38916015625,491.81011962890625,3014.00048828125,653.224853515625,0.00014456367352977395,0.0006707772263325751,22.805078506469727,4.816821575164795,14.14620304107666,3.6684858798980713,15.735455513000488,3.9537315368652344,21.249183654785156,4.46816349029541,20.341957092285156,3.9135844707489014,21.76913833618164,2.059417963027954,51.774200439453125,5.78535270690918,0.0319892019033432,0.02068311721086502,0.15565931797027588,0.06310807168483734,4.257386081008008e-06,4.393177368910983e-05
spoof_4,Hybrid Trap_Hybrid Trap Isoxo,0,0.0,1,Spoof (AI),-282.8230285644531,98.68119049072266,118.3377456665039,72.60804748535156,-41.62397003173828,63.94145584106445,9.890769004821777,13.868175506591797,-13.875323295593262,30.093889236450195,-13.444982528686523,15.721214294433594,-8.495438575744629,16.69959259033203,-0.5492680668830872,8.17308521270752,-2.3770999908447266,10.443058967590332,1.5360769033432007,8.545104026794434,2.7711262702941895,7.9067277908325195,6.377121448516846,10.348880767822266,-3.722019910812378,8.555809020996094,-7.519866943359375,8.544900894165039,-2.371185779571533,7.8521881103515625,3.5111966133117676,7.2523651123046875,4.106636047363281,7.855015754699707,-0.07848004996776581,7.423353672027588,-4.982295513153076,8.167799949645996,-2.8164119720458984,10.134478569030762,0.6231672763824463,7.474534034729004,0.01949688233435154,4.439290523529053,-0.19402039051055908,3.0746071338653564,-0.09695300459861755,1.750443458557129,-0.28798243403434753,1.3269903659820557,-0.21575391292572021,1.0905344486236572,-0.16661840677261353,1.051920771598816,-0.014520740136504173,1.0940842628479004,-0.09409070760011673,1.3503453731536865,-0.12390286475419998,1.4451295137405396,-0.06766590476036072,1.3404182195663452,0.039040397852659225,1.8130104541778564,-0.02486567199230194,1.406341791152954,0.019587500020861626,0.9127331972122192,0.01641140878200531,1.227234125137329,-0.055599529296159744,1.2449924945831299,0.04031749442219734,1.163428783416748,0.055882807821035385,1.028912901878357,-0.034262437373399734,1.3559775352478027,-0.06137639656662941,1.579424500465393,1678.559814453125,1048.0279541015625,1349.8046875,712.0525512695312,2984.8408203125,1941.01025390625,4261.72998046875,2430.61181640625,0.005161818582564592,0.011946449987590313,13.887832641601562,6.9588117599487305,9.692408561706543,3.281083106994629,13.18649959564209,3.7639338970184326,21.407207489013672,4.513341903686523,22.882322311401367,3.218169927597046,21.12286376953125,2.939393997192383,51.70489501953125,8.288178443908691,0.09661639481782913,0.053483787924051285,0.05229386314749718,0.028667084872722626,0.0020475236233323812,0.009547754190862179
spoof_4,Hybrid Trap_Hybrid Trap Isoxo,2,5.0,1,Spoof (AI),-115.52667999267578,58.84028625488281,48.980079650878906,24.203479766845703,-39.165618896484375,33.06494903564453,19.220518112182617,18.572507858276367,-11.383347511291504,22.937448501586914,-3.4651906490325928,20.949827194213867,-3.9663493633270264,18.105031967163086,6.637247085571289,11.66230583190918,0.03339583799242973,9.432648658752441,11.926472663879395,7.228479862213135,4.265230655670166,6.980795860290527,7.999766826629639,8.821282386779785,-2.22241473197937,7.82102108001709,-1.0657156705856323,7.034095764160156,1.508675217628479,6.786916255950928,8.48672866821289,6.2685160636901855,4.244049072265625,6.7826619148254395,4.2003493309021,5.856005668640137,-4.703101634979248,7.143767833709717,-1.0239816904067993,6.976200580596924,0.9971018433570862,3.932577133178711,-0.23452140390872955,2.7204809188842773,0.2789517343044281,1.8630656003952026,0.09105022996664047,1.3052562475204468,0.2218727171421051,1.1904202699661255,0.14811426401138306,0.9937767386436462,0.12286137044429779,1.05392324924469,-0.008847378194332123,1.0101847648620605,0.05647201091051102,1.2228472232818604,0.03776789456605911,1.049357295036316,0.01015869528055191,1.061560034751892,-0.06223561242222786,1.4581531286239624,-0.09630849957466125,1.3232038021087646,-0.05656562000513077,1.0636262893676758,-0.04043399915099144,1.0796916484832764,-0.006678227800875902,0.8697288036346436,-0.06799878180027008,0.9157525897026062,-0.02019246481359005,0.9346984624862671,0.028782213106751442,1.415777564048767,0.09725576639175415,1.2644660472869873,2853.1923828125,333.21551513671875,2420.37353515625,320.58770751953125,5487.52734375,778.3302612304688,8007.31103515625,722.3353881835938,0.029176605865359306,0.027313213795423508,14.572160720825195,6.556572437286377,9.939889907836914,3.496018648147583,13.540675163269043,3.323171854019165,19.98430633544922,4.609705448150635,19.748680114746094,3.9182846546173096,18.397680282592773,2.939682960510254,45.68390655517578,5.551381587982178,0.14715124666690826,0.05607271566987038,0.10040184110403061,0.06440804153680801,0.004445335827767849,0.005382036790251732
spoof_4,Hybrid Trap_Hybrid Trap Isoxo,4,10.0,1,Spoof (AI),-75.78702545166016,23.08388900756836,47.109519958496094,24.126041412353516,-35.95671463012695,23.655155181884766,18.952743530273438,14.345373153686523,-3.425304651260376,13.837666511535645,2.915417432785034,11.277634620666504,3.957324504852295,8.632209777832031,8.17943000793457,7.978549480438232,-3.053370475769043,10.008918762207031,3.4914891719818115,8.632676124572754,-3.2883379459381104,7.121796131134033,3.776538372039795,7.302738189697266,-6.7826104164123535,6.228915691375732,-2.383133888244629,4.802978992462158,-0.8011572360992432,6.385499477386475,2.3771395683288574,7.154366493225098,-2.069161891937256,7.91045618057251,-2.771681785583496,6.37462043762207,-6.2766852378845215,5.580269813537598,0.3606016933917999,7.591216564178467,-0.06913410872220993,2.3677313327789307,0.052086472511291504,1.9028760194778442,0.10251618176698685,1.215248703956604,0.1297464817762375,1.0212898254394531,0.07735858112573624,0.9755071997642517,0.10439426451921463,0.9501410722732544,0.07345743477344513,0.7073440551757812,0.09657854586839676,0.7457871437072754,0.01550566591322422,0.8242131471633911,0.017629340291023254,0.6763030290603638,0.038484811782836914,0.8258799314498901,0.010060990229249,0.750568151473999,-0.03434242680668831,0.7875699996948242,0.005837664473801851,0.6847579479217529,0.04973215609788895,0.7898119688034058,0.07670760154724121,0.7954832315444946,0.16985607147216797,0.7683656811714172,0.04545290768146515,0.8414868712425232,-0.012408607639372349,1.0250582695007324,0.07968805730342865,1.4424903392791748,3037.258544921875,389.3332214355469,2524.68603515625,200.99273681640625,5862.115234375,701.281494140625,8466.287109375,487.78179931640625,0.05220124498009682,0.03261151909828186,15.15873908996582,6.558553695678711,11.034423828125,3.289363145828247,15.75683307647705,3.913173198699951,18.966045379638672,3.957369089126587,18.954517364501953,3.2539262771606445,17.428497314453125,2.3149986267089844,43.542022705078125,4.044191837310791,0.16798457503318787,0.04850277304649353,0.09977339208126068,0.029346657916903496,0.009032370522618294,0.00785374827682972
spoof_4,Hybrid Trap_Hybrid Trap Isoxo,7,17.5,1,Spoof (AI),-65.27484130859375,23.95633888244629,49.65810775756836,12.7825345993042,-11.738758087158203,6.854115962982178,31.66714859008789,7.574575901031494,13.49761962890625,7.075013637542725,13.897216796875,7.939318656921387,12.986408233642578,7.496819972991943,11.245424270629883,7.70107364654541,2.782325267791748,6.989686489105225,9.739778518676758,6.367794036865234,1.2842600345611572,5.523850917816162,9.017753601074219,6.388236045837402,-0.7895662784576416,6.246593475341797,2.7340002059936523,5.219239711761475,6.381150245666504,6.29266881942749,10.218273162841797,5.6075663566589355,6.127671241760254,5.029488563537598,3.147237539291382,3.996305465698242,-5.268104076385498,5.123663425445557,0.01152808591723442,4.979428768157959,0.023081328719854355,1.9359431266784668,-0.11227637529373169,1.3722842931747437,-0.1617903858423233,0.8090804815292358,-0.12908828258514404,0.7416301965713501,-0.07457610964775085,0.965859591960907,-0.0791570320725441,0.9058043956756592,-0.1262839287519455,0.8967393636703491,-0.1270856112241745,0.9795425534248352,-0.0796486884355545,0.8446558117866516,-0.035214196890592575,0.8377251029014587,-0.0788067951798439,0.9635440111160278,-0.10318974405527115,1.204829454421997,-0.10254071652889252,1.0134435892105103,-0.06122943386435509,0.8501725196838379,-0.0619032122194767,1.1429580450057983,-0.01882956735789776,1.0159714221954346,-0.043014366179704666,0.863676905632019,-0.03404868766665459,0.6601800918579102,-0.029691113159060478,0.9254176616668701,-0.015168656595051289,0.763335108757019,3099.988525390625,440.63250732421875,2786.118896484375,118.75455474853516,6465.892578125,721.564453125,8935.3818359375,384.9513244628906,0.05260559543967247,0.03523191064596176,18.960302352905273,4.570415496826172,12.982911109924316,3.359304189682007,15.023518562316895,3.6176490783691406,19.411483764648438,3.402179002761841,19.250289916992188,2.685152530670166,17.637470245361328,2.2004170417785645,41.583404541015625,3.0163776874542236,0.1437513530254364,0.0502728596329689,0.12479214370250702,0.03543693944811821,0.01309412345290184,0.010669798590242863
spoof_4,Hybrid Trap_Hybrid Trap Isoxo,9,22.5,1,Spoof (AI),-76.84778594970703,26.513559341430664,30.16233253479004,13.177192687988281,-32.85215759277344,21.831317901611328,2.832338571548462,10.541711807250977,-8.978602409362793,16.14864730834961,-8.39872932434082,15.644930839538574,-2.973766803741455,12.280259132385254,-4.403479099273682,12.2266845703125,-11.875513076782227,11.992727279663086,-2.8426618576049805,9.654730796813965,-7.7138142585754395,8.769967079162598,4.709011554718018,7.120510101318359,-3.9546642303466797,7.817542552947998,-0.08125545084476471,6.7056756019592285,0.36525458097457886,5.5686116218566895,3.7183873653411865,6.237738132476807,-1.0771294832229614,5.466853618621826,-1.2837485074996948,5.7628936767578125,-8.786450386047363,5.994175434112549,-4.776791095733643,5.431308269500732,0.2218700349330902,2.1722025871276855,-0.03172185644507408,1.7955915927886963,0.13321323692798615,1.5382028818130493,0.09863041341304779,0.9490619897842407,0.14906412363052368,0.9986789226531982,0.147152841091156,1.055722951889038,0.1257806122303009,0.9435656070709229,0.14775092899799347,0.977371871471405,0.10641613602638245,0.8801218271255493,0.068050317466259,0.7025465369224548,0.08702731877565384,0.7835415005683899,-0.015769509598612785,1.0226210355758667,0.009541341103613377,0.9183351397514343,0.04933527112007141,0.913364827632904,0.027841567993164062,0.5978327393531799,-0.02648351900279522,0.8619301915168762,0.014135020785033703,0.8276333212852478,0.034503571689128876,0.7143629193305969,0.016768528148531914,0.9210286140441895,0.041523952037096024,0.7558311820030212,3528.09033203125,252.5711212158203,2807.14111328125,241.0399169921875,7129.783203125,574.9520263671875,9245.669921875,308.9171447753906,0.07635258138179779,0.02593233436346054,12.788521766662598,5.9302520751953125,10.160682678222656,3.3623223304748535,14.878679275512695,3.887784481048584,19.946746826171875,4.2498297691345215,18.87080192565918,3.7337071895599365,16.87091064453125,2.2539474964141846,40.729190826416016,3.6957199573516846,0.19687680900096893,0.03549345210194588,0.09879256784915924,0.05134687200188637,0.023835958912968636,0.011359533295035362
spoof_4,Hybrid Trap_Hybrid Trap Isoxo,12,30.0,1,Spoof (AI),-72.63926696777344,44.952178955078125,37.55579376220703,22.860815048217773,4.820267200469971,19.58231544494629,28.9300537109375,12.8831148147583,20.273679733276367,9.929096221923828,20.774660110473633,9.613166809082031,17.568931579589844,9.363189697265625,20.990617752075195,8.795371055603027,7.79013729095459,8.592881202697754,11.471214294433594,7.040366172790527,2.413010835647583,6.625694274902344,7.447539329528809,6.424282550811768,0.6339707374572754,6.484155178070068,3.519036293029785,5.583437442779541,4.207376956939697,4.998557090759277,6.535973072052002,6.782515525817871,1.397948145866394,6.323523044586182,1.8031562566757202,5.8599162101745605,-1.3864339590072632,6.294713020324707,4.544155597686768,7.540796756744385,0.5807281732559204,8.975897789001465,0.4052773714065552,5.112458229064941,0.22049076855182648,3.898547649383545,0.18748560547828674,2.5228302478790283,0.1714087277650833,1.7836025953292847,0.19602932035923004,1.75810968875885,0.12437040358781815,1.621586561203003,0.1679009348154068,1.4003674983978271,0.15541879832744598,1.377768874168396,0.13166110217571259,1.040191650390625,0.09109635651111603,1.183556079864502,0.13018672168254852,1.1047310829162598,0.10804358124732971,1.0993469953536987,0.09121742844581604,0.9281880259513855,0.029243865981698036,0.8712664842605591,0.07476241141557693,1.093555212020874,0.008943050168454647,1.1454200744628906,-0.043852027505636215,1.3253676891326904,-0.07389412820339203,1.2346670627593994,-0.10057646781206131,1.4665093421936035,3309.39013671875,771.4757080078125,3074.611572265625,258.083984375,7229.025390625,1159.0889892578125,9259.27734375,687.5530395507812,0.04610702767968178,0.04314543306827545,19.972332000732422,5.379824161529541,10.932894706726074,3.762016534805298,13.620145797729492,3.7868735790252686,17.025066375732422,4.6394476890563965,17.421661376953125,4.098569869995117,16.54575538635254,2.8666458129882812,39.11399841308594,3.378880739212036,0.11567970365285873,0.060337845236063004,0.1678183525800705,0.05424431338906288,0.022260915488004684,0.021619044244289398
spoof_4,Hybrid Trap_Hybrid Trap Isoxo,14,35.0,1,Spoof (AI),-72.97787475585938,40.62759780883789,52.63130187988281,22.951522827148438,-3.6495654582977295,13.760905265808105,32.22658920288086,10.065731048583984,14.487689018249512,9.210317611694336,16.420822143554688,10.878700256347656,14.16556167602539,9.490461349487305,14.287353515625,10.494511604309082,5.527920246124268,8.87740421295166,8.869675636291504,8.52743911743164,2.0736429691314697,6.4552130699157715,8.298839569091797,5.401636123657227,0.7059045433998108,5.30541467666626,3.1363322734832764,5.7376627922058105,4.73819637298584,5.601495265960693,7.334613800048828,5.38992166519165,3.026883363723755,5.127533435821533,1.8539831638336182,6.960882186889648,-2.85457706451416,7.110054969787598,1.8853901624679565,7.0681586265563965,0.3924584686756134,6.860353946685791,-0.0649457797408104,4.532710075378418,-0.0018443266162648797,2.4981610774993896,-0.06613968312740326,1.8958989381790161,0.024465586990118027,1.2501935958862305,-0.022568369284272194,1.1512298583984375,-0.04933210834860802,1.101444959640503,-0.09283793717622757,1.0023918151855469,-0.15065069496631622,1.235641598701477,-0.1113235354423523,1.1513183116912842,-0.0590917207300663,1.057503581047058,-0.030062219128012657,1.0556644201278687,0.03334498777985573,1.0061273574829102,-0.007024562451988459,0.9736064672470093,0.0148921525105834,1.0206091403961182,-0.005435401573777199,1.0272464752197266,0.012905257754027843,0.9934425950050354,-0.01305267121642828,1.3211090564727783,-0.02191898413002491,1.3644686937332153,0.005363102536648512,1.268345594406128,2995.39599609375,598.816162109375,2858.23681640625,310.1144714355469,6428.50830078125,1174.921875,8876.365234375,790.530029296875,0.0448765829205513,0.03973923251032829,18.75197982788086,4.641823768615723,11.645587921142578,3.478337526321411,13.79279613494873,3.2486231327056885,18.360387802124023,4.486667633056641,17.962169647216797,3.830584764480591,16.608261108398438,2.696835517883301,40.5461540222168,3.909954786300659,0.1094699427485466,0.052716515958309174,0.14138951897621155,0.046489011496305466,0.011935061775147915,0.010859130881726742
spoof_4,Hybrid Trap_Hybrid Trap Isoxo,17,42.5,1,Spoof (AI),-76.14862823486328,41.763763427734375,38.73826217651367,31.02985382080078,-1.116890788078308,29.106637954711914,25.735631942749023,18.11717987060547,12.970874786376953,19.35209083557129,14.56855583190918,15.458831787109375,10.596782684326172,13.520784378051758,14.090685844421387,9.732779502868652,3.5094375610351562,9.573205947875977,10.612720489501953,7.443604946136475,3.2554051876068115,6.903691291809082,5.699776649475098,7.072571277618408,-1.7159079313278198,7.0986857414245605,-0.06847304105758667,5.7132086753845215,6.2191162109375,4.961724758148193,11.04669189453125,5.281497955322266,6.562469005584717,5.7385406494140625,4.966931343078613,4.651556491851807,0.014351032674312592,5.250977516174316,1.9185330867767334,4.984740257263184,-0.5312339067459106,6.925155162811279,-0.1791144609451294,5.366947650909424,-0.0074840122833848,4.563177585601807,-0.09632168710231781,2.577536106109619,-0.08766555786132812,2.1492085456848145,-0.043369654566049576,1.817567229270935,-0.0033852304331958294,1.7758921384811401,0.040259018540382385,1.253845453262329,0.046877171844244,1.6155130863189697,0.016911206766963005,1.3731330633163452,0.01666848734021187,1.182023525238037,-0.007598020602017641,1.0073471069335938,-0.02556169033050537,1.0009664297103882,-0.02162092924118042,0.949550211429596,0.03288574144244194,0.8662612438201904,0.037458162754774094,1.1265875101089478,0.04697035253047943,1.1282103061676025,0.01977516897022724,0.8457353115081787,0.015323234722018242,1.0532917976379395,-0.004652698989957571,0.9367062449455261,3207.761962890625,712.9815063476562,2993.640869140625,296.61761474609375,6962.00341796875,979.3461303710938,9159.6865234375,594.39306640625,0.037929732352495193,0.04149160534143448,17.956974029541016,5.926503658294678,8.930458068847656,2.9806642532348633,13.125068664550781,3.6911168098449707,18.185535430908203,4.538034915924072,16.262975692749023,3.664011240005493,15.919088363647461,2.701350450515747,39.13296890258789,3.784818649291992,0.10045256465673447,0.07904651761054993,0.18046174943447113,0.06264656037092209,0.015245935879647732,0.025503620505332947
spoof_4,Hybrid Trap_Hybrid Trap Isoxo,19,47.5,1,Spoof (AI),-85.11046600341797,33.83711624145508,53.12105941772461,25.631380081176758,-20.09998893737793,26.16502571105957,22.955711364746094,15.118622779846191,2.6835100650787354,14.411622047424316,3.7243573665618896,15.917457580566406,4.799164295196533,11.867265701293945,5.171331405639648,12.925249099731445,-3.0577895641326904,10.150751113891602,3.65559720993042,10.3242826461792,-0.17723789811134338,7.130954265594482,4.78448486328125,6.105260848999023,-3.5208566188812256,7.040229797363281,-0.30912652611732483,6.424013614654541,1.6240813732147217,7.045072078704834,6.5269389152526855,6.346892833709717,3.357605457305908,5.0758490562438965,0.030211130157113075,6.591921329498291,-1.7940324544906616,5.792882919311523,2.0212748050689697,6.013601779937744,-0.38354170322418213,5.904954433441162,-0.007276570424437523,4.054393291473389,-0.19738981127738953,3.1994071006774902,-0.047840666025877,1.8957130908966064,-0.05976467579603195,1.417251706123352,-0.09164897352457047,1.223726511001587,-0.06560008227825165,1.2314777374267578,-0.07940195500850677,1.0580941438674927,-0.07034724205732346,1.2839792966842651,-0.05116016045212746,1.348137617111206,-0.03199639916419983,1.114943504333496,-0.030688639730215073,0.7285013794898987,-0.04518996179103851,0.8956238627433777,-0.04034143313765526,1.0124280452728271,-0.09487923234701157,0.9912525415420532,-0.06797034293413162,0.9603398442268372,-0.03713750094175339,0.8781817555427551,-0.017901744693517685,0.857937753200531,0.016537703573703766,1.004223108291626,-0.04309156909584999,1.1922833919525146,3017.666259765625,697.1524047851562,2669.522705078125,368.8371276855469,6065.2353515625,1351.857421875,8612.9326171875,974.2234497070312,0.05455997958779335,0.05158660188317299,15.936863899230957,6.262247562408447,9.929615020751953,3.007172107696533,13.504960060119629,4.1726155281066895,18.90903091430664,4.186768531799316,17.640832901000977,3.019559144973755,16.440587997436523,2.164552688598633,41.45893478393555,4.340426445007324,0.1422526091337204,0.07494895160198212,0.12194020301103592,0.0656280666589737,0.015702206641435623,0.02616594173014164
spoof_4,Hybrid Trap_Hybrid Trap Isoxo,22,55.0,1,Spoof (AI),-60.616817474365234,30.390518188476562,42.22193908691406,22.366418838500977,-1.1080461740493774,14.39891242980957,28.628679275512695,9.726716995239258,19.27750587463379,6.38763427734375,15.842659950256348,6.7815985679626465,13.502310752868652,6.404567718505859,13.411446571350098,6.949170112609863,10.131181716918945,9.199295043945312,16.731449127197266,10.160680770874023,10.30368423461914,9.631328582763672,10.916790008544922,7.754000663757324,-0.8660328984260559,7.510937213897705,1.5446528196334839,6.3766679763793945,5.629932880401611,5.965181350708008,8.978754997253418,6.1077961921691895,4.456593036651611,5.5381011962890625,5.43988037109375,4.451261520385742,2.024209976196289,5.66353702545166,4.713917255401611,5.301690578460693,0.02446981705725193,6.168758392333984,0.16160622239112854,4.915032863616943,0.13294550776481628,2.8262674808502197,0.05384325981140137,2.220752239227295,0.018381742760539055,1.076910138130188,-0.01737482286989689,1.3045058250427246,-0.03752825781702995,1.1389217376708984,-0.012343108654022217,1.325852394104004,-0.0882626622915268,1.7871148586273193,-0.09449582546949387,1.8116916418075562,-0.002482922049239278,1.7466310262680054,0.004634261131286621,1.347172737121582,0.056711725890636444,1.3101139068603516,0.0015227568801492453,1.2084314823150635,-0.017503168433904648,1.1671456098556519,-8.960785635281354e-05,1.1732170581817627,-0.027291271835565567,1.0731064081192017,-0.039817020297050476,0.9518899917602539,-0.024483535438776016,1.1102803945541382,0.015115146525204182,0.9209975004196167,3215.3896484375,587.2648315429688,3043.696533203125,236.10865783691406,7134.966796875,1029.970947265625,9296.91015625,680.4445190429688,0.03679931163787842,0.028203526511788368,20.029325485229492,4.1174468994140625,9.643611907958984,2.8578412532806396,12.704903602600098,3.5679471492767334,17.965044021606445,4.206459999084473,17.565040588378906,3.539551258087158,15.786781311035156,2.3018035888671875,38.44173049926758,3.6579232215881348,0.08733000606298447,0.0402834378182888,0.1805633306503296,0.0432041734457016,0.014238775707781315,0.010429452173411846
spoof_4,Hybrid Trap_Hybrid Trap Isoxo,24,60.0,1,Spoof (AI),-67.68167877197266,28.715621948242188,45.22160720825195,22.410030364990234,-1.8226048946380615,14.898173332214355,29.47726821899414,9.337745666503906,16.983230590820312,7.402935981750488,12.252378463745117,9.761016845703125,11.911602973937988,8.525514602661133,11.78018569946289,9.933252334594727,8.12291145324707,11.686590194702148,11.275676727294922,10.734049797058105,2.8676469326019287,9.262578010559082,2.266845941543579,7.171661376953125,-4.266637325286865,5.966006278991699,1.2428675889968872,5.45939302444458,6.109066963195801,5.734989166259766,6.563876628875732,6.47720193862915,1.4953745603561401,6.482036113739014,2.9208500385284424,5.912296295166016,-2.4930903911590576,6.408553600311279,1.49470853805542,5.52273416519165,0.2675779163837433,5.528763294219971,0.07095204293727875,4.460868835449219,-0.1897810995578766,2.7612061500549316,-0.08198238909244537,1.8892449140548706,-0.13574062287807465,1.0206482410430908,-0.12296035885810852,1.169100284576416,-0.09450887888669968,0.8994066715240479,-0.11345790326595306,1.1221578121185303,-0.10676039010286331,1.794908046722412,-0.08025871962308884,1.681349754333496,-0.10841970145702362,1.5240894556045532,-0.05606706067919731,1.4121569395065308,-0.031357258558273315,1.1679118871688843,-0.043014366179704666,0.9171337485313416,-0.04567096009850502,1.0545133352279663,-0.048073939979076385,0.9481004476547241,-0.0467727892100811,0.7911704778671265,-0.04362529143691063,0.8029422163963318,-0.03384164720773697,0.9174298048019409,-0.0349452942609787,1.0055687427520752,3209.37109375,560.2056884765625,3001.519287109375,241.13189697265625,7027.64990234375,987.9974365234375,9300.44921875,627.13818359375,0.0428960956633091,0.032417427748441696,19.15155601501465,5.54337215423584,11.757209777832031,4.399435997009277,13.41053295135498,4.1609344482421875,18.044313430786133,4.915247440338135,17.97580909729004,3.4761743545532227,16.253328323364258,2.3000025749206543,38.74225616455078,3.603747844696045,0.1017795130610466,0.05472248047590256,0.1622750610113144,0.0635925680398941,0.014203604310750961,0.010109560564160347
spoof_4,Hybrid Trap_Hybrid Trap Isoxo,26,65.0,1,Spoof (AI),-65.8009262084961,22.84465789794922,47.10866928100586,20.095046997070312,1.4701975584030151,21.768146514892578,28.07993507385254,7.72402286529541,15.297849655151367,8.162066459655762,11.866222381591797,10.089537620544434,10.699580192565918,9.05846881866455,8.227858543395996,10.577712059020996,0.7038414478302002,9.728392601013184,8.327713012695312,9.865523338317871,1.1041711568832397,7.53114128112793,6.949176788330078,5.944082260131836,1.1961735486984253,6.591872215270996,2.2394769191741943,5.084287166595459,7.022058010101318,6.8124799728393555,7.537195682525635,7.385501861572266,3.7212371826171875,7.314228057861328,2.988197088241577,4.927062034606934,-3.52189302444458,5.501399040222168,1.4982179403305054,7.254848003387451,-0.04819567874073982,3.314591407775879,-0.12294378876686096,3.6959874629974365,0.23019257187843323,2.9603450298309326,-0.011875484138727188,1.1346615552902222,0.0933917909860611,0.9151410460472107,0.15004941821098328,0.9877995848655701,0.10215185582637787,0.9409476518630981,0.12529760599136353,0.9138491749763489,0.10231534391641617,1.2741774320602417,0.05519454553723335,1.2672160863876343,0.002696532988920808,1.0314520597457886,0.017353100702166557,0.7841667532920837,0.04912734404206276,0.9158673882484436,0.06492163240909576,0.8015347719192505,0.0664093866944313,0.9131923913955688,0.04579206183552742,0.8879802823066711,0.06510702520608902,0.7068739533424377,0.02929217927157879,0.6106971502304077,0.04111672192811966,0.9027698040008545,0.024766799062490463,1.1882655620574951,3236.989990234375,523.160400390625,3021.8955078125,331.8721618652344,6985.87939453125,1028.87158203125,9279.3154296875,509.3778381347656,0.04122196137905121,0.03013002686202526,17.793405532836914,5.4293389320373535,10.513936996459961,3.3197755813598633,13.66683578491211,3.8726718425750732,18.046972274780273,3.7187838554382324,17.7816162109375,3.009563446044922,15.71268081665039,2.18780255317688,38.82414245605469,3.399697780609131,0.1058892160654068,0.053539250046014786,0.16203859448432922,0.05926656350493431,0.012677003629505634,0.008456065319478512
spoof_4,Hybrid Trap_Hybrid Trap Isoxo,29,72.5,1,Spoof (AI),-64.31085205078125,22.31247329711914,44.70182800292969,20.941303253173828,8.21247673034668,15.714570999145508,33.59318923950195,8.584074974060059,21.390159606933594,5.718588352203369,19.507680892944336,4.99013090133667,15.347759246826172,5.607143402099609,13.643866539001465,4.50047492980957,5.627608299255371,6.12406063079834,12.535990715026855,6.601118087768555,3.1243252754211426,6.789942741394043,6.636791229248047,5.26875638961792,0.9670947790145874,5.472002029418945,3.0007083415985107,4.699007511138916,9.580934524536133,5.42385721206665,10.63720703125,5.907174587249756,7.599470138549805,5.403369903564453,5.478394508361816,4.3251142501831055,-2.0567471981048584,6.334444046020508,2.96492600440979,8.068086624145508,0.06571774929761887,3.638915777206421,-0.11319267004728317,4.207714557647705,-0.1445707082748413,2.9670817852020264,-0.03137713670730591,1.5189732313156128,-0.02803957462310791,0.9867426156997681,0.001711216289550066,0.8999515771865845,0.00855137500911951,1.0609140396118164,0.019891591742634773,0.7433644533157349,-0.032937388867139816,1.1834036111831665,-0.030351484194397926,1.2498096227645874,0.081540547311306,1.283635139465332,0.03508986532688141,0.9538649916648865,-0.006713553797453642,1.0041006803512573,-0.06639770418405533,0.8447197079658508,-0.09102931618690491,1.0055698156356812,-0.06892090290784836,1.2398993968963623,-0.05510104075074196,1.079180359840393,-0.018131159245967865,0.8641363382339478,0.013059181161224842,1.2796080112457275,0.10661406815052032,1.4576137065887451,3289.48291015625,604.9927368164062,3075.503173828125,257.8905334472656,7133.22265625,982.0416259765625,9322.53125,484.8046875,0.03537456691265106,0.02701876498758793,21.820919036865234,4.172110080718994,15.747875213623047,4.527106285095215,14.026288032531738,3.792562246322632,18.472911834716797,4.056000709533691,17.652463912963867,3.141531467437744,15.965117454528809,2.104583740234375,38.05414962768555,3.4955568313598633,0.1042412668466568,0.04207257181406021,0.16897428035736084,0.03966885432600975,0.01382866408675909,0.012110567651689053
spoof_4,Hybrid Trap_Hybrid Trap Isoxo,31,77.5,1,Spoof (AI),-78.55229187011719,23.686731338500977,66.96150207519531,20.44784164428711,-11.105813026428223,15.266253471374512,35.09434509277344,9.258322715759277,12.578039169311523,9.98808765411377,11.467114448547363,9.244080543518066,10.936704635620117,8.534086227416992,8.563279151916504,8.261964797973633,1.944164752960205,6.494316101074219,8.019522666931152,6.122616767883301,-0.28486788272857666,6.042507171630859,9.746516227722168,7.642901420593262,0.948312520980835,6.74309778213501,3.7755610942840576,5.845094680786133,7.275514602661133,5.843466758728027,9.032551765441895,5.413180351257324,4.351383209228516,5.525092601776123,3.2614166736602783,4.157322406768799,-4.174368858337402,5.564271926879883,-1.213431477546692,6.476728439331055,-0.1037847027182579,3.8138532638549805,-0.08560886234045029,2.8011980056762695,-0.20850788056850433,1.312950611114502,-0.15081921219825745,1.1780048608779907,-0.19317302107810974,0.8571096658706665,-0.13457386195659637,1.0943284034729004,-0.12706278264522552,1.0462690591812134,-0.11850949376821518,0.7770618200302124,-0.0894685760140419,0.7991352677345276,-0.05082890763878822,0.8947272300720215,-0.025219693779945374,0.8033806681632996,-0.03411722555756569,1.0500965118408203,-0.009995553642511368,1.002101182937622,0.00270889257080853,0.8880124688148499,0.010410631075501442,1.0430675745010376,0.014632145874202251,0.9300705194473267,-0.03712351992726326,0.8702847361564636,0.006648275535553694,0.7054629921913147,0.09633208811283112,1.0993813276290894,0.056954409927129745,1.409509539604187,2620.11962890625,536.5438232421875,2625.70703125,210.85293579101562,5508.9609375,986.4652099609375,8409.1640625,711.7806396484375,0.030039479956030846,0.02617846429347992,19.457469940185547,5.055928707122803,11.300581932067871,4.420045852661133,13.59815788269043,4.081634044647217,19.175310134887695,4.268727779388428,17.98647117614746,2.9428493976593018,16.987384796142578,2.3301687240600586,42.134647369384766,3.2910571098327637,0.1078694686293602,0.04809669405221939,0.14496442675590515,0.053064361214637756,0.005910937208682299,0.005790892522782087
spoof_4,Hybrid Trap_Hybrid Trap Isoxo,34,85.0,1,Spoof (AI),-66.75176239013672,28.33754539489746,50.276737213134766,23.148775100708008,-15.782710075378418,23.213436126708984,26.630123138427734,15.971471786499023,6.7307281494140625,16.470840454101562,9.202754020690918,16.15239715576172,10.019926071166992,14.746721267700195,8.167838096618652,14.279322624206543,-0.7060105800628662,11.434443473815918,5.05537748336792,8.585403442382812,-3.1525180339813232,7.410539627075195,6.6747660636901855,8.170492172241211,-0.5310253500938416,8.911595344543457,4.07258415222168,9.441338539123535,8.056361198425293,7.472171783447266,11.175647735595703,6.581428527832031,7.71351432800293,5.727019309997559,3.91719388961792,5.47383451461792,-4.212191104888916,6.207762718200684,-0.9101704359054565,6.021960258483887,0.14304007589817047,4.690885543823242,0.23533852398395538,3.1588189601898193,0.3412063419818878,1.7605082988739014,0.26183661818504333,1.1257506608963013,0.21540585160255432,0.9920090436935425,0.17970317602157593,1.1761599779129028,0.1192101389169693,1.1688159704208374,0.10693219304084778,1.3195134401321411,0.04523487389087677,1.5960811376571655,0.06889501959085464,1.0819350481033325,0.018904350697994232,0.9166500568389893,-0.013808762654662132,1.214026689529419,0.01381709799170494,1.012987494468689,0.07576864212751389,1.126590609550476,0.08354118466377258,1.384208083152771,0.06214730814099312,1.2469369173049927,0.03145303949713707,1.0586929321289062,0.0046115717850625515,0.8902429342269897,-0.006344892550259829,1.0631752014160156,-0.06653512269258499,1.0180408954620361,2870.40771484375,439.98724365234375,2744.595458984375,195.99087524414062,6095.2919921875,722.1231079101562,8762.26953125,440.4675598144531,0.031685907393693924,0.031545449048280716,20.349658966064453,7.5607991218566895,10.287954330444336,3.843846321105957,13.19907283782959,4.2821364402771,18.60585594177246,4.643272399902344,18.20977210998535,3.3242013454437256,16.595890045166016,2.177119493484497,41.22910690307617,3.087050199508667,0.09229420125484467,0.07035278528928757,0.1799411028623581,0.06310621649026871,0.00679581705480814,0.007200893945991993
spoof_4,Hybrid Trap_Hybrid Trap Isoxo,36,90.0,1,Spoof (AI),-59.79958724975586,30.15465545654297,55.82124710083008,23.903881072998047,-1.1660212278366089,22.726978302001953,32.86819076538086,12.627026557922363,14.650635719299316,9.075008392333984,17.126197814941406,7.481309413909912,12.501161575317383,7.63369607925415,12.147449493408203,7.624469757080078,2.574606418609619,7.0134100914001465,9.284360885620117,6.401924133300781,0.5189738869667053,5.773096084594727,8.80333137512207,6.344062328338623,-0.10937709361314774,5.448442459106445,3.997368335723877,4.900479793548584,7.4107794761657715,8.353754043579102,10.333357810974121,8.595622062683105,5.756384372711182,9.047470092773438,3.2312045097351074,6.609726905822754,-3.5530710220336914,5.5159478187561035,-3.7325353622436523,6.5346479415893555,0.12279871106147766,4.658064365386963,-0.128217414021492,4.145195484161377,-0.03256656602025032,2.8457891941070557,-0.01445047091692686,2.2802693843841553,0.026821427047252655,1.5360138416290283,0.008480708114802837,1.258292555809021,-0.004626353736966848,1.049617052078247,-0.011429848149418831,1.1274151802062988,0.00685442378744483,1.0764634609222412,-0.029804900288581848,1.1063908338546753,0.035537928342819214,1.004003882408142,0.023653903976082802,1.2545822858810425,0.0345633327960968,1.1421396732330322,0.033772967755794525,0.754805326461792,-0.026452329009771347,1.2005771398544312,0.044689156115055084,1.3564085960388184,0.028922567144036293,1.4820942878723145,0.021726978942751884,1.0526775121688843,0.04251320660114288,0.9535006880760193,-0.023842332884669304,1.1909937858581543,2836.365234375,473.22003173828125,2847.64501953125,248.21253967285156,6377.267578125,870.5324096679688,8805.9833984375,671.6696166992188,0.03357002139091492,0.03710412606596947,20.286888122558594,5.432268142700195,8.921531677246094,3.6686148643493652,12.156648635864258,4.175923824310303,16.59156036376953,4.79191780090332,16.659374237060547,3.8150172233581543,16.080078125,2.627903938293457,40.48090744018555,3.821906566619873,0.08735939115285873,0.05233997479081154,0.18620894849300385,0.05795757472515106,0.007688703015446663,0.008563519455492496
spoof_4,Hybrid Trap_Hybrid Trap Isoxo,39,97.5,1,Spoof (AI),-76.30208587646484,41.59133529663086,52.81446075439453,26.292081832885742,-1.441831350326538,14.834701538085938,33.96583938598633,11.460972785949707,18.220020294189453,7.978845596313477,21.82145118713379,7.337159633636475,15.824114799499512,6.600932598114014,13.322951316833496,6.804401397705078,6.379275798797607,7.599494457244873,10.439188957214355,5.530529022216797,3.162750244140625,5.2377777099609375,9.406383514404297,4.742346286773682,2.689469814300537,5.182535171508789,7.0002970695495605,4.737057209014893,8.462004661560059,5.562658786773682,11.255379676818848,6.124938011169434,6.370434761047363,7.991339206695557,5.005720138549805,6.277468204498291,-0.9730048179626465,6.529350280761719,3.608001708984375,7.409976005554199,0.3275744915008545,6.968541145324707,-0.2186989188194275,5.6705403327941895,0.10960317403078079,2.936934471130371,-0.09265182912349701,2.0309853553771973,0.07163999229669571,1.5165573358535767,0.0057090166956186295,1.1678423881530762,0.060238175094127655,1.0814179182052612,-0.013199510052800179,1.238162875175476,0.002051766263321042,1.5341752767562866,-0.04557521268725395,1.0269802808761597,0.01951252482831478,0.9498850107192993,-0.024883365258574486,0.8372454643249512,-0.010021139867603779,0.8400962352752686,-0.0032027121633291245,0.7959481477737427,0.02700251340866089,1.060956358909607,0.03127302601933479,1.1235069036483765,0.02816723845899105,1.2705734968185425,0.013407212682068348,1.121584415435791,-0.040494970977306366,1.2121734619140625,-0.06158148869872093,1.3932521343231201,2761.853271484375,613.1007080078125,2846.3154296875,259.1376953125,6213.625,1136.8292236328125,8795.765625,835.9044799804688,0.022526659071445465,0.023077523335814476,21.155996322631836,4.918422222137451,10.00171947479248,3.375620126724243,13.435197830200195,3.536956310272217,18.746265411376953,4.698933124542236,17.69223976135254,3.5055134296417236,16.701223373413086,2.6697027683258057,40.46408462524414,3.0816848278045654,0.0640394389629364,0.03551068902015686,0.19180715084075928,0.049619827419519424,0.006184389349073172,0.006079199258238077
spoof_4,Hybrid Trap_Hybrid Trap Isoxo,41,102.5,1,Spoof (AI),-71.91470336914062,27.217317581176758,60.052608489990234,23.135845184326172,-4.84226131439209,13.058125495910645,35.61402893066406,9.644790649414062,20.069067001342773,5.246671676635742,18.930437088012695,6.070656776428223,13.771111488342285,6.631328105926514,10.83798885345459,6.163084506988525,3.630255699157715,6.895473957061768,11.302650451660156,6.619951248168945,-1.324128270149231,5.650204658508301,8.659385681152344,5.251720905303955,1.502504825592041,4.447806358337402,3.253643274307251,4.353759288787842,7.76352596282959,5.258322715759277,9.842246055603027,6.492049694061279,5.669217586517334,6.573788642883301,1.7024248838424683,5.080638885498047,-3.2106759548187256,5.119300842285156,0.6454378962516785,6.174712657928467,0.20161373913288116,4.885303497314453,-0.08474606275558472,3.988351345062256,-0.14949218928813934,2.4129106998443604,-0.016753235831856728,1.7956136465072632,0.0381685271859169,0.9017155170440674,0.0031837711576372385,1.1493275165557861,-0.03122948296368122,1.1519367694854736,-0.0037904446944594383,1.064393162727356,0.016729768365621567,1.291286826133728,-0.0014417259953916073,1.2478736639022827,-0.056949835270643234,1.0042482614517212,0.03629361093044281,0.832798182964325,0.04407209903001785,0.7109211683273315,-0.03623146563768387,0.8094787001609802,-0.0063217394053936005,0.920296847820282,0.012338854372501373,0.9804269075393677,0.02206437662243843,0.8814237713813782,0.04443604499101639,0.8986640572547913,-0.015248783864080906,0.9722616672515869,-0.07785432785749435,1.2212963104248047,2734.438720703125,545.0029296875,2784.21630859375,234.58619689941406,6012.6982421875,1095.077880859375,8650.615234375,640.6847534179688,0.02474020980298519,0.027378065511584282,20.56169891357422,4.648514747619629,11.664155960083008,4.024501323699951,13.701960563659668,3.5763931274414062,18.500144958496094,4.2117695808410645,17.014196395874023,3.1273581981658936,16.20383644104004,2.2083773612976074,40.39459991455078,3.4761290550231934,0.07402659952640533,0.038538169115781784,0.16949251294136047,0.04232868179678917,0.00630890391767025,0.00871680025011301
spoof_4,Hybrid Trap_Hybrid Trap Isoxo,44,110.0,1,Spoof (AI),-74.45726013183594,23.744943618774414,44.83226776123047,22.410234451293945,-5.381493091583252,16.32638931274414,34.37974548339844,10.472314834594727,21.00058937072754,6.1436028480529785,18.67342758178711,5.510183334350586,15.563941955566406,5.3080549240112305,16.69480323791504,5.0705342292785645,8.877433776855469,7.378130912780762,15.415796279907227,7.633005142211914,1.4579849243164062,5.511966705322266,11.951521873474121,5.46267032623291,2.3795735836029053,4.754202842712402,2.8777918815612793,4.397009372711182,7.425861358642578,5.420327663421631,13.978951454162598,5.319679260253906,10.216925621032715,4.9112348556518555,5.744965076446533,4.58180046081543,-2.2057321071624756,5.694884300231934,2.3791396617889404,6.729828834533691,-0.15537045896053314,4.737619400024414,0.15588530898094177,4.5641093254089355,-0.04124824330210686,3.3170673847198486,0.11109080910682678,2.0503714084625244,-0.007716044317930937,1.0821021795272827,0.0011886259308084846,1.0349032878875732,0.05555124953389168,1.0050376653671265,0.03644770756363869,0.8180234432220459,-0.007144199684262276,1.4879847764968872,-0.03127828612923622,1.6609927415847778,-0.03434234485030174,1.1553969383239746,0.010332860052585602,1.1725430488586426,0.025185903534293175,0.9618262648582458,0.03992873802781105,0.8668122291564941,0.0020844782702624798,1.096511960029602,-0.0011802712688222528,1.0247472524642944,-0.020597312599420547,0.8798294067382812,-0.0421181246638298,0.8729777932167053,-0.03394213318824768,1.0438097715377808,-0.028252093121409416,1.418230652809143,3051.6865234375,605.1553955078125,2910.863525390625,309.34796142578125,6617.87109375,1277.68505859375,8866.595703125,794.96240234375,0.026147551834583282,0.026657063513994217,21.951995849609375,4.803319454193115,11.924324035644531,3.5203089714050293,13.150322914123535,3.2732796669006348,18.746307373046875,4.000789642333984,18.170074462890625,2.668896198272705,16.879545211791992,2.2950799465179443,40.45369338989258,4.437723159790039,0.07652678340673447,0.03698577359318733,0.17561735212802887,0.025745248422026634,0.009386296384036541,0.009703959338366985
spoof_4,Hybrid Trap_Hybrid Trap Isoxo,46,115.0,1,Spoof (AI),-84.26280975341797,26.915380477905273,59.856143951416016,19.61358642578125,-5.187460422515869,14.411142349243164,37.16422653198242,9.934353828430176,14.449762344360352,9.153271675109863,13.06344985961914,9.425790786743164,11.256970405578613,10.425812721252441,9.421683311462402,10.043854713439941,0.7718344926834106,10.625777244567871,5.679427623748779,10.776102066040039,-2.453195810317993,6.475295543670654,8.095646858215332,6.0883893966674805,-2.5220749378204346,6.771286487579346,-2.229238271713257,6.45556116104126,2.2499680519104004,7.137688636779785,6.069859027862549,7.5238542556762695,3.427159070968628,7.916348457336426,1.4346555471420288,6.434142589569092,-4.12155818939209,4.958887577056885,-1.7335957288742065,6.070656776428223,-0.22876153886318207,3.8356831073760986,0.25087907910346985,2.839660882949829,-0.0847049430012703,2.3827953338623047,0.06070009246468544,1.5540170669555664,0.009624763391911983,1.063766360282898,-0.038060639053583145,1.0341485738754272,-0.03594299405813217,1.24189031124115,-0.05369875580072403,0.9877009987831116,-0.004951558541506529,1.2192021608352661,-0.019025925546884537,1.2250796556472778,-0.011667913757264614,0.9340683221817017,0.03502505272626877,1.0249005556106567,-0.014705739915370941,1.1264580488204956,-0.04487169161438942,0.9171757698059082,0.008106916211545467,0.9465755224227905,0.03573739528656006,1.1545683145523071,0.03173348307609558,1.1351794004440308,0.015314210206270218,0.8912477493286133,0.05099205672740936,0.8995166420936584,0.031917598098516464,1.1868549585342407,2808.6572265625,454.06414794921875,2747.9599609375,246.50613403320312,6009.009765625,976.4423217773438,8633.966796875,647.6520385742188,0.030133061110973358,0.024465234950184822,18.827001571655273,7.447043418884277,12.702339172363281,4.270034313201904,14.964310646057129,4.399240493774414,18.786998748779297,4.03907585144043,18.13097381591797,3.0640296936035156,17.23923110961914,2.25358510017395,41.6082649230957,4.3284382820129395,0.09834346175193787,0.048803433775901794,0.13672000169754028,0.05657409504055977,0.006881680805236101,0.006566987372934818
spoof_4,Hybrid Trap_Hybrid Trap Isoxo,48,120.0,1,Spoof (AI),-153.90383911132812,32.894290924072266,70.61134338378906,20.21198272705078,-40.139339447021484,16.047632217407227,19.95693588256836,14.407904624938965,-16.345199584960938,13.765013694763184,-15.093979835510254,11.879467964172363,-12.89259147644043,12.05538272857666,-11.669922828674316,11.821578025817871,-12.809844017028809,9.645702362060547,-0.7164467573165894,9.59826946258545,-9.879195213317871,7.7223591804504395,-0.5191786885261536,8.74228286743164,-11.60191535949707,7.2275614738464355,-9.238005638122559,6.3584818840026855,-2.6334798336029053,7.914877414703369,8.64671516418457,7.207751274108887,4.620028972625732,5.905799388885498,1.8048627376556396,5.449770450592041,-5.493916034698486,5.367197513580322,1.7380720376968384,5.355207920074463,-0.008082716725766659,5.690917491912842,-0.13274653255939484,1.8385212421417236,-0.20036475360393524,1.4122732877731323,-0.13587701320648193,1.134393572807312,-0.1803094893693924,1.0291073322296143,-0.17569847404956818,0.8376508355140686,-0.15811045467853546,0.9312199950218201,-0.14351676404476166,0.9068254232406616,-0.14208853244781494,0.7488956451416016,-0.11296633630990982,0.8723592162132263,-0.09627515077590942,0.7408790588378906,-0.0162808857858181,0.7981144189834595,-0.028549768030643463,0.7848076224327087,-0.010452811606228352,0.8476464152336121,-0.09179865568876266,0.9811839461326599,-0.12981697916984558,0.898384153842926,-0.05927581340074539,0.7412792444229126,0.031458597630262375,0.6968244910240173,0.032667651772499084,0.8790149092674255,-0.024219108745455742,0.8346179723739624,2534.624755859375,356.45733642578125,2251.031005859375,154.75086975097656,4630.08740234375,577.6778564453125,7526.45263671875,680.8873901367188,0.02436361461877823,0.014656799845397472,11.753100395202637,5.798511028289795,12.188884735107422,3.7348153591156006,16.648332595825195,3.328220844268799,21.13875389099121,3.2059967517852783,19.63949966430664,2.4791040420532227,17.785619735717773,1.9252066612243652,46.1485481262207,3.861582040786743,0.1362847238779068,0.0316733755171299,0.05576726421713829,0.01647278480231762,0.003061579307541251,0.0031251085456460714
spoof_4,Hybrid Trap_Hybrid Trap Isoxo,51,127.5,1,Spoof (AI),-77.09230041503906,31.472209930419922,74.26543426513672,20.256711959838867,-11.726600646972656,17.248422622680664,23.40859603881836,9.675052642822266,12.186800003051758,8.652416229248047,13.402630805969238,7.410134315490723,14.28968620300293,6.33457088470459,10.48841667175293,6.92683744430542,6.450213432312012,6.079560279846191,12.924205780029297,4.720472812652588,3.3407955169677734,4.9049153327941895,11.538960456848145,5.188259601593018,3.124682903289795,4.1638970375061035,4.614316940307617,5.187668800354004,7.917462348937988,5.318565845489502,11.568872451782227,5.832568168640137,6.264468193054199,5.556345462799072,3.5377588272094727,6.294985294342041,1.9963836669921875,5.927810192108154,7.169650554656982,7.270226955413818,-0.10397219657897949,4.315809726715088,-0.11133530735969543,4.24312162399292,0.006699645891785622,3.0854644775390625,0.05656411126255989,1.638507604598999,0.06917021423578262,1.1365275382995605,0.06770779192447662,1.1515668630599976,0.09324195981025696,0.8398280143737793,0.09329167753458023,1.1066499948501587,0.07919169217348099,1.0943360328674316,0.0023028275463730097,0.927013635635376,-0.010775248520076275,0.9350790977478027,-0.053527481853961945,0.8474448919296265,-0.008178302086889744,0.7380459308624268,-0.03917656093835831,0.8095614910125732,-0.005384066142141819,0.9792320132255554,0.05686073750257492,1.169442892074585,0.03225525841116905,1.1825751066207886,0.024912642315030098,1.302882194519043,-0.027329398319125175,1.1875104904174805,-0.07228770107030869,1.2521350383758545,2450.078857421875,383.3607482910156,2662.9365234375,293.5963134765625,5429.10888671875,1007.9380493164062,8452.23046875,808.9448852539062,0.01979532465338707,0.01897607184946537,21.600194931030273,5.670536041259766,12.433968544006348,4.077426910400391,13.586385726928711,3.8914012908935547,18.322538375854492,4.5357747077941895,17.8198184967041,3.70335054397583,16.291088104248047,2.2829513549804688,40.24290466308594,3.7834956645965576,0.07161910086870193,0.04420485347509384,0.1688188910484314,0.060786694288253784,0.0036708221305161715,0.0032230131328105927
spoof_4,Hybrid Trap_Hybrid Trap Isoxo,53,132.5,1,Spoof (AI),-84.56945037841797,26.849775314331055,66.874267578125,24.500356674194336,2.762636184692383,17.64407730102539,31.465364456176758,10.235360145568848,22.46639060974121,5.369653224945068,19.046031951904297,5.473642349243164,18.333515167236328,6.05608606338501,16.94101333618164,5.185194969177246,7.795981407165527,7.183742046356201,15.863000869750977,6.687755107879639,0.8085058927536011,4.748704433441162,11.620635986328125,5.580953598022461,0.14267759025096893,4.360076904296875,1.862233281135559,4.54024076461792,9.053404808044434,5.337834358215332,12.164262771606445,5.112595081329346,7.466118335723877,4.358694553375244,3.1697943210601807,4.319790363311768,1.841971516609192,4.659265518188477,2.134364128112793,4.817952632904053,0.02699839137494564,5.891830921173096,-0.008331334218382835,5.829473972320557,0.1242646649479866,3.6038436889648438,0.0014537860406562686,2.1021785736083984,0.00979359820485115,0.9925264120101929,-0.03882945328950882,1.0410321950912476,-0.034051742404699326,1.0781136751174927,0.01724519580602646,0.9433380961418152,-0.022186901420354843,1.426482915878296,0.010061705484986305,1.3800773620605469,-0.055389564484357834,1.0171105861663818,0.004521476104855537,1.0457106828689575,-0.014690076932311058,0.7835294604301453,0.01789112389087677,0.8444073796272278,0.08446254581212997,0.8807827234268188,-0.008637708611786366,0.971324622631073,-0.04687201604247093,0.7986242175102234,-0.03200900927186012,0.8246313333511353,-0.01217994187027216,0.8524277806282043,0.00979759730398655,0.8338800668716431,2515.05078125,659.9813842773438,2844.8984375,392.3000793457031,5942.9150390625,1524.31982421875,8543.498046875,982.1913452148438,0.013677366077899933,0.020754721015691757,20.396520614624023,4.308598518371582,11.300143241882324,3.645254611968994,12.692727088928223,3.44577956199646,18.68287467956543,3.914762020111084,17.266786575317383,2.9533543586730957,16.586986541748047,2.008267641067505,39.78192138671875,3.5110840797424316,0.0445488840341568,0.03221671283245087,0.2082282155752182,0.030799098312854767,0.004823608323931694,0.006953227799385786
spoof_4,Hybrid Trap_Hybrid Trap Isoxo,56,140.0,1,Spoof (AI),-79.62203216552734,33.17905044555664,65.86094665527344,24.593244552612305,-4.934106349945068,15.000517845153809,31.19505500793457,8.996728897094727,15.584728240966797,8.94826889038086,14.481348037719727,7.034519672393799,10.767212867736816,8.973240852355957,8.90047836303711,9.831584930419922,2.0772387981414795,9.662552833557129,10.806452751159668,9.31160831451416,-2.790276050567627,7.101385116577148,8.66089916229248,6.5747294425964355,-2.2156753540039062,5.979022979736328,0.2521117031574249,4.8191046714782715,5.83431339263916,7.177759647369385,9.448631286621094,6.201206684112549,4.5162177085876465,5.68841028213501,-0.2516441345214844,5.230777740478516,-1.954968810081482,5.313275337219238,0.7193744778633118,4.984024524688721,0.044085435569286346,4.47598123550415,0.07288332283496857,4.504485607147217,0.030892984941601753,2.6483371257781982,-0.006283053662627935,1.541321873664856,-0.08618317544460297,0.7875391840934753,-0.08201497793197632,0.8586524724960327,-0.10749473422765732,0.9920938014984131,-0.07477942854166031,0.7868321537971497,-0.027099238708615303,1.2093719244003296,0.03392137587070465,1.1743216514587402,-0.006496774032711983,0.9063867926597595,-0.02669890783727169,0.9952793717384338,-0.030753545463085175,0.980913519859314,0.01696215756237507,0.8317813277244568,-0.02736961469054222,0.9739686250686646,-0.07689453661441803,0.9683818221092224,-0.07956366240978241,0.8017512559890747,-0.06932910531759262,0.6833934783935547,-0.07516080886125565,0.855742335319519,-0.030057966709136963,0.8101357221603394,2732.393310546875,642.222900390625,2766.01953125,334.59869384765625,6033.134765625,1352.51171875,8544.5947265625,924.588134765625,0.03391122445464134,0.03566242754459381,18.930463790893555,6.477115631103516,13.281005859375,4.359711170196533,14.061807632446289,3.7563650608062744,18.284542083740234,3.3276562690734863,15.93771743774414,2.7785232067108154,15.568205833435059,2.1950902938842773,40.421302795410156,4.104201316833496,0.0850558802485466,0.05215459689497948,0.1541936993598938,0.05983893945813179,0.008377022109925747,0.009382863529026508
spoof_4,Hybrid Trap_Hybrid Trap Isoxo,58,145.0,1,Spoof (AI),-101.26097869873047,42.43437576293945,78.60791778564453,31.429975509643555,-2.4970285892486572,27.25263786315918,33.677555084228516,17.778593063354492,14.451273918151855,13.041247367858887,16.299697875976562,9.934514999389648,11.690000534057617,9.617010116577148,10.581493377685547,7.377732276916504,5.408867835998535,7.13497257232666,12.093294143676758,7.509206295013428,5.695049285888672,5.816586017608643,10.453841209411621,5.3655805587768555,2.6590688228607178,5.02462911605835,1.3578675985336304,5.3790693283081055,5.667775630950928,5.93950080871582,12.162236213684082,5.704909801483154,5.695125102996826,4.18187141418457,1.9170352220535278,4.1544270515441895,-0.6707991361618042,5.039069652557373,4.107931613922119,4.464788436889648,0.23514121770858765,8.239282608032227,-0.18638509511947632,6.16419792175293,-0.14929206669330597,4.280740261077881,-0.1958477944135666,2.8162059783935547,-0.01607595942914486,2.0115299224853516,0.016262782737612724,1.4718390703201294,0.006562625989317894,1.4372944831848145,-0.01650853268802166,1.1100667715072632,-0.024715565145015717,1.105822205543518,-0.0615873783826828,1.227604627609253,0.03984036296606064,1.0480666160583496,-0.0027946962509304285,1.0241104364395142,0.06284400075674057,0.9413876533508301,0.013643632642924786,0.8680015206336975,-0.04708724468946457,1.0257508754730225,-0.06008467823266983,0.9149221777915955,0.02272670529782772,0.6616072654724121,0.030701126903295517,0.6958357095718384,0.023948170244693756,0.7941317558288574,-0.0013604804407805204,0.7448031306266785,2103.616943359375,646.4800415039062,2569.0029296875,366.8809509277344,4899.701171875,1307.2467041015625,7936.08203125,1252.7335205078125,0.012714005075395107,0.023619646206498146,19.51738929748535,4.80263614654541,8.710916519165039,2.5813894271850586,13.150230407714844,3.236342668533325,17.256738662719727,4.14163064956665,16.105241775512695,3.442153215408325,15.739156723022461,2.3108272552490234,41.05010223388672,4.314941883087158,0.047394927591085434,0.05181102827191353,0.21452197432518005,0.05731385573744774,0.003096583765000105,0.007273364812135696
spoof_4,Hybrid Trap_Hybrid Trap Isoxo,61,152.5,1,Spoof (AI),-91.11105346679688,29.675857543945312,77.90845489501953,21.268657684326172,7.324666500091553,12.943220138549805,40.02019500732422,10.380757331848145,18.218069076538086,4.435276031494141,15.674802780151367,5.416391372680664,11.401509284973145,4.9234843254089355,10.001154899597168,5.040635108947754,5.682297706604004,6.266496658325195,10.46599006652832,6.8554368019104,5.139086723327637,6.735970497131348,10.405064582824707,6.500199794769287,1.3527600765228271,4.800256729125977,3.579341411590576,4.035098552703857,8.368950843811035,4.323738098144531,11.320525169372559,5.1631927490234375,5.877204418182373,4.570847988128662,1.364140272140503,3.8070051670074463,-0.7042050361633301,5.13736629486084,2.8124895095825195,5.409654140472412,0.09358631819486618,6.140507698059082,-0.04858618602156639,4.91246223449707,-0.08888369053602219,2.689426898956299,0.05540559068322182,2.071383476257324,0.02990851365029812,0.7374941110610962,-0.030012207105755806,0.9762174487113953,0.007134221028536558,0.9932569265365601,8.296746091218665e-05,0.8905310034751892,0.01694907434284687,1.1594570875167847,0.0199604369699955,1.2586852312088013,-0.037798915058374405,1.30690336227417,-0.05590052157640457,1.2373181581497192,-0.01600181683897972,0.8364362120628357,0.016242844983935356,0.7798424959182739,0.03532806783914566,0.7433589100837708,0.038828130811452866,0.9758464097976685,0.020846130326390266,0.7851531505584717,-0.00611569918692112,0.7548997402191162,-0.04792545735836029,0.9327852129936218,-0.032284047454595566,0.9323391914367676,2202.4931640625,545.7633056640625,2686.769775390625,308.51055908203125,5196.03173828125,1235.534912109375,8260.2265625,988.770263671875,0.00962701067328453,0.01671414263546467,20.693729400634766,5.530062675476074,10.650702476501465,4.040431499481201,13.818296432495117,3.8416173458099365,18.64381217956543,4.276176929473877,17.252544403076172,3.462503433227539,16.21677589416504,2.040940761566162,40.56625747680664,4.184398174285889,0.039718061685562134,0.026949644088745117,0.21290510892868042,0.03377208113670349,0.002352220704779029,0.004809499718248844
spoof_4,Hybrid Trap_Hybrid Trap Isoxo,63,157.5,1,Spoof (AI),-110.8033676147461,34.6044807434082,87.02674865722656,20.04157257080078,-11.152923583984375,15.77078914642334,40.598079681396484,10.675944328308105,11.202780723571777,10.516556739807129,9.005537986755371,10.42446517944336,8.576973915100098,9.562853813171387,6.939655303955078,9.107115745544434,0.7287673950195312,7.743521690368652,9.580507278442383,5.999350547790527,-2.8813931941986084,6.636696815490723,5.195034027099609,8.21684455871582,-5.291057586669922,8.577668190002441,-0.5963273048400879,6.908536434173584,6.33406925201416,6.299040794372559,11.530404090881348,5.346543788909912,8.468514442443848,4.554689884185791,3.1107120513916016,3.5080552101135254,-0.7133496403694153,4.33168363571167,3.3792707920074463,5.0221405029296875,-0.0958324745297432,5.652227878570557,-0.18884660303592682,3.1676251888275146,-0.1994018852710724,1.3942570686340332,-0.0790710300207138,1.6790859699249268,-0.10132700949907303,0.7895713448524475,-0.13353803753852844,0.9609272480010986,-0.08834850043058395,0.751972496509552,-0.10994754731655121,0.7918910980224609,-0.04408121109008789,0.9747896790504456,-0.0015090130036696792,0.7881343960762024,-0.07578321546316147,0.8361507654190063,-0.036363665014505386,0.915649950504303,-0.11572157591581345,0.7578096389770508,-0.037552207708358765,0.8297631144523621,-0.011264337226748466,0.7379971146583557,0.004865510389208794,0.9575595259666443,-0.023064998909831047,0.8214575052261353,-0.045488860458135605,0.5611615777015686,-0.015127819962799549,0.8540533781051636,-0.010835249908268452,0.8456972241401672,2140.27880859375,503.6589660644531,2386.294921875,303.7414855957031,4532.09130859375,966.0177612304688,7494.900390625,1055.4111328125,0.014547469094395638,0.016600579023361206,18.981611251831055,5.141666412353516,12.597180366516113,3.9658679962158203,14.181527137756348,3.5358943939208984,20.49761962890625,3.7179925441741943,18.60816192626953,2.779956340789795,16.991281509399414,2.1389527320861816,43.24638748168945,4.206939220428467,0.0783148854970932,0.04473702982068062,0.13572165369987488,0.05994221568107605,0.0022163959220051765,0.003954668063670397
spoof_4,Hybrid Trap_Hybrid Trap Isoxo,66,165.0,1,Spoof (AI),-95.46446990966797,29.69778060913086,62.973995208740234,23.808574676513672,-1.998635172843933,32.16610336303711,32.40488052368164,12.131345748901367,14.996809959411621,15.955103874206543,10.398125648498535,14.006827354431152,7.142745018005371,12.669175148010254,6.1980204582214355,12.269866943359375,-1.017748236656189,11.135626792907715,10.710417747497559,10.675439834594727,-1.1076679229736328,8.133377075195312,6.576786518096924,6.922963619232178,-2.7989981174468994,6.075504302978516,-3.8958067893981934,6.840887546539307,3.643367052078247,11.331038475036621,8.8980712890625,11.247116088867188,6.107617378234863,8.976027488708496,1.6256706714630127,6.902983665466309,-1.392674446105957,7.875393390655518,1.9248764514923096,4.925947189331055,-0.22333946824073792,5.478327751159668,-0.17708835005760193,4.838641166687012,-0.3355937898159027,3.492670774459839,-0.06049923226237297,1.8551082611083984,-0.14476747810840607,1.100474238395691,-0.15937034785747528,1.0291494131088257,-0.10269510000944138,1.221003770828247,-0.09377818554639816,1.2451281547546387,-0.11424802243709564,1.2941192388534546,-0.056852102279663086,1.2676054239273071,-0.06548315286636353,1.0808708667755127,-0.01801653578877449,1.0976427793502808,-0.02741997316479683,0.9370331168174744,-0.061106570065021515,1.0519933700561523,-0.06466960906982422,1.049841046333313,-0.080165795981884,1.0478638410568237,-0.054531875997781754,0.8103396892547607,-0.06897752732038498,0.7384911775588989,-0.06049486622214317,0.8089029788970947,-0.040926121175289154,0.7812017202377319,2662.56640625,688.3291625976562,2764.0009765625,491.4685363769531,5846.81298828125,1586.819580078125,8456.318359375,1103.6439208984375,0.01902749389410019,0.019648656249046326,17.863327026367188,6.370766639709473,10.204963684082031,3.341219186782837,14.143390655517578,4.350249767303467,19.771150588989258,3.995635509490967,17.67710304260254,2.850888967514038,16.6345157623291,2.215559959411621,40.32807159423828,5.261639595031738,0.0760158970952034,0.05839475616812706,0.17548903822898865,0.07002280652523041,0.005397013854235411,0.006772647611796856
spoof_4,Hybrid Trap_Hybrid Trap Isoxo,68,170.0,1,Spoof (AI),-114.90606689453125,40.99708557128906,93.88771057128906,25.419635772705078,-8.83906364440918,27.1755313873291,39.62761306762695,16.717256546020508,13.541959762573242,17.005550384521484,10.443341255187988,14.054924011230469,10.599629402160645,13.372727394104004,2.0291130542755127,9.466032028198242,-1.144605278968811,10.532569885253906,4.993288516998291,9.20415210723877,-3.4020886421203613,8.370035171508789,6.940570831298828,4.646003723144531,1.013770580291748,7.028936862945557,0.8039078712463379,5.553244590759277,4.158176898956299,8.509502410888672,8.65857982635498,9.169917106628418,4.720317840576172,7.806863784790039,2.0086681842803955,5.537914752960205,-1.7689282894134521,5.989484786987305,1.8349783420562744,5.2415924072265625,-0.09449071437120438,6.829921722412109,0.12525399029254913,4.878015518188477,0.31099432706832886,2.1970808506011963,0.11303433775901794,2.4763875007629395,0.17578071355819702,1.167634129524231,0.13994675874710083,1.2173563241958618,0.13639885187149048,1.105843424797058,0.03611089289188385,0.8696523904800415,0.09918651729822159,0.9604494571685791,0.1001858338713646,0.8374611139297485,0.09866628795862198,0.7234355807304382,0.04214942827820778,0.5771178603172302,0.10806814581155777,0.8908307552337646,0.07900422066450119,0.754235029220581,0.0668342113494873,0.7536959648132324,0.08501216024160385,0.7348496913909912,0.049142953008413315,0.8554348945617676,0.04242391511797905,0.6777538657188416,0.10868967324495316,0.6728988885879517,0.07368191331624985,0.7694819569587708,1792.5313720703125,668.1493530273438,2232.541015625,323.9999694824219,3863.8642578125,1148.2266845703125,6872.431640625,1290.5205078125,0.010784548707306385,0.015295015648007393,17.537443161010742,5.835105895996094,9.706046104431152,3.050312042236328,14.114151000976562,4.025687217712402,19.679548263549805,4.357479572296143,15.920467376708984,3.405402183532715,16.23470115661621,2.353321075439453,42.24037170410156,4.579498291015625,0.059615522623062134,0.060331594198942184,0.20187903940677643,0.08449048548936844,0.001508165616542101,0.00355801940895617
spoof_4,Hybrid Trap_Hybrid Trap Isoxo,71,177.5,1,Spoof (AI),-227.57379150390625,134.04525756835938,132.7434844970703,34.4898567199707,26.684247970581055,22.840185165405273,44.87089157104492,12.012431144714355,16.109426498413086,6.100736618041992,9.300804138183594,5.233514785766602,7.953872203826904,6.868438243865967,5.956186771392822,4.602314472198486,5.875453472137451,4.431175231933594,7.672426700592041,3.0507373809814453,2.2094876766204834,5.130496978759766,4.811885356903076,4.035478115081787,1.0567264556884766,4.246354579925537,-0.3933318555355072,4.2658538818359375,2.113926887512207,4.270181655883789,6.491586685180664,4.470670223236084,2.7676305770874023,3.190401554107666,1.5879483222961426,3.3189501762390137,1.538508415222168,2.8578507900238037,4.285207271575928,3.963361978530884,-1.7023733854293823,4.204658508300781,0.05877791345119476,2.7026305198669434,0.418649286031723,1.5394680500030518,0.11633659899234772,1.1891247034072876,0.021584581583738327,0.711803138256073,-0.04681932553648949,0.6859889030456543,-0.12854692339897156,0.8453608751296997,-0.02353370189666748,0.6645393967628479,0.0438641719520092,0.6192959547042847,0.06276301294565201,0.5742574334144592,-0.011032395996153355,0.6919938921928406,0.005191351752728224,0.6587159633636475,0.01736721210181713,0.6916547417640686,0.030058780685067177,0.6012588739395142,0.0020292114932090044,0.587011456489563,-0.004826183896511793,0.6038846969604492,0.015204276889562607,0.5153974294662476,0.030809756368398666,0.5791841745376587,-0.030041182413697243,0.5502366423606873,-0.04258082062005997,0.5434666275978088,1027.2724609375,733.788330078125,1658.2891845703125,641.09716796875,2159.80029296875,1888.01220703125,4386.5927734375,2368.531005859375,0.0038462579250335693,0.01311861164867878,20.93963050842285,4.248292446136475,11.61955738067627,3.3439877033233643,13.248551368713379,3.5650689601898193,17.738296508789062,3.5641143321990967,15.72816276550293,2.454235792160034,14.466463088989258,1.7898592948913574,41.38317108154297,4.210587024688721,0.0203586146235466,0.017693407833576202,0.13160794973373413,0.07557255774736404,0.0009653123561292887,0.0037676687352359295
spoof_5,Midwest_Fretwork Fractures (1),0,0.0,1,Spoof (AI),-268.1959533691406,82.35365295410156,159.77752685546875,37.40529251098633,-38.34026336669922,17.19533920288086,44.539485931396484,19.55818748474121,-10.940154075622559,15.720812797546387,-14.263359069824219,14.559432983398438,-9.923270225524902,10.94602108001709,-8.652739524841309,8.8903226852417,3.102130174636841,8.635292053222656,-9.937480926513672,8.217412948608398,-9.226460456848145,7.646182060241699,-7.846066951751709,8.979920387268066,-13.885016441345215,7.349904537200928,-4.91916561126709,8.625564575195312,-6.925011157989502,12.808881759643555,0.8899762034416199,8.731658935546875,-4.622769832611084,7.3396077156066895,-11.623046875,7.664285182952881,-11.388983726501465,8.347493171691895,-11.769355773925781,11.557550430297852,2.421581983566284,12.991701126098633,0.9128020405769348,5.589408874511719,-0.029413925483822823,3.4197163581848145,0.2551943361759186,2.789907455444336,-0.010737613774836063,1.8329005241394043,-0.22067075967788696,1.6609679460525513,-0.09656185656785965,1.919440507888794,-0.09270168095827103,1.4418554306030273,0.027967583388090134,1.5270968675613403,-0.09394246339797974,1.4549142122268677,-0.062209609895944595,1.3444116115570068,0.0010411717230454087,1.5864291191101074,-0.038600411266088486,1.3299471139907837,0.09923901408910751,1.3435736894607544,-0.04373631626367569,1.6616802215576172,-0.1009272113442421,1.4246324300765991,-0.07166208326816559,1.4228794574737549,-0.06437502801418304,1.3125026226043701,-0.02735082246363163,1.1047916412353516,-0.05279724299907684,1.6292533874511719,1310.6453857421875,518.3536376953125,1417.542236328125,449.4136657714844,2468.841552734375,1080.2747802734375,4216.8193359375,1558.4588623046875,0.003341763047501445,0.0149059584364295,13.069912910461426,6.474714279174805,17.574100494384766,4.2430100440979,17.44983673095703,4.340408802032471,24.673154830932617,4.7036027908325195,25.52739906311035,4.695333957672119,23.242250442504883,4.0350341796875,50.429813385009766,6.785369873046875,0.0767754465341568,0.023430975154042244,0.06029858440160751,0.011999240145087242,0.0011505960719659925,0.007456439081579447
spoof_5,Midwest_Fretwork Fractures (1),2,5.0,1,Spoof (AI),-150.35333251953125,60.7519645690918,97.10714721679688,36.67694091796875,-15.622974395751953,20.6646728515625,33.35097885131836,14.538443565368652,-0.11199046671390533,14.469245910644531,-11.733399391174316,14.335017204284668,-5.693093776702881,10.404181480407715,-1.824524164199829,10.51101303100586,6.144448757171631,8.620244979858398,-2.0702357292175293,9.3071870803833,-12.186870574951172,8.741262435913086,-11.335615158081055,9.722494125366211,-15.57413387298584,8.37833309173584,-6.416123390197754,9.465242385864258,-4.737950801849365,7.952119827270508,-0.021181883290410042,7.771066665649414,-6.410964012145996,8.915285110473633,-8.785815238952637,7.961278438568115,-9.416675567626953,6.258573055267334,-7.249841213226318,9.546887397766113,1.0013130903244019,7.226850509643555,-0.5614928007125854,4.116950511932373,0.19049546122550964,2.5085971355438232,-0.18647363781929016,2.7002155780792236,0.02353626675903797,1.912278652191162,0.20094935595989227,1.9171522855758667,-0.005820905789732933,1.6329960823059082,0.11485322564840317,1.5260951519012451,-0.08488726615905762,1.8078984022140503,-0.0024508326314389706,1.425305962562561,-0.014765112660825253,1.493235468864441,0.06379365175962448,1.8209537267684937,-0.03238101676106453,1.2527676820755005,-0.09933371096849442,1.6091734170913696,-0.05097034201025963,1.4944593906402588,0.01100614108145237,1.4681921005249023,0.04820142686367035,1.2950903177261353,0.012862158939242363,1.2949782609939575,-0.0717678889632225,1.1875276565551758,0.019506467506289482,1.5416836738586426,2202.5,770.9642333984375,2288.922607421875,635.7630615234375,4668.01953125,1891.822021484375,7064.53564453125,2175.674072265625,0.01584756001830101,0.020959263667464256,12.847979545593262,6.144606113433838,15.51195240020752,4.334600448608398,18.259597778320312,3.918426752090454,23.4753475189209,4.672804355621338,23.069740295410156,4.545748233795166,21.751073837280273,3.9668526649475098,44.07564163208008,7.152157783508301,0.0987752303481102,0.03372638672590256,0.09048524498939514,0.026123473420739174,0.006160261109471321,0.010043769143521786
spoof_5,Midwest_Fretwork Fractures (1),5,12.5,1,Spoof (AI),-103.81647491455078,44.79667282104492,74.40652465820312,24.811681747436523,-20.444656372070312,18.736494064331055,31.435903549194336,14.344025611877441,1.9114965200424194,18.875080108642578,-8.320548057556152,13.208490371704102,-1.1106890439987183,11.50206470489502,-1.575230598449707,9.652800559997559,1.9442051649093628,10.044899940490723,-4.074502468109131,9.7022123336792,-5.604921817779541,6.562807083129883,-6.251413345336914,9.233076095581055,-11.026392936706543,8.651654243469238,-5.483061790466309,7.6415324211120605,-6.380208969116211,8.000701904296875,1.3452550172805786,9.381999969482422,-2.6301958560943604,9.067313194274902,-5.272984027862549,7.967154026031494,-3.1504061222076416,7.218857765197754,-5.016080379486084,7.9330315589904785,0.04112447053194046,6.698589324951172,-0.20879967510700226,3.218982458114624,-0.002588894683867693,2.426816701889038,-0.06341762095689774,2.7175025939941406,0.11663419008255005,2.3609163761138916,-0.09373067319393158,2.138582468032837,-0.04076158627867699,1.9092648029327393,-0.06970717012882233,1.7178467512130737,0.003119504079222679,2.1446681022644043,0.09019884467124939,1.9942725896835327,-0.05574123188853264,1.4132585525512695,0.02457522414624691,1.6740001440048218,0.12243444472551346,1.7217446565628052,0.02882309816777706,1.4743797779083252,-0.018593644723296165,1.3307665586471558,-0.08876684308052063,1.294872760772705,0.04209839925169945,1.660128116607666,0.08268384635448456,1.4928675889968872,-0.053221624344587326,1.5889432430267334,-0.07211945950984955,1.6284279823303223,2516.751220703125,514.0518188476562,2486.49462890625,454.273681640625,5163.4326171875,1336.4853515625,8044.49560546875,1613.4400634765625,0.020165491849184036,0.02013316936790943,14.292139053344727,6.885499000549316,12.461648941040039,4.193504333496094,16.984338760375977,4.443968296051025,21.857709884643555,5.217263698577881,21.2387752532959,4.614159107208252,20.991024017333984,3.642664670944214,43.19623565673828,6.393086910247803,0.11944580078125,0.026419518515467644,0.11662159115076065,0.03199629485607147,0.005830614827573299,0.006724104750901461
spoof_5,Midwest_Fretwork Fractures (1),7,17.5,1,Spoof (AI),-104.32044982910156,41.55549621582031,75.3834457397461,21.90045928955078,-10.69033432006836,12.78723430633545,25.206165313720703,13.905964851379395,7.365924835205078,8.405604362487793,-10.978819847106934,13.656546592712402,-0.9252969026565552,11.379884719848633,2.136155843734741,9.665699005126953,5.722920894622803,10.3655424118042,-1.9405157566070557,10.18166446685791,-4.34009313583374,7.285494804382324,-6.435656547546387,8.394274711608887,-10.86136531829834,6.787437438964844,-9.295165061950684,9.685625076293945,-8.428630828857422,6.946138381958008,2.2618408203125,6.871707916259766,0.7697188854217529,7.626194477081299,-4.478872299194336,7.443833827972412,-5.460815906524658,8.761080741882324,-3.3428680896759033,9.414118766784668,0.3119542598724365,7.465901851654053,0.17637065052986145,4.2331438064575195,-0.036473944783210754,2.1970839500427246,0.03459862247109413,2.715775966644287,0.11022067070007324,1.5840181112289429,0.20046912133693695,2.497143030166626,0.1565537303686142,2.342742681503296,0.09067696332931519,2.0414040088653564,0.09744887053966522,2.2407517433166504,0.10939427465200424,1.8514121770858765,0.07990531623363495,1.5011409521102905,0.002308955881744623,1.4728314876556396,0.02293333038687706,1.067539095878601,0.02677442878484726,1.640470266342163,0.038123130798339844,1.4315059185028076,0.07349228113889694,1.3757950067520142,0.01943940296769142,1.5015270709991455,0.017643406987190247,1.5076513290405273,0.03025614283978939,1.6306146383285522,0.030745232477784157,1.6641862392425537,2504.009521484375,515.3910522460938,2615.534423828125,314.14739990234375,5268.158203125,1297.479736328125,8556.9560546875,1141.9593505859375,0.01924015022814274,0.018604859709739685,16.612815856933594,6.943643569946289,12.846579551696777,4.318761348724365,16.471986770629883,4.623892307281494,21.98614501953125,4.936275005340576,22.538240432739258,5.086070537567139,21.213054656982422,3.4999067783355713,40.329341888427734,3.785165548324585,0.11291956156492233,0.03497275337576866,0.12078852951526642,0.0337858647108078,0.006125441752374172,0.0066118803806602955
spoof_5,Midwest_Fretwork Fractures (1),10,25.0,1,Spoof (AI),-81.23464965820312,30.23934555053711,71.32746124267578,20.693193435668945,-14.573375701904297,13.263697624206543,20.67487335205078,15.43694019317627,4.431934833526611,11.582860946655273,-5.539868354797363,13.445463180541992,4.594298839569092,12.005858421325684,0.6434730291366577,8.416057586669922,1.7131578922271729,9.14261531829834,-1.930382490158081,8.854421615600586,-2.165994882583618,8.907475471496582,0.6254536509513855,8.91331958770752,-4.135257720947266,11.132709503173828,-1.9665700197219849,9.594963073730469,-3.002946138381958,7.329956531524658,0.9692970514297485,7.812087535858154,-3.1204981803894043,8.002812385559082,-5.832304954528809,6.872662544250488,-4.798456192016602,7.373819351196289,-5.264398097991943,6.514120578765869,0.22552596032619476,5.388640880584717,-0.01211017370223999,3.7529661655426025,-0.007614550646394491,2.4010932445526123,0.05292198434472084,2.6365110874176025,0.11231116205453873,2.0804476737976074,0.10191382467746735,2.380760431289673,-0.0055675506591796875,2.2146706581115723,-0.01655571535229683,1.829743504524231,-0.09427093714475632,1.9375325441360474,-0.1088821068406105,1.726192831993103,-0.11257272958755493,1.5336437225341797,-0.1308063417673111,1.6340241432189941,-0.11780637502670288,1.878435730934143,-0.04474342614412308,1.738589882850647,-0.01238896045833826,1.3933229446411133,-0.005571660120040178,1.6098881959915161,0.0002606533234938979,1.5489782094955444,0.004371660761535168,1.252782940864563,0.026745116338133812,1.2572863101959229,0.04764077439904213,1.285024642944336,2656.3447265625,541.5162353515625,2686.408203125,327.0328674316406,5637.8115234375,1381.7562255859375,8722.392578125,1011.396728515625,0.02431054599583149,0.018854044377803802,15.060843467712402,6.5244059562683105,10.999343872070312,4.477626800537109,15.467666625976562,4.8913774490356445,21.38970947265625,5.0487494468688965,19.81892967224121,3.672767400741577,19.17227554321289,3.131225824356079,40.394248962402344,4.237111568450928,0.1076999232172966,0.032197896391153336,0.1311785876750946,0.03448761999607086,0.007901151664555073,0.007876744493842125
spoof_5,Midwest_Fretwork Fractures (1),12,30.0,1,Spoof (AI),-90.89912414550781,35.073753356933594,71.82530212402344,18.478830337524414,-6.230945587158203,14.202337265014648,25.165178298950195,12.190668106079102,9.460577964782715,9.208497047424316,-4.656828880310059,10.083001136779785,4.003897190093994,10.089941024780273,3.6231882572174072,8.450257301330566,1.0311483144760132,9.489824295043945,-2.748501777648926,8.777593612670898,-4.504726886749268,8.01971435546875,-6.900519371032715,7.286407470703125,-11.25218391418457,7.498525142669678,-4.586837291717529,8.064130783081055,-3.221425771713257,7.013913154602051,1.7321504354476929,6.459100246429443,-1.8327113389968872,7.3211350440979,-5.181705951690674,6.819159984588623,-4.457873821258545,7.108941078186035,-2.1981112957000732,5.718750476837158,-0.08151774853467941,7.358587265014648,0.04207335412502289,3.9020979404449463,0.05916779488325119,2.4012539386749268,-0.07867751270532608,2.570349931716919,-0.07173978537321091,1.7171030044555664,-0.09436206519603729,1.9102153778076172,-0.08091497421264648,1.9521840810775757,-0.030019981786608696,1.5436731576919556,-0.02947707660496235,1.7120943069458008,-0.003251084592193365,1.6142984628677368,-0.06519114971160889,1.4361891746520996,-0.027819231152534485,1.2886545658111572,-0.0033205836080014706,1.4741013050079346,-0.06094825640320778,1.3787972927093506,-0.05443315580487251,1.1290687322616577,0.0016655458603054285,1.0579509735107422,0.055966708809137344,1.2943637371063232,0.04550101235508919,1.2999193668365479,-0.04822283238172531,1.2561159133911133,-0.04131024703383446,1.1866519451141357,2659.969970703125,588.449462890625,2754.778076171875,241.40057373046875,5756.04443359375,1165.1280517578125,8936.1796875,638.76123046875,0.030786223709583282,0.0454045794904232,14.47488784790039,6.8479743003845215,13.752289772033691,4.864963531494141,15.392951011657715,4.255606651306152,20.971134185791016,4.703832626342773,20.988523483276367,4.346690654754639,18.73564910888672,2.844614028930664,39.4214973449707,3.5888257026672363,0.11532027274370193,0.06323643028736115,0.12176825106143951,0.037351273000240326,0.013924377039074898,0.042005520313978195
spoof_5,Midwest_Fretwork Fractures (1),15,37.5,1,Spoof (AI),-73.83389282226562,37.021087646484375,75.60773468017578,15.456109046936035,-23.278438568115234,25.555953979492188,31.89338493347168,7.708663463592529,2.5219342708587646,17.298595428466797,-1.6685079336166382,8.492535591125488,2.7175676822662354,10.158549308776855,4.234589099884033,7.9903950691223145,2.5708250999450684,6.724106311798096,0.5337298512458801,8.552406311035156,-0.46836167573928833,6.847825527191162,-3.809257984161377,7.2104411125183105,-10.391304969787598,6.830216884613037,-3.0253374576568604,8.296964645385742,-2.608391284942627,7.995180130004883,4.204949855804443,6.987217426300049,-4.634693622589111,6.58413553237915,-6.313732147216797,5.607380390167236,-0.39988791942596436,5.206047534942627,1.4572747945785522,6.329641342163086,0.21716196835041046,4.380057334899902,-0.0818602666258812,2.6796576976776123,-0.09242373704910278,2.738755226135254,-0.04080009460449219,1.486786961555481,-0.023100711405277252,1.9349991083145142,-0.054047778248786926,1.4172221422195435,-0.01656659133732319,1.4996589422225952,0.005944404285401106,1.3188437223434448,-0.004805406089872122,1.0722997188568115,-0.039598915725946426,1.068539023399353,-0.06301167607307434,1.3197154998779297,-0.0368235744535923,1.1837841272354126,-0.01350419968366623,1.3586055040359497,-0.08027559518814087,1.531724452972412,-0.05583643913269043,1.1752240657806396,-0.011169840581715107,1.4163316488265991,0.001983664697036147,1.2479127645492554,-0.001448152237571776,1.0226609706878662,-0.014816142618656158,1.0305320024490356,-0.05129241198301315,1.1163564920425415,2567.966552734375,337.4428405761719,2462.06494140625,394.3573913574219,5133.2265625,891.35009765625,8104.708984375,1367.8966064453125,0.023114994168281555,0.016390560194849968,15.97620964050293,5.2650322914123535,12.56414794921875,3.811373472213745,15.77815055847168,4.012417316436768,21.925355911254883,3.8677070140838623,21.52029037475586,3.5488014221191406,20.60222816467285,2.9312281608581543,44.164398193359375,5.9020514488220215,0.1331583708524704,0.026644419878721237,0.12590791285037994,0.026893900707364082,0.005393799860030413,0.004803414922207594
spoof_5,Midwest_Fretwork Fractures (1),17,42.5,1,Spoof (AI),-55.162017822265625,13.894355773925781,72.98648071289062,7.991755962371826,-12.21186351776123,5.38692569732666,32.304649353027344,6.298526287078857,10.199090003967285,5.711091995239258,1.2529622316360474,7.263738632202148,8.897808074951172,6.539635181427002,7.985553741455078,5.896702289581299,3.534959077835083,6.766312599182129,4.1090474128723145,5.135552406311035,0.6997448801994324,5.157508373260498,1.731261134147644,5.669050693511963,-7.431406021118164,6.558937072753906,-1.5581568479537964,5.935156345367432,1.3497910499572754,5.95933723449707,7.820758819580078,5.7719926834106445,2.3341293334960938,6.259605407714844,-4.383995532989502,6.7508697509765625,-1.4419010877609253,5.988227844238281,0.1152968555688858,6.055380344390869,0.10743974894285202,2.656170606613159,-0.04282287135720253,1.6469520330429077,-0.01794159598648548,1.0893747806549072,0.04773297905921936,1.291832447052002,0.08518212288618088,1.2258691787719727,0.10714606940746307,1.525309681892395,0.03554018214344978,1.2383358478546143,-0.012735571712255478,1.1200844049453735,-0.05456462502479553,1.3812737464904785,-0.015735065564513206,1.0109994411468506,0.013220627792179585,1.0237387418746948,0.03839243948459625,1.0026941299438477,0.02550802379846573,1.1918764114379883,0.014729347079992294,1.1335548162460327,0.042746402323246,1.1724210977554321,-0.05383668094873428,1.1086938381195068,-0.04454779997467995,1.1173609495162964,-0.09743902087211609,1.1635006666183472,-0.0952591523528099,1.3151848316192627,-0.024078642949461937,1.1120651960372925,2622.774658203125,250.0454559326172,2626.33447265625,99.73284149169922,5353.04443359375,525.6502075195312,8659.2880859375,346.9054260253906,0.027423253282904625,0.012365655973553658,17.598386764526367,4.439515590667725,11.309586524963379,3.833019971847534,14.014871597290039,3.0929181575775146,21.741455078125,3.502683401107788,20.451988220214844,2.9850363731384277,18.843372344970703,2.2779440879821777,42.444217681884766,3.5657265186309814,0.12537072598934174,0.02639537677168846,0.1367415189743042,0.026460375636816025,0.005711819976568222,0.002963774371892214
spoof_5,Midwest_Fretwork Fractures (1),20,50.0,1,Spoof (AI),-61.94129943847656,17.219112396240234,73.60822296142578,11.108902931213379,-14.268837928771973,7.267165184020996,32.4715461730957,7.873591423034668,9.381294250488281,8.235448837280273,0.68025803565979,9.107881546020508,10.212456703186035,6.503680229187012,10.15430736541748,7.152107238769531,5.522564888000488,7.622822284698486,3.0959415435791016,6.6145758628845215,0.8038415312767029,5.9568939208984375,0.6417527794837952,5.738901615142822,-10.173930168151855,5.589120864868164,-3.0064055919647217,6.838723659515381,-1.4400428533554077,6.263617515563965,4.526495456695557,6.661860942840576,0.9760844111442566,7.739475727081299,-3.7408978939056396,6.278178691864014,-0.6981640458106995,5.6490583419799805,0.9998852610588074,6.0751118659973145,-0.1052091047167778,3.0621941089630127,0.07097654789686203,2.1423776149749756,0.0006929503288120031,1.2813050746917725,0.05023966729640961,1.4735169410705566,-0.060910604894161224,1.3927055597305298,-0.04202066361904144,1.7551696300506592,0.07612837851047516,1.4194790124893188,0.061060190200805664,1.238865852355957,0.0666937455534935,1.3133488893508911,-0.006635209079831839,1.1298704147338867,0.011650818400084972,1.134251356124878,-0.01596662774682045,1.1336281299591064,0.00974483136087656,0.9908363223075867,-0.022194918245077133,1.3505760431289673,0.002952032722532749,1.2626540660858154,0.025862805545330048,1.2433781623840332,-0.018447108566761017,1.2471219301223755,-0.048161622136831284,1.1601158380508423,0.022812459617853165,0.9892293810844421,0.048236530274152756,1.125648856163025,2576.142822265625,295.70684814453125,2592.9609375,193.2483673095703,5276.33251953125,737.571533203125,8506.11328125,698.6193237304688,0.02443256601691246,0.012351972982287407,18.121583938598633,4.910144329071045,11.473374366760254,3.560579299926758,15.238160133361816,3.8683509826660156,21.771800994873047,3.523245334625244,20.935489654541016,3.281324625015259,19.06702423095703,2.4672887325286865,42.27230453491211,3.4839372634887695,0.11855965852737427,0.021563483402132988,0.13676495850086212,0.02670159563422203,0.005477141588926315,0.004040910862386227
spoof_5,Midwest_Fretwork Fractures (1),22,55.0,1,Spoof (AI),-65.41521453857422,15.865867614746094,80.50613403320312,15.658247947692871,-17.415756225585938,8.78665542602539,32.78200912475586,9.399632453918457,7.509419918060303,7.841951847076416,-5.677703857421875,9.224020957946777,6.664986610412598,8.346009254455566,3.842097282409668,7.586613655090332,4.919754505157471,8.213603973388672,-0.6475298404693604,6.565368175506592,-0.22885160148143768,5.787197589874268,-0.4812109172344208,6.210168838500977,-11.360968589782715,6.698543071746826,-3.624406576156616,6.525197505950928,-1.7624017000198364,5.808749675750732,3.2157576084136963,6.728940963745117,-1.127659559249878,7.170119762420654,-7.829701900482178,6.492210865020752,-3.4866671562194824,6.615363597869873,-0.9132949709892273,6.167505264282227,-0.10290557891130447,3.035594940185547,-0.044687703251838684,2.9489362239837646,0.0927969440817833,1.5980782508850098,-0.04046173766255379,1.7024270296096802,-0.028418930247426033,1.2961070537567139,-0.07354938238859177,1.55405592918396,-0.043831922113895416,1.3472119569778442,-0.025187818333506584,1.3844292163848877,-0.08740631490945816,1.350249171257019,-0.034239377826452255,1.1966220140457153,-0.03230977803468704,1.1656838655471802,-0.04105086252093315,1.2042524814605713,-0.06659285724163055,1.2670578956604004,-0.05524289980530739,1.2618528604507446,-0.02063145861029625,1.1218808889389038,-0.0331687293946743,1.1608556509017944,-0.06267896294593811,1.2110615968704224,0.012789950706064701,1.149823546409607,-0.0075811720453202724,1.2068760395050049,-0.04398048669099808,1.186082363128662,2455.18115234375,369.7668762207031,2503.905517578125,210.717041015625,4925.86962890625,775.5233764648438,8269.4482421875,899.3809814453125,0.021079694852232933,0.012646571733057499,16.322298049926758,6.037387847900391,11.355798721313477,3.9532413482666016,15.077719688415527,3.7300004959106445,21.29534912109375,3.6107711791992188,20.615476608276367,2.981877088546753,19.222240447998047,2.5308303833007812,42.142364501953125,3.236276388168335,0.1166856586933136,0.02898452989757061,0.13410693407058716,0.02282574027776718,0.00473350565880537,0.004354872275143862
spoof_5,Midwest_Fretwork Fractures (1),25,62.5,1,Spoof (AI),-98.53038024902344,54.37796401977539,87.37890625,24.480566024780273,-24.11902618408203,21.048675537109375,30.177566528320312,13.129940032958984,-0.3809749484062195,12.008654594421387,-6.003616809844971,8.920777320861816,2.6124460697174072,10.205741882324219,0.5559642910957336,7.275369644165039,-2.281388998031616,8.050116539001465,-3.4613840579986572,8.634329795837402,-0.016552254557609558,8.453007698059082,-0.507865846157074,8.163516998291016,-12.754773139953613,6.337553024291992,-4.393782615661621,7.281355857849121,-3.3001816272735596,7.073859214782715,4.779555797576904,6.6131086349487305,-0.6711958646774292,8.225090980529785,-7.3618083000183105,7.399046897888184,-7.003594875335693,5.766637325286865,-4.187711715698242,5.832912921905518,0.03468552231788635,8.852377891540527,-0.2668447494506836,4.082233905792236,0.005770007614046335,3.1168999671936035,-0.1885257363319397,2.126006603240967,-0.041469454765319824,1.8136425018310547,-0.09791316837072372,1.5368270874023438,-0.08986039459705353,1.8018509149551392,-0.14778032898902893,1.367238163948059,-0.16538383066654205,1.517136573791504,-0.08392100781202316,1.4046714305877686,-0.12095876038074493,1.68450927734375,-0.10587787628173828,1.5571012496948242,-0.09016995877027512,1.2159667015075684,-0.12042633444070816,1.23794686794281,-0.08793506026268005,1.2687071561813354,-0.021738378331065178,1.3609094619750977,-0.062408581376075745,1.5556187629699707,-0.06371599435806274,1.4066461324691772,0.022271068766713142,0.9196916818618774,0.07640280574560165,1.0821685791015625,2379.40234375,571.8534545898438,2350.760498046875,489.08111572265625,4837.9921875,1436.741455078125,7462.00244140625,1763.649169921875,0.0204740259796381,0.023121142759919167,13.174098014831543,6.142114639282227,10.893872261047363,3.4416542053222656,15.53589916229248,4.0503926277160645,21.676387786865234,4.734125137329102,21.76214027404785,4.448109149932861,19.378381729125977,2.9641127586364746,44.53046417236328,5.747676372528076,0.11852575093507767,0.030040018260478973,0.11820419877767563,0.039184216409921646,0.0062122708186507225,0.010049610398709774
spoof_5,Midwest_Fretwork Fractures (1),27,67.5,1,Spoof (AI),-54.287261962890625,13.760381698608398,75.07201385498047,11.26743221282959,-6.851799964904785,7.168392181396484,26.77383804321289,6.583715915679932,12.483888626098633,5.134943962097168,-0.9992647767066956,6.537251949310303,11.00967025756836,6.395266532897949,3.7124435901641846,6.402563571929932,1.7499120235443115,6.830627918243408,0.2753337323665619,6.499905109405518,3.0556087493896484,6.794511318206787,2.6003599166870117,6.7191853523254395,-13.180523872375488,5.837157249450684,-2.5651700496673584,5.821922302246094,-2.323716402053833,6.22147798538208,5.206131458282471,5.156576633453369,2.1857311725616455,5.408613681793213,-6.266985893249512,5.468104839324951,-2.0856897830963135,4.658154010772705,1.76221764087677,5.1077680587768555,0.17260444164276123,2.5040125846862793,0.1560431867837906,2.2395520210266113,0.05194409191608429,1.499273419380188,0.11207113415002823,1.4667152166366577,0.12692858278751373,1.0227515697479248,0.11249440908432007,1.4178131818771362,0.0876932293176651,1.3309880495071411,0.11224084347486496,1.320446252822876,0.12470367550849915,1.3782402276992798,0.12008417397737503,1.2691688537597656,0.09130324423313141,1.3563392162322998,0.08403071761131287,1.4140175580978394,0.07516724616289139,1.1686667203903198,0.08368165045976639,1.1463721990585327,0.054677415639162064,1.1075997352600098,0.05658642575144768,1.1434799432754517,0.12408124655485153,1.1255826950073242,0.12813104689121246,1.1983932256698608,0.04366006702184677,0.9805486798286438,-0.06752073019742966,1.0146753787994385,2661.30712890625,312.7398986816406,2761.547119140625,132.0549774169922,5655.55615234375,789.718017578125,9062.48828125,351.03338623046875,0.026909904554486275,0.011817590333521366,18.578765869140625,5.0127034187316895,11.278578758239746,3.727489471435547,14.077357292175293,3.23624324798584,21.021177291870117,4.430712699890137,20.697683334350586,2.9313340187072754,19.250465393066406,2.1726608276367188,40.861473083496094,2.3848154544830322,0.12175609171390533,0.022820185869932175,0.14308300614356995,0.030596008524298668,0.00887970719486475,0.005582587327808142
spoof_5,Midwest_Fretwork Fractures (1),30,75.0,1,Spoof (AI),-53.78915023803711,16.660320281982422,74.93883514404297,10.934774398803711,-5.844338417053223,10.890772819519043,26.425870895385742,6.424119472503662,11.130393981933594,7.255489349365234,-0.887632429599762,7.9308671951293945,10.155058860778809,7.174628734588623,3.7392117977142334,6.437782287597656,1.798401951789856,6.204581260681152,4.353338241577148,5.612859725952148,3.5861785411834717,5.226196765899658,1.8248145580291748,5.344625949859619,-12.727837562561035,5.40936803817749,-3.3802127838134766,5.174115180969238,-1.4188828468322754,5.07120943069458,5.76251745223999,4.544260501861572,-2.443667411804199,5.5551862716674805,-7.832366943359375,4.792815685272217,-2.39454984664917,5.17307710647583,2.6933186054229736,5.33505392074585,-0.03547511622309685,2.8924896717071533,-0.024552635848522186,2.3156635761260986,0.09084422141313553,1.595760703086853,0.0671176016330719,1.386644959449768,0.0637858510017395,1.1453508138656616,0.04691197723150253,1.2856935262680054,-0.024790480732917786,1.2409611940383911,0.03417137637734413,1.1300767660140991,-0.008203684352338314,1.20265793800354,0.02687378041446209,1.1210793256759644,0.05778343975543976,0.8353567719459534,0.07801636308431625,0.9695326685905457,0.04905828461050987,1.131385087966919,0.0343317911028862,0.9487133622169495,0.03819163143634796,0.8970206379890442,-0.013637316413223743,0.875825047492981,0.012764104641973972,0.9101701378822327,0.014081023633480072,0.8757791519165039,-0.02042189985513687,0.9715617895126343,0.0031241150572896004,1.009293556213379,2680.651123046875,337.549072265625,2774.572265625,206.62548828125,5812.02099609375,908.0950927734375,8998.5361328125,540.3990478515625,0.028894469141960144,0.013257944956421852,17.455490112304688,6.0162434577941895,11.01098918914795,3.4688634872436523,14.652548789978027,3.578244686126709,20.42149543762207,4.048684597015381,20.374042510986328,3.0933070182800293,18.649494171142578,1.9996715784072876,40.7432861328125,3.448718309402466,0.12042688578367233,0.02821500226855278,0.14130519330501556,0.029368294402956963,0.009541895240545273,0.005725537892431021
spoof_5,Midwest_Fretwork Fractures (1),32,80.0,1,Spoof (AI),-98.4483871459961,33.063472747802734,79.42342376708984,23.804548263549805,-10.65910530090332,12.84290599822998,26.740806579589844,12.246077537536621,12.198896408081055,10.795997619628906,-1.4856394529342651,8.551586151123047,12.157187461853027,8.726678848266602,3.270314931869507,9.445201873779297,4.662815093994141,9.439001083374023,-0.3886156380176544,7.511599540710449,-0.7034885883331299,7.599123477935791,-1.0395848751068115,6.6740241050720215,-12.103137969970703,5.758375644683838,-4.598267078399658,5.855225563049316,-0.7355693578720093,6.087677001953125,4.587194442749023,6.835019588470459,-0.6529932618141174,8.093632698059082,-7.27301025390625,7.830682754516602,-1.823438048362732,6.8985371589660645,0.7169322371482849,6.834622859954834,-0.11350826174020767,5.946362018585205,0.1382777839899063,4.755049228668213,0.02760549820959568,2.4090864658355713,0.032587792724370956,2.174259901046753,-0.05743546038866043,1.8847051858901978,0.007240313105285168,1.7739782333374023,-0.0045483047142624855,1.8112850189208984,-0.04404638335108757,1.9099340438842773,-0.002119978191331029,1.7922064065933228,0.020692458376288414,1.5257740020751953,0.0772213265299797,1.5775172710418701,0.017539475113153458,1.3512167930603027,-0.05065486207604408,1.1248098611831665,-0.037542104721069336,1.1102088689804077,-0.035287339240312576,1.107497215270996,-0.03292740881443024,1.1858848333358765,-0.07096479833126068,1.5052319765090942,-0.004802712704986334,1.5582526922225952,0.049054719507694244,1.2240663766860962,0.009186259470880032,1.2220866680145264,2384.86279296875,542.7456665039062,2616.191650390625,225.2782745361328,4992.61279296875,1164.7003173828125,8660.93359375,784.7328491210938,0.016634991392493248,0.013038032688200474,16.465255737304688,5.515359401702881,10.342314720153809,4.306446552276611,15.146025657653809,4.249286651611328,20.272441864013672,4.988254547119141,21.412769317626953,4.240360260009766,19.1218318939209,2.93168044090271,40.34641647338867,3.277301788330078,0.1008843332529068,0.03746621683239937,0.13203708827495575,0.04766285419464111,0.005641380790621042,0.006320788990706205
spoof_5,Midwest_Fretwork Fractures (1),35,87.5,1,Spoof (AI),-87.01260375976562,36.31532287597656,81.72142028808594,19.50252342224121,3.131047010421753,18.284391403198242,28.620132446289062,10.696822166442871,14.468652725219727,8.852473258972168,0.5562286972999573,8.239507675170898,13.977252960205078,7.343967437744141,2.7391204833984375,7.099015235900879,0.5847737789154053,6.667448043823242,0.004897788632661104,6.450695991516113,-0.5667788982391357,5.86751651763916,-1.2137991189956665,6.123899459838867,-9.531444549560547,6.221299648284912,-2.2788243293762207,6.115000247955322,0.3016918897628784,5.442710876464844,8.005279541015625,6.67692232131958,0.26611587405204773,7.039345741271973,-4.598499774932861,6.730210781097412,-1.6295984983444214,5.2320380210876465,0.2953544855117798,5.926804542541504,0.3944203853607178,5.815586566925049,-0.063039131462574,4.034037113189697,0.008601718582212925,2.4403624534606934,-0.059377074241638184,2.290311098098755,-0.012502665631473064,1.61626398563385,0.006055447738617659,1.7311131954193115,-0.021350661292672157,1.5517940521240234,-0.05057303234934807,1.5310002565383911,-0.0962715744972229,1.3065708875656128,-0.033565703779459,1.3558520078659058,-0.0635358989238739,1.2454707622528076,-0.046078961342573166,1.2549387216567993,-0.022072603926062584,1.210296869277954,-0.0226695965975523,1.140428900718689,-0.04518832266330719,0.9702669978141785,-0.020489605143666267,1.341346263885498,-0.03596685454249382,1.4344584941864014,-0.015039004385471344,1.2453383207321167,-0.013082088902592659,0.9933752417564392,-0.032526616007089615,1.207253336906433,2446.635986328125,517.1446533203125,2792.18896484375,322.540771484375,5596.63916015625,1374.2347412109375,8895.0078125,903.9873657226562,0.019459454342722893,0.014334702864289284,16.645936965942383,5.602100849151611,10.289519309997559,4.104512691497803,14.44627857208252,3.955186605453491,19.806013107299805,4.767350196838379,19.655120849609375,3.7689669132232666,17.600284576416016,2.6928577423095703,39.44342803955078,3.6615655422210693,0.09675654768943787,0.03747165575623512,0.1479506641626358,0.05149099975824356,0.007590595632791519,0.007212501484900713
spoof_5,Midwest_Fretwork Fractures (1),37,92.5,1,Spoof (AI),-68.20067596435547,17.48857307434082,90.62548828125,14.308073043823242,-0.502044677734375,10.081789016723633,27.881208419799805,7.190511703491211,12.971590042114258,6.718017101287842,-1.298888087272644,5.915190696716309,16.390703201293945,6.282099723815918,4.406055927276611,5.774485111236572,2.4916248321533203,6.3199615478515625,0.5100528001785278,5.6549882888793945,1.7408521175384521,4.860060691833496,3.5205185413360596,5.896093845367432,-8.575994491577148,5.67479944229126,-1.3108961582183838,5.229349613189697,-2.1546053886413574,4.431990623474121,5.758150577545166,5.638058185577393,0.1979963481426239,5.169172286987305,-4.257400989532471,4.639201641082764,2.41121506690979,5.194850444793701,3.614926338195801,5.6957292556762695,0.024285152554512024,3.0699565410614014,0.005524503067135811,2.6338181495666504,0.04772057384252548,1.7775310277938843,0.05597526580095291,1.6574984788894653,0.06360369920730591,1.2420876026153564,0.0008610222139395773,1.2484678030014038,0.024703040719032288,1.2778890132904053,-0.02292361482977867,1.1746129989624023,-0.046399038285017014,1.1583510637283325,-0.006471660453826189,1.049741268157959,0.09556957334280014,0.9344348907470703,0.14365580677986145,1.116625189781189,0.1246873214840889,1.1851900815963745,0.05910969153046608,1.1001783609390259,0.02465537004172802,0.8832033276557922,-0.01274867169559002,1.045138955116272,0.03690028563141823,0.8855209946632385,0.04637210816144943,0.8367704153060913,0.027277203276753426,0.7638711333274841,0.05083093419671059,1.0327130556106567,2300.780517578125,416.1064758300781,2692.722900390625,234.7830047607422,5015.59130859375,1040.6688232421875,8777.123046875,793.7357788085938,0.01766589656472206,0.01342489942908287,17.817096710205078,4.832597255706787,10.884324073791504,3.7533648014068604,14.439604759216309,3.8017807006835938,19.896148681640625,3.523059368133545,19.75308609008789,2.80513858795166,18.097328186035156,2.0577287673950195,39.87451171875,3.5275866985321045,0.08790645003318787,0.029316285625100136,0.16055434942245483,0.047695793211460114,0.00599298533052206,0.006452853325754404
spoof_5,Midwest_Fretwork Fractures (1),40,100.0,1,Spoof (AI),-67.99439239501953,17.43416404724121,90.50145721435547,11.634798049926758,5.773984432220459,8.267237663269043,25.748483657836914,7.330574989318848,12.948936462402344,4.767428874969482,-2.9913511276245117,6.035120964050293,15.627674102783203,6.870795726776123,4.705175876617432,6.209574222564697,1.7855076789855957,6.877206802368164,-0.4420831501483917,5.661702632904053,3.8172073364257812,5.386832237243652,4.079404354095459,5.261122703552246,-9.028448104858398,6.136744976043701,-2.3080084323883057,4.959395885467529,-2.7981669902801514,3.517772912979126,4.205710411071777,4.676487922668457,-0.8463952541351318,5.079360485076904,-5.0569329261779785,4.614728927612305,1.5851545333862305,5.817388534545898,1.454325795173645,4.940167427062988,-0.046249132603406906,3.222435235977173,-0.027292577549815178,2.212277889251709,-0.05914095416665077,1.6527639627456665,-0.05887964740395546,1.4082012176513672,-0.004685468040406704,0.8145490884780884,-0.011953159235417843,1.2023789882659912,-0.062306687235832214,1.2683522701263428,-0.04409385472536087,1.1613588333129883,-0.0028756128158420324,1.3519726991653442,-0.01816842332482338,1.0562623739242554,-0.03749635070562363,1.0931810140609741,-0.03460410237312317,0.9998130798339844,-0.05866139754652977,1.1457041501998901,-0.06614257395267487,0.9751991033554077,-0.054031308740377426,0.6660801768302917,0.027860203757882118,0.8371297121047974,0.06909317523241043,0.923593282699585,-0.014509487897157669,0.9555239677429199,-0.024190934374928474,1.125037431716919,-0.004102891311049461,0.9970868229866028,2329.00830078125,388.1195983886719,2790.576416015625,214.465087890625,5312.6201171875,1115.3389892578125,9037.265625,492.0113525390625,0.0159846693277359,0.008227035403251648,18.586442947387695,4.665492534637451,11.604545593261719,3.8502118587493896,13.993242263793945,3.4428822994232178,19.41402816772461,4.165195465087891,20.448389053344727,3.0028083324432373,18.16240882873535,2.120692491531372,39.269866943359375,2.5122179985046387,0.08338532596826553,0.021790703758597374,0.16559237241744995,0.0487656407058239,0.0063448715955019,0.004658822435885668
spoof_5,Midwest_Fretwork Fractures (1),42,105.0,1,Spoof (AI),-95.93896484375,33.70504379272461,86.8515625,18.984594345092773,0.5278559923171997,13.968032836914062,22.642908096313477,11.2900972366333,10.103715896606445,9.628618240356445,-7.426067352294922,11.763871192932129,6.55234432220459,9.481022834777832,-1.6921420097351074,9.256134986877441,1.9166048765182495,8.870765686035156,-1.4290815591812134,6.787482261657715,0.9446536898612976,7.272058963775635,0.977582573890686,8.249625205993652,-9.784174919128418,7.6787614822387695,-3.547543525695801,7.916604518890381,-3.139620065689087,6.243687629699707,3.674410104751587,6.234488010406494,-3.295442819595337,6.368190288543701,-6.177649021148682,5.74193811416626,-0.582359254360199,6.064131259918213,-0.13664984703063965,6.062968730926514,0.11627178639173508,5.745967388153076,0.11490654200315475,3.7992522716522217,0.011638985946774483,2.6870224475860596,0.037150878459215164,2.5204577445983887,0.015691809356212616,1.9324769973754883,0.02207704819738865,2.470193386077881,-0.053624339401721954,1.9923409223556519,-0.03532734140753746,2.0596861839294434,0.04079306498169899,1.9954298734664917,0.009136270731687546,1.4899168014526367,-0.1127907782793045,1.376313328742981,-0.04758967459201813,1.491038203239441,0.03228788822889328,1.7610745429992676,-0.006779158487915993,1.7771806716918945,0.019147077575325966,1.2022639513015747,0.05741570144891739,1.3169593811035156,-0.030254406854510307,1.2666617631912231,-0.03656575456261635,1.2749229669570923,0.025014810264110565,1.2888593673706055,0.02991691790521145,1.1971957683563232,2363.76953125,606.215087890625,2722.869873046875,312.7137451171875,5232.8671875,1514.573486328125,8858.1220703125,808.1559448242188,0.02073642425239086,0.027983423322439194,15.545600891113281,5.617396354675293,9.985365867614746,4.511754512786865,14.806604385375977,4.36236572265625,20.375709533691406,4.940188407897949,20.120512008666992,4.349714756011963,18.779977798461914,3.167335271835327,38.99985885620117,2.9569380283355713,0.10480866581201553,0.047780685126781464,0.1480312943458557,0.0681939646601677,0.009683039039373398,0.020412763580679893
spoof_5,Midwest_Fretwork Fractures (1),45,112.5,1,Spoof (AI),-92.10418701171875,36.198177337646484,87.28752899169922,19.889917373657227,-0.12099937349557877,13.197784423828125,20.75819206237793,11.31354808807373,10.387946128845215,10.607308387756348,-7.817800998687744,12.101686477661133,11.436845779418945,11.992964744567871,0.3508511185646057,9.129341125488281,1.667494773864746,8.292174339294434,-1.3845057487487793,7.5248026847839355,-0.7073330283164978,7.417761325836182,-2.0115060806274414,7.744421005249023,-8.796606063842773,6.794984340667725,-2.2573041915893555,6.439072132110596,-1.6169350147247314,6.378669261932373,2.944387912750244,6.456995964050293,-3.22580885887146,6.637632846832275,-6.471314430236816,5.428551197052002,-1.3482197523117065,5.561371803283691,-0.3622264862060547,5.335357666015625,0.5903571248054504,6.1858625411987305,0.014289683662354946,3.888957977294922,0.1410512626171112,2.527434825897217,0.05269559845328331,2.41011905670166,0.19393670558929443,2.1175689697265625,0.17048470675945282,2.4105026721954346,0.10906880348920822,1.9802050590515137,0.09496083110570908,1.8457847833633423,0.04448553919792175,1.799027442932129,0.013391317799687386,1.4321976900100708,-0.022235499694943428,1.4896612167358398,-0.029711712151765823,1.5907433032989502,0.02323847822844982,1.5964443683624268,0.031051019206643105,1.4294720888137817,-0.07509680837392807,1.2673276662826538,-0.05818822607398033,1.2406471967697144,-0.014325378462672234,1.3039672374725342,-0.025216523557901382,1.127994179725647,0.009228223003447056,1.0880115032196045,0.005840558558702469,1.0415953397750854,2387.749267578125,587.2451171875,2765.8291015625,352.4073181152344,5406.9775390625,1616.1326904296875,8933.986328125,994.19775390625,0.01822437159717083,0.017765555530786514,15.577719688415527,6.205139636993408,10.54346752166748,4.345730304718018,14.733473777770996,4.1915202140808105,19.985607147216797,4.781596660614014,20.48858070373535,4.214473724365234,18.936635971069336,3.0879783630371094,39.159912109375,3.504896640777588,0.09688087552785873,0.037356652319431305,0.14821197092533112,0.06097080931067467,0.00903267040848732,0.013554805889725685
spoof_5,Midwest_Fretwork Fractures (1),47,117.5,1,Spoof (AI),-86.85089874267578,41.64357376098633,96.50122833251953,17.742549896240234,-9.29830265045166,22.991857528686523,29.54088020324707,9.402997016906738,14.257526397705078,10.861336708068848,-5.116824626922607,7.989717483520508,18.657371520996094,10.50910758972168,3.8134307861328125,7.738090515136719,6.198326587677002,8.387079238891602,1.2377909421920776,7.872259140014648,4.645682334899902,7.595141410827637,-2.836740016937256,7.786308765411377,-11.92099666595459,6.235988616943359,-6.136814594268799,5.663039207458496,-1.1450917720794678,6.933862686157227,7.140106678009033,6.643800735473633,4.939038276672363,6.196986198425293,-2.530688762664795,5.386250972747803,-0.9639722108840942,5.538326263427734,-1.758322834968567,4.560220241546631,-0.40884077548980713,6.015838146209717,0.06666350364685059,2.8007824420928955,-0.13203856348991394,2.6761891841888428,0.04012390598654747,1.6360087394714355,0.02010192722082138,1.4744946956634521,-0.04531193524599075,1.352071762084961,0.02749032899737358,1.5659726858139038,0.009996998123824596,1.1854490041732788,0.1015918180346489,1.3203959465026855,0.036874979734420776,1.1487706899642944,0.07274340838193893,1.1608868837356567,0.015490788035094738,1.2898032665252686,-0.04236695170402527,1.01231849193573,-0.009668870829045773,0.9152325391769409,0.015923859551548958,1.0192604064941406,0.029518576338887215,1.321485996246338,0.05031266063451767,0.9174284338951111,0.009001906029880047,0.8337854146957397,-0.03736055642366409,1.120909333229065,-0.023342454805970192,0.8874414563179016,2175.779052734375,434.2619323730469,2578.940673828125,449.64019775390625,4656.55517578125,1266.857421875,8528.1455078125,1570.3583984375,0.010940463282167912,0.008407124318182468,17.956140518188477,5.16096305847168,10.479528427124023,3.543139696121216,14.840251922607422,4.451075553894043,20.840763092041016,4.511894226074219,21.770545959472656,3.3092164993286133,19.43265151977539,2.5465784072875977,41.830421447753906,5.858657360076904,0.08591489493846893,0.027973679825663567,0.1597820520401001,0.05183202773332596,0.004928755573928356,0.0050486731342971325
spoof_5,Midwest_Fretwork Fractures (1),50,125.0,1,Spoof (AI),-83.16793060302734,19.604467391967773,101.8863754272461,11.115028381347656,5.055459022521973,6.44146203994751,26.934648513793945,6.82444953918457,14.132025718688965,4.348367214202881,-7.994565963745117,6.816455364227295,20.860166549682617,5.639649868011475,7.651611328125,5.7693305015563965,10.186070442199707,7.904453754425049,5.218282699584961,6.15338659286499,7.624518394470215,4.564918041229248,-2.3685784339904785,5.330708026885986,-9.963384628295898,4.93545389175415,-4.235780239105225,6.141114234924316,1.5175399780273438,4.962649822235107,9.880359649658203,4.494041442871094,7.1712565422058105,4.908410549163818,-0.7305693626403809,5.1712212562561035,-2.7520875930786133,5.0492048263549805,-2.755655288696289,5.129425525665283,0.08599771559238434,3.966599225997925,0.08769246935844421,2.3723514080047607,0.047643017023801804,1.3168246746063232,-0.021975954994559288,1.385424256324768,0.013352862559258938,0.7612959742546082,0.01452633086591959,1.232721209526062,-0.0008880628738552332,1.0520246028900146,-0.017606401816010475,1.0442979335784912,0.002498423680663109,1.2920730113983154,0.01925666257739067,1.1987890005111694,-0.011803410947322845,0.8785142302513123,-0.0505586676299572,0.9588227868080139,0.00589312007650733,1.004691481590271,0.048934079706668854,1.0673893690109253,0.00326355523429811,0.8601862192153931,0.017776913940906525,0.8233528733253479,0.012458337470889091,0.9712465405464172,-0.009080224670469761,0.9492762088775635,-0.021817732602357864,1.0734162330627441,0.008144312538206577,0.9667154550552368,2024.823486328125,331.100830078125,2661.8056640625,210.3591766357422,4348.11181640625,895.9883422851562,8917.337890625,659.9017944335938,0.00809138547629118,0.00441788462921977,18.978483200073242,4.495957851409912,11.317262649536133,3.8940858840942383,13.956026077270508,3.7959983348846436,19.763511657714844,3.782963991165161,22.286653518676758,3.0876455307006836,19.695829391479492,2.189471960067749,40.48476791381836,3.425417423248291,0.06896746903657913,0.017548587173223495,0.17719319462776184,0.044244106858968735,0.0036157199647277594,0.0024340436793863773
spoof_5,Midwest_Fretwork Fractures (1),52,130.0,1,Spoof (AI),-86.678466796875,24.996299743652344,104.0528335571289,16.29762840270996,-3.1832611560821533,22.342374801635742,25.698698043823242,7.245873928070068,11.224715232849121,11.416216850280762,-6.762575626373291,8.491917610168457,15.393718719482422,11.617709159851074,2.8388047218322754,9.464160919189453,4.010873317718506,10.633960723876953,1.9777336120605469,8.349093437194824,6.3430562019348145,7.588212966918945,-1.0586198568344116,7.1714653968811035,-8.66158390045166,6.78760290145874,-2.002277135848999,5.340290546417236,-0.09720427542924881,5.798800945281982,8.63188362121582,5.867123126983643,1.460278868675232,6.246976375579834,-4.425411224365234,5.37052583694458,-1.924701452255249,5.495692729949951,-1.5552899837493896,5.054349899291992,0.031036190688610077,4.164548873901367,-0.11213154345750809,2.976032018661499,-0.0051382738165557384,2.517246723175049,0.004463880322873592,1.3477522134780884,0.0024946441408246756,1.3233435153961182,-0.005652176216244698,1.273663878440857,-0.03207571059465408,1.4658393859863281,-0.0276013296097517,1.2957026958465576,0.0017793907318264246,1.6139107942581177,-0.0012391650816425681,1.202761173248291,-0.011783504858613014,1.1050856113433838,0.02792946994304657,1.107096552848816,0.0024910082574933767,1.0057185888290405,-0.04454981908202171,0.882025957107544,0.005741389933973551,0.8749710917472839,-0.007153872866183519,0.951283872127533,-0.010794571600854397,0.940860390663147,0.014925170689821243,0.8613389730453491,0.03904373571276665,1.0342174768447876,0.03601188585162163,0.8471449017524719,2013.3062744140625,389.6750183105469,2536.613525390625,408.5899353027344,4328.173828125,1085.410888671875,8356.77734375,1525.821044921875,0.008583818562328815,0.005842174403369427,18.27481460571289,5.550381660461426,11.269357681274414,4.030778884887695,13.655817985534668,3.6145150661468506,20.803695678710938,4.35316276550293,21.706890106201172,3.072866678237915,19.387378692626953,2.2093069553375244,41.38648986816406,4.826320171356201,0.07525409013032913,0.023723246529698372,0.16935403645038605,0.050361521542072296,0.0034854591358453035,0.0032937289215624332
spoof_5,Midwest_Fretwork Fractures (1),55,137.5,1,Spoof (AI),-88.49418640136719,22.103422164916992,103.74149322509766,12.68502426147461,7.805774688720703,8.705656051635742,26.140945434570312,6.6659464836120605,14.477580070495605,4.437112331390381,-4.650201797485352,6.310222625732422,18.55308723449707,5.867192268371582,6.729077339172363,5.503336429595947,7.829520225524902,7.051210403442383,2.420603036880493,5.918785572052002,5.820443630218506,5.626075744628906,-0.5728933811187744,3.834477424621582,-8.194586753845215,5.1533660888671875,-1.890073299407959,4.7368669509887695,3.5189406871795654,4.505511283874512,10.476993560791016,4.3490095138549805,2.5253164768218994,4.787302494049072,-3.5455801486968994,3.8239288330078125,-3.676884651184082,4.563745498657227,0.2658223807811737,4.9661712646484375,-0.26968491077423096,4.1805009841918945,-0.10109740495681763,2.455580234527588,0.05193924531340599,1.7230628728866577,0.00696906354278326,1.3361759185791016,-0.009748346172273159,0.9022579193115234,-0.042953625321388245,1.2173322439193726,0.020559003576636314,1.0470532178878784,0.057019658386707306,1.0130839347839355,0.09630808979272842,1.3336403369903564,0.021494949236512184,1.0411198139190674,-0.016004787757992744,1.039811611175537,-0.04007944464683533,0.7487748265266418,-0.0652613565325737,1.0994750261306763,-0.03498212993144989,0.8493413925170898,0.015754465013742447,0.7302306294441223,0.016632743179798126,0.8197536468505859,-0.031216856092214584,0.8431147933006287,-0.004877791274338961,0.7123725414276123,-0.011064759455621243,1.005482792854309,0.017979608848690987,0.9744779467582703,1986.066650390625,366.5160827636719,2662.370849609375,272.0028076171875,4437.78369140625,1032.9559326171875,8745.171875,952.7159423828125,0.00759839965030551,0.004524471703916788,19.421859741210938,4.701125621795654,13.092700004577637,4.444748401641846,14.1315279006958,3.7333333492279053,19.619855880737305,4.362984657287598,21.29245948791504,3.1339504718780518,18.559307098388672,2.064242362976074,40.177772521972656,3.2452104091644287,0.05938268452882767,0.01701141893863678,0.1773359626531601,0.04559401422739029,0.0033124890178442,0.002585461363196373
spoof_5,Midwest_Fretwork Fractures (1),57,142.5,1,Spoof (AI),-114.47579193115234,42.49747085571289,106.85888671875,16.775306701660156,8.252656936645508,16.225948333740234,25.135976791381836,7.359580039978027,9.168037414550781,9.728519439697266,-10.802624702453613,9.416006088256836,18.893192291259766,9.866304397583008,9.722517013549805,9.48583698272705,5.348202228546143,9.348533630371094,1.9094336032867432,6.77916145324707,3.7066707611083984,5.608980655670166,-0.3133271634578705,5.427299976348877,-8.892815589904785,5.688473224639893,-0.7434044480323792,4.354532241821289,1.733123779296875,5.1475396156311035,12.849578857421875,6.123565673828125,1.1928541660308838,4.680943489074707,-2.2723779678344727,4.269598007202148,1.1227113008499146,5.048680782318115,-0.8813356757164001,4.779024600982666,0.1160820871591568,5.865403652191162,0.08122994005680084,3.101365327835083,-0.00980473030358553,2.4020559787750244,0.08000165224075317,1.526754379272461,-0.012211044318974018,1.3039934635162354,0.03378495201468468,1.3907127380371094,0.05434173718094826,1.480912446975708,-0.03876594826579094,1.1469926834106445,-0.046680256724357605,1.1290720701217651,-0.003343367949128151,1.0312012434005737,0.1110498458147049,0.9354234933853149,0.0609997995197773,0.8823262453079224,0.017741192132234573,1.0490049123764038,-0.029735680669546127,0.8241959810256958,-0.03653952106833458,1.046067476272583,-0.010775619186460972,0.851124107837677,0.028856899589300156,0.8083641529083252,0.005673554260283709,0.6966890692710876,0.024554645642638206,0.7232219576835632,0.017856284976005554,0.7227839827537537,1915.0445556640625,435.20965576171875,2545.500244140625,418.31884765625,4249.4677734375,1324.8475341796875,8220.25,1531.8837890625,0.006941238418221474,0.005956768058240414,19.239059448242188,5.7927350997924805,10.803637504577637,3.4172983169555664,15.174080848693848,3.8402655124664307,21.32354164123535,4.120956897735596,23.390647888183594,3.6199913024902344,20.245473861694336,2.619924783706665,40.864501953125,4.378687858581543,0.06628643721342087,0.02184327319264412,0.15465295314788818,0.056491196155548096,0.0032221421133726835,0.003276222152635455
spoof_5,Midwest_Fretwork Fractures (1),60,150.0,1,Spoof (AI),-92.79976654052734,21.041460037231445,103.7743148803711,14.829131126403809,9.909806251525879,8.769372940063477,22.889867782592773,7.9060797691345215,12.809578895568848,5.600666522979736,-5.077221870422363,6.231330871582031,21.341901779174805,6.834769248962402,6.729123115539551,6.6336565017700195,6.400267601013184,7.143066883087158,2.7891647815704346,7.318089962005615,4.351189613342285,5.998979568481445,0.5295138955116272,5.437516689300537,-8.140486717224121,5.588395595550537,0.6175268888473511,5.732878684997559,0.4024883508682251,5.502505302429199,6.381136894226074,4.683588027954102,1.457635521888733,4.973268985748291,-2.179521322250366,4.834728240966797,1.0522992610931396,5.472107410430908,-2.1590418815612793,6.075372695922852,-0.1777154952287674,3.653473138809204,-0.1491786688566208,3.1474506855010986,-0.13262544572353363,1.822542428970337,-0.055753011256456375,1.6845113039016724,-0.02562028169631958,1.1180040836334229,-0.02281556837260723,1.1636089086532593,0.026438625529408455,1.2162038087844849,-0.007255223114043474,1.20760178565979,0.041384149342775345,1.2683331966400146,0.0426359660923481,1.2814561128616333,0.046437740325927734,1.0941399335861206,0.032173097133636475,0.9272807836532593,0.011366932652890682,1.1127694845199585,0.014212802983820438,1.0907033681869507,0.02245868183672428,0.9158005714416504,0.04572281986474991,0.9319998621940613,-0.04247164726257324,0.9970806837081909,-0.021293146535754204,1.0330708026885986,-0.014976697973906994,0.9775157570838928,0.015931174159049988,0.8610227108001709,1987.520263671875,393.3861083984375,2676.3203125,244.59388732910156,4433.99560546875,1129.47314453125,8826.6689453125,714.8447875976562,0.008269216865301132,0.005072649102658033,19.371658325195312,4.203180313110352,10.534185409545898,3.7539777755737305,13.550334930419922,3.565293312072754,19.526119232177734,4.375570774078369,21.417383193969727,3.230260133743286,18.351104736328125,2.107443332672119,38.92646026611328,3.0419974327087402,0.0643242746591568,0.01983368769288063,0.169761523604393,0.048295192420482635,0.003634007414802909,0.003308806335553527
spoof_5,Midwest_Fretwork Fractures (1),62,155.0,1,Spoof (AI),-106.88394165039062,29.81635093688965,111.58787536621094,22.64668083190918,4.446753978729248,18.39566421508789,21.63217544555664,10.171317100524902,12.510174751281738,9.1283597946167,-6.824556350708008,7.2515788078308105,17.317468643188477,6.8566179275512695,4.140665054321289,7.221714973449707,5.828243732452393,8.321759223937988,1.5958752632141113,7.5672807693481445,0.4761688709259033,6.6414923667907715,-4.607761859893799,6.278946876525879,-12.090161323547363,6.08945369720459,-0.5865214467048645,5.394793510437012,2.790724754333496,5.4319610595703125,8.741345405578613,5.457358360290527,1.3772127628326416,4.538329601287842,-2.9222865104675293,4.84365701675415,0.16678571701049805,5.34056282043457,-4.251635551452637,6.57645320892334,-0.03970396891236305,5.543962478637695,0.16538800299167633,4.056451797485352,-0.015832623466849327,2.7731077671051025,0.024206621572375298,2.312408447265625,0.05065029487013817,1.5879647731781006,0.03756491467356682,1.4949227571487427,0.00010646051669027656,1.2993203401565552,-0.0398559644818306,1.0226529836654663,0.03748874366283417,1.3358381986618042,0.02431526593863964,1.2684390544891357,0.05862600728869438,1.0357669591903687,0.035060517489910126,1.0837301015853882,-0.03458394110202789,1.1238733530044556,-0.009665911085903645,1.0073434114456177,-0.023180648684501648,0.9761674404144287,-0.03459787741303444,0.773982048034668,-0.02369837835431099,0.86826092004776,0.038305021822452545,0.8045490980148315,0.05506572872400284,1.072312593460083,0.03139795362949371,1.2471381425857544,1876.699462890625,466.93157958984375,2521.144775390625,443.8689270019531,4138.56201171875,1321.218994140625,8201.7080078125,1673.4222412109375,0.007415125612169504,0.01015289407223463,18.06020736694336,5.555126190185547,11.26162338256836,4.187713146209717,14.79654598236084,4.290018558502197,20.302907943725586,4.45302677154541,21.661222457885742,3.3110883235931396,19.502037048339844,2.5812206268310547,40.03229522705078,4.571991443634033,0.06683123856782913,0.025927620008587837,0.158468559384346,0.05378100275993347,0.0034909602254629135,0.006903201807290316
spoof_5,Midwest_Fretwork Fractures (1),65,162.5,1,Spoof (AI),-124.17362976074219,34.19317626953125,125.17046356201172,21.90159034729004,8.239659309387207,13.575969696044922,17.470962524414062,8.621047019958496,14.085431098937988,5.694921493530273,-3.1787450313568115,6.488602638244629,19.346277236938477,6.438623905181885,9.564326286315918,8.125936508178711,8.818675994873047,6.140241622924805,3.6433603763580322,4.9889235496521,2.9310054779052734,4.475303649902344,0.42192310094833374,5.599613666534424,-9.021770477294922,5.968800067901611,-2.059173345565796,4.488872051239014,-0.2934217154979706,4.67756462097168,8.959691047668457,6.014947414398193,-1.0813323259353638,5.457135200500488,-2.019674062728882,5.153278827667236,3.632385015487671,4.629220008850098,-1.245326280593872,4.920403957366943,-0.2829435467720032,4.87516450881958,0.23408502340316772,3.51627254486084,-0.07170247286558151,1.9969924688339233,-0.03857840597629547,1.7480374574661255,0.00201302208006382,1.0738515853881836,0.04882059991359711,1.092129111289978,0.06507550179958344,1.3465111255645752,0.11950637400150299,1.148978352546692,-0.016863062977790833,1.1319774389266968,-0.04041746258735657,0.9640869498252869,-0.039852045476436615,0.8785259127616882,0.029332241043448448,0.9754038453102112,-0.03260326758027077,0.9966163635253906,0.007514303550124168,0.8938819766044617,-0.006451827473938465,0.7542498707771301,-0.023199234157800674,0.972139835357666,-0.024793460965156555,0.9454336166381836,-0.019159851595759392,1.002912163734436,0.010147107765078545,0.8652143478393555,-0.020920852199196815,0.8823952674865723,1549.92138671875,477.3862609863281,2297.391357421875,409.95416259765625,3206.0048828125,1293.823974609375,7297.5126953125,1860.5565185546875,0.005006223451346159,0.010973092168569565,20.423437118530273,5.20529317855835,10.082839965820312,3.1516499519348145,14.959331512451172,3.254016399383545,20.584796905517578,4.488481521606445,22.37473487854004,3.1191213130950928,20.74630355834961,2.4447264671325684,39.3956413269043,3.21036958694458,0.05117232725024223,0.022666115313768387,0.16452230513095856,0.041186459362506866,0.0021213495638221502,0.005372066982090473
spoof_5,Midwest_Fretwork Fractures (1),67,167.5,1,Spoof (AI),-178.52743530273438,61.160762786865234,139.00709533691406,25.357830047607422,18.33867073059082,17.363880157470703,13.49002742767334,14.688905715942383,7.016613960266113,9.432644844055176,-2.6600751876831055,9.597416877746582,14.997198104858398,8.4764986038208,13.93574333190918,9.304558753967285,1.6186480522155762,9.087038040161133,-3.3899853229522705,8.346848487854004,-2.1548826694488525,4.833683490753174,2.3524975776672363,7.094996929168701,-10.091315269470215,7.947564125061035,-7.135283946990967,6.285312652587891,-4.401851177215576,6.039693355560303,5.495004177093506,4.880843639373779,-6.1431498527526855,5.402636528015137,-6.956564426422119,4.811532020568848,-1.1474783420562744,4.1256818771362305,0.50102698802948,5.0241522789001465,-0.1482912003993988,11.555488586425781,0.020241640508174896,4.873967170715332,0.1924024373292923,2.439929246902466,0.006153910420835018,1.8573867082595825,0.002069770125672221,1.4692449569702148,0.013618999160826206,1.4271131753921509,-0.048900168389081955,1.3258347511291504,0.0213097482919693,1.4804080724716187,-0.03385724499821663,1.3235615491867065,0.0032822159118950367,1.0228842496871948,0.010079300962388515,0.8184956908226013,-0.07564636319875717,1.0371133089065552,-0.04621383175253868,1.1377193927764893,0.0410456508398056,1.1046948432922363,0.009602723643183708,1.1759610176086426,-0.04279276356101036,1.0534085035324097,-0.029453029856085777,1.011565089225769,-0.04020290449261665,0.8684983253479004,-0.03101372718811035,0.8105602860450745,-0.04202079027891159,0.9392911195755005,1275.337890625,427.6832580566406,1994.556884765625,433.122802734375,2462.1123046875,1361.3585205078125,5742.087890625,2064.501953125,0.0025824340991675854,0.004089063033461571,15.829142570495605,6.984559535980225,11.058502197265625,3.4738402366638184,16.201980590820312,3.91066575050354,21.43288803100586,4.3217668533325195,23.345829010009766,4.397348880767822,20.120819091796875,3.3347747325897217,39.141204833984375,3.3666415214538574,0.04498743265867233,0.015856444835662842,0.14496085047721863,0.06525985151529312,0.0007004544022493064,0.0012432091170921922
spoof_5,Midwest_Fretwork Fractures (1),70,175.0,1,Spoof (AI),-283.6146545410156,64.14411926269531,175.47804260253906,38.78639602661133,45.43595504760742,28.04745864868164,33.52260208129883,12.0342378616333,16.461793899536133,6.787201881408691,-3.833613395690918,8.121996879577637,6.7536444664001465,6.392978191375732,12.742472648620605,8.470569610595703,9.11979866027832,9.989395141601562,1.5033979415893555,11.89413833618164,2.3869946002960205,11.857538223266602,5.208166122436523,7.226162910461426,-6.158100128173828,5.983620643615723,-9.618488311767578,6.8566718101501465,-1.412807583808899,5.855217456817627,9.855805397033691,7.145552635192871,-0.7693396806716919,10.110888481140137,-4.208090782165527,7.015709400177002,0.7752413749694824,5.785452842712402,-1.947540283203125,5.73853874206543,0.4239034950733185,9.392186164855957,-0.09567027539014816,5.862757682800293,-0.057867810130119324,2.8341917991638184,-0.00501486100256443,1.5609723329544067,-0.007699182257056236,1.0380815267562866,-0.024598510935902596,0.9545472860336304,-0.06023075059056282,0.8404682874679565,-0.07919541001319885,1.1060519218444824,-0.1052451804280281,0.9524132013320923,-0.08937534689903259,1.187904715538025,-0.05302378535270691,1.0936435461044312,-0.009171397425234318,0.7840884923934937,-0.012475819326937199,0.8558793663978577,-0.004134059883654118,1.076629877090454,0.0031391382217407227,0.8532910346984863,-0.010304627940058708,0.8080543279647827,-0.06703078001737595,0.8521331548690796,-0.04677898809313774,0.759680449962616,0.011421280913054943,0.6010957360267639,0.01584651507437229,0.5744211077690125,683.2183837890625,487.3235778808594,1240.8074951171875,728.8065185546875,1345.476318359375,1438.989013671875,2926.62158203125,2694.69287109375,0.0004319546278566122,0.0009565413347445428,23.11992073059082,4.103450298309326,13.140111923217773,3.7541558742523193,17.80010986328125,2.868532657623291,23.479162216186523,3.501070737838745,24.784467697143555,4.008694171905518,21.83892250061035,4.204496383666992,40.96614074707031,5.687696933746338,0.02020941860973835,0.009316128678619862,0.13239306211471558,0.023208964616060257,0.0002220043243141845,0.0006717217620462179
spoof_5,Midwest_Fretwork Fractures (1),73,182.5,1,Spoof (AI),-346.78399658203125,134.20831298828125,114.40369415283203,40.145442962646484,50.05729293823242,15.56205940246582,31.61225700378418,7.295550346374512,14.305132865905762,7.300621032714844,-0.7207763195037842,11.450014114379883,1.7994879484176636,6.8910369873046875,4.332627296447754,7.12099027633667,2.059270143508911,6.1029863357543945,1.0709118843078613,7.053648471832275,1.1989935636520386,8.150251388549805,0.4745093584060669,6.706602096557617,-6.719159126281738,8.294526100158691,-9.109997749328613,7.597085475921631,-6.271472930908203,5.41806173324585,2.8288633823394775,9.13332462310791,1.3361085653305054,8.186111450195312,-1.2987322807312012,6.690472602844238,-3.460115432739258,5.010204315185547,-3.2169439792633057,4.4085822105407715,-1.606881856918335,11.630539894104004,-0.303968220949173,4.392662048339844,-0.12232346087694168,2.007051467895508,-0.021593650802969933,1.349233865737915,0.06447509676218033,1.1478065252304077,0.17467297613620758,1.243517518043518,0.05957818776369095,1.320603847503662,0.015755202621221542,1.0456105470657349,-0.006417255382984877,1.054821252822876,-0.0006174246664159,0.9654957056045532,0.005211457144469023,1.08659029006958,0.003685412695631385,0.865074098110199,0.03785807639360428,1.1515541076660156,0.04396846145391464,1.3029820919036865,0.03600901737809181,1.0913699865341187,-0.04967014119029045,0.8395553231239319,-0.07562189549207687,0.925437867641449,-0.07131707668304443,0.8330676555633545,-0.026166845113039017,0.9054771065711975,0.012789642438292503,0.7530922889709473,859.5556030273438,536.1118774414062,1634.3271484375,597.1575317382812,1428.2694091796875,1589.0828857421875,4036.578369140625,2642.854248046875,0.0014975995291024446,0.0040953741408884525,15.63090705871582,5.085821151733398,15.018739700317383,5.685356616973877,15.06025505065918,3.6892144680023193,19.32552146911621,4.063957214355469,18.668357849121094,5.63972806930542,16.227386474609375,3.3424863815307617,37.323333740234375,3.4967827796936035,0.024043330922722816,0.015924392268061638,0.07576332241296768,0.08266246318817139,0.0005891137407161295,0.0018478273414075375
spoof_6,Midwest_Fretwork Fractures,0,0.0,1,Spoof (AI),-263.17535400390625,36.29541015625,175.84808349609375,23.346389770507812,-72.09587097167969,13.551801681518555,53.26034164428711,14.240588188171387,-18.412229537963867,12.180229187011719,-23.550161361694336,10.376945495605469,-16.39740562438965,10.580488204956055,-11.36886978149414,7.357968330383301,8.300189971923828,10.088385581970215,-9.825586318969727,10.600826263427734,-8.861177444458008,9.515583038330078,-2.612623453140259,7.153029918670654,-12.853239059448242,7.838738918304443,-14.305686950683594,6.6023783683776855,-4.888209819793701,10.74814224243164,-1.369928002357483,10.664947509765625,2.099149465560913,7.596256256103516,-2.1392321586608887,7.890406608581543,-8.355463027954102,8.760108947753906,-10.27734375,9.73466968536377,1.0768296718597412,5.62387752532959,0.3725784420967102,5.275898456573486,0.2657848596572876,2.321277141571045,-0.012036341242492199,2.0989603996276855,-8.298732427647337e-05,1.7584348917007446,-0.19953501224517822,1.4541548490524292,-0.06973873823881149,1.604364037513733,0.027398161590099335,1.2401541471481323,0.00524114677682519,1.8748291730880737,-0.009076996706426144,1.881166696548462,-0.0667915791273117,1.9031951427459717,-0.05365414172410965,1.2165881395339966,-0.07437577843666077,1.3808786869049072,0.0055619413033127785,1.3291802406311035,-0.04928147792816162,1.9835841655731201,-0.01937982812523842,1.8901859521865845,0.005518730264157057,1.2048481702804565,-0.0660678967833519,1.621917724609375,-0.002107922686263919,1.5957581996917725,-0.012282848358154297,1.3568729162216187,1294.2047119140625,279.1025695800781,1193.058349609375,218.76783752441406,2453.73828125,512.0233764648438,3730.72705078125,825.893798828125,0.0015675835311412811,0.010674775578081608,12.700427055358887,6.038544178009033,16.512882232666016,4.415887355804443,19.521358489990234,4.2840495109558105,25.306074142456055,4.889639377593994,25.269681930541992,4.2308454513549805,24.732418060302734,3.597837209701538,56.04206466674805,5.641350269317627,0.08025670796632767,0.013397619128227234,0.06571992486715317,0.009014667943120003,0.00010851336264749989,0.0007220133556984365
spoof_6,Midwest_Fretwork Fractures,2,5.0,1,Spoof (AI),-176.66592407226562,47.29749298095703,93.14157104492188,34.86335754394531,-11.081217765808105,18.16459083557129,23.229955673217773,16.27083396911621,-6.346277713775635,11.684309005737305,-24.042875289916992,12.810962677001953,-16.18565559387207,13.66698169708252,-7.305111885070801,6.762198448181152,-3.200071096420288,6.73646879196167,-4.19905424118042,8.106091499328613,-10.67629623413086,7.1248698234558105,-5.321515083312988,8.839898109436035,-14.522513389587402,10.178771018981934,-14.259363174438477,6.249459743499756,-10.833784103393555,9.337780952453613,-2.663255453109741,7.986180782318115,-1.4020699262619019,7.786857604980469,1.9886709451675415,10.084488868713379,-1.2417840957641602,9.299787521362305,-6.719851493835449,7.439253807067871,0.5492936968803406,5.653057098388672,-0.33035293221473694,4.953407287597656,-0.04555617272853851,3.079118251800537,-0.11547834426164627,2.516327142715454,0.12475243955850601,2.0023467540740967,0.1311388611793518,1.377779483795166,0.08710446208715439,1.6275328397750854,-0.027908559888601303,1.2080974578857422,-0.04556230083107948,1.0770089626312256,-0.040328722447156906,1.3878087997436523,-0.021024171262979507,1.3553311824798584,0.005580160301178694,1.4976962804794312,-0.007100740913301706,1.59535551071167,0.0033894600346684456,1.1735961437225342,-0.019500697031617165,1.895478367805481,-0.06516408920288086,1.537106990814209,-0.07736525684595108,1.3445111513137817,0.0024401170667260885,1.532306432723999,-0.003523385152220726,1.5514051914215088,0.02964080683887005,1.4203234910964966,2167.22802734375,699.8695068359375,2301.7041015625,564.7526245117188,4503.9287109375,1785.005615234375,7241.1875,2009.8515625,0.011745445430278778,0.017313798889517784,8.742959976196289,3.4891703128814697,16.484268188476562,3.9865758419036865,19.867311477661133,3.984983205795288,23.722986221313477,3.6368792057037354,24.70508575439453,4.265985488891602,23.449724197387695,3.103740692138672,42.442317962646484,5.577468395233154,0.0996161550283432,0.029607616364955902,0.0745951309800148,0.00476914132013917,0.004535755608230829,0.008336209692060947
spoof_6,Midwest_Fretwork Fractures,4,10.0,1,Spoof (AI),-86.79542541503906,38.67110824584961,66.68192291259766,19.9942684173584,-14.998761177062988,22.699926376342773,29.854564666748047,7.334632396697998,2.7111804485321045,20.32495880126953,-0.741730272769928,12.991250038146973,-3.8861806392669678,12.1803560256958,3.490727424621582,8.98432445526123,1.4008097648620605,9.207259178161621,1.9079911708831787,9.079404830932617,-3.9723269939422607,10.420284271240234,2.452440023422241,9.055630683898926,-6.030102252960205,5.805163383483887,-5.171680927276611,6.840372562408447,-6.641655921936035,7.470685005187988,1.7337361574172974,7.094635009765625,-0.3491319715976715,7.105673789978027,-0.6147692799568176,7.24858283996582,-0.06227171793580055,7.356147289276123,-0.9929075837135315,7.562199592590332,-0.036879561841487885,5.6772685050964355,-0.0529346764087677,3.4218177795410156,0.046986863017082214,2.21061635017395,0.06298202276229858,1.2573587894439697,-0.1120055541396141,2.501176595687866,-0.007906140759587288,1.7811756134033203,-0.012953732162714005,1.5910476446151733,-0.05280231684446335,1.5072531700134277,0.022925520315766335,1.6473705768585205,0.03889811411499977,1.8723748922348022,0.015444605611264706,2.0703678131103516,-0.059582702815532684,1.6346614360809326,0.009561870247125626,1.1441878080368042,0.06338447332382202,1.236946702003479,-0.032030828297138214,1.350197196006775,-0.02423251047730446,1.2419426441192627,-0.01976400800049305,1.3861873149871826,-0.05716526135802269,1.5250097513198853,0.0035232659429311752,1.412614107131958,-0.06346629559993744,1.5029947757720947,2758.55224609375,546.6456298828125,2605.96240234375,417.0035095214844,5757.09130859375,1296.228271484375,8296.4140625,1264.4219970703125,0.03320891410112381,0.03220278397202492,14.243790626525879,5.3014607429504395,12.072510719299316,5.099460124969482,15.642946243286133,3.9195220470428467,21.230375289916992,4.672194004058838,20.20757484436035,3.693817138671875,20.073518753051758,3.0488994121551514,43.01328659057617,5.966862201690674,0.13463450968265533,0.04554251581430435,0.1147291362285614,0.0318501852452755,0.009665043093264103,0.01527370698750019
spoof_6,Midwest_Fretwork Fractures,7,17.5,1,Spoof (AI),-77.74410247802734,24.471637725830078,73.11030578613281,14.913541793823242,-8.08089828491211,9.37441635131836,25.371097564697266,8.55508804321289,11.398876190185547,7.333481788635254,2.942208766937256,9.70419979095459,2.3125030994415283,6.936870574951172,0.9227781891822815,7.3104681968688965,-2.1194355487823486,10.034785270690918,-1.8258674144744873,8.270089149475098,-3.3962957859039307,7.094534873962402,-1.4794822931289673,6.558225154876709,-8.891142845153809,6.327333927154541,-3.960516929626465,6.4363837242126465,-3.5811915397644043,7.190046787261963,3.3465652465820312,5.999258518218994,-0.13353516161441803,6.452923774719238,-0.3883078396320343,7.270205974578857,-0.3580193817615509,8.25564956665039,-1.0622587203979492,6.543428897857666,0.0556395947933197,4.4676337242126465,-0.04065132141113281,2.4987988471984863,0.0017354621086269617,1.7585853338241577,-0.05539722740650177,1.6138290166854858,-0.016453417018055916,1.225573182106018,-0.0048148720525205135,1.8012361526489258,0.0024787497241050005,1.4248433113098145,-0.021335139870643616,1.5293195247650146,-0.08330945670604706,1.964722990989685,-0.014560858719050884,1.8402621746063232,0.016199931502342224,1.4134678840637207,0.05704212933778763,1.2620980739593506,0.013266894966363907,1.2042728662490845,0.001717455917969346,1.3534220457077026,-0.009629451669752598,1.602179765701294,0.007888381369411945,1.2254332304000854,0.005768879782408476,1.3388036489486694,-0.02567778341472149,1.4240919351577759,0.039172038435935974,1.5838366746902466,0.061347585171461105,1.200051188468933,2613.72998046875,413.8917236328125,2706.9130859375,206.0448760986328,5625.49951171875,985.2861938476562,8779.71484375,538.0636596679688,0.024518193677067757,0.016167111694812775,14.006791114807129,5.19718599319458,12.506357192993164,4.504737377166748,16.14188575744629,4.2238006591796875,22.43033790588379,4.112841606140137,20.896467208862305,3.3466885089874268,20.24155616760254,2.9909112453460693,40.22316360473633,3.489619731903076,0.11317726224660873,0.02989550121128559,0.12674389779567719,0.02722497284412384,0.006729074288159609,0.005912965163588524
spoof_6,Midwest_Fretwork Fractures,9,22.5,1,Spoof (AI),-74.21489715576172,34.163055419921875,65.39695739746094,14.143802642822266,-9.754252433776855,22.726110458374023,21.998689651489258,8.975359916687012,7.712496757507324,15.904694557189941,4.655519962310791,10.146456718444824,2.415616035461426,11.877742767333984,1.0441452264785767,9.078722953796387,-1.2651045322418213,7.376981258392334,2.2741470336914062,7.68837308883667,-5.650622367858887,7.699399948120117,0.08618450164794922,6.333906650543213,-9.452784538269043,7.894408226013184,-3.9632110595703125,7.620733261108398,-5.853137969970703,8.514566421508789,3.1565942764282227,5.736528396606445,-0.5113943815231323,6.014878749847412,0.2606034576892853,8.583956718444824,-0.35184788703918457,8.762007713317871,0.6855090856552124,6.833603858947754,0.031255073845386505,4.599119663238525,0.019416455179452896,2.1933703422546387,-0.007901009172201157,2.702962875366211,-0.012772873975336552,1.7545807361602783,-0.06340671330690384,1.9601469039916992,-0.06142524257302284,1.5070589780807495,-0.08230282366275787,1.7032123804092407,-0.08597635477781296,1.6272186040878296,-0.0037379309069365263,1.477971076965332,-0.0305922944098711,1.4148615598678589,-0.024405188858509064,1.382409930229187,-0.02424304187297821,1.1555033922195435,-0.06742189824581146,1.2985186576843262,-0.09041302651166916,1.41176176071167,-0.09439429640769958,1.5970414876937866,-0.03468162566423416,1.1028350591659546,-0.03884546831250191,1.0500195026397705,-0.014422046020627022,1.8023831844329834,-0.028194740414619446,1.8576288223266602,-0.018663812428712845,1.2667783498764038,2891.335693359375,496.634033203125,2802.087158203125,396.10321044921875,6370.93701171875,1219.729248046875,8773.2353515625,1198.6790771484375,0.03918454796075821,0.031630244106054306,13.812543869018555,5.667477130889893,11.450785636901855,4.217569828033447,15.258211135864258,3.560523509979248,20.758554458618164,4.908315181732178,19.62248420715332,3.7402684688568115,18.74778175354004,3.278735876083374,41.616695404052734,5.8994903564453125,0.13188792765140533,0.03933003172278404,0.12070289999246597,0.0264830831438303,0.013999356888234615,0.01355780940502882
spoof_6,Midwest_Fretwork Fractures,12,30.0,1,Spoof (AI),-69.86920166015625,15.964518547058105,74.57347869873047,7.63770055770874,-7.823745250701904,6.5590009689331055,26.914419174194336,5.817377090454102,15.898679733276367,5.084062576293945,5.6621012687683105,6.276965618133545,7.607091903686523,6.982458591461182,3.2112669944763184,6.30767297744751,3.097834348678589,7.03606653213501,1.788130283355713,5.8237152099609375,-0.5369312167167664,5.147019386291504,1.168837308883667,5.803966045379639,-8.805211067199707,6.530655860900879,-3.787829875946045,6.5375494956970215,-2.5640738010406494,7.379766464233398,3.041433811187744,5.793475151062012,2.8074541091918945,5.015748500823975,0.5168083310127258,6.22996187210083,0.7815029621124268,6.675612449645996,-0.6382977366447449,6.3552680015563965,0.029392648488283157,2.9618725776672363,-0.07121320813894272,1.4611554145812988,0.002746299374848604,1.4088314771652222,-0.07339116930961609,1.1568800210952759,-0.056587766855955124,1.1276155710220337,-0.006274834740906954,1.3626142740249634,0.021226666867733,1.3228232860565186,0.002137303352355957,1.315798282623291,-0.04138360172510147,1.4574860334396362,-0.01908775605261326,1.172121286392212,-0.007183167617768049,1.0229283571243286,-0.001453814678825438,1.1912400722503662,-0.031164558604359627,1.4439504146575928,-0.020744165405631065,1.4120380878448486,0.01883128471672535,1.3470165729522705,0.01967240683734417,1.0717519521713257,-0.02622743882238865,0.9347934126853943,0.017336757853627205,1.2934774160385132,0.02096770890057087,1.4696720838546753,-0.02399034984409809,1.2930978536605835,2624.251220703125,240.61849975585938,2755.84326171875,123.1960678100586,5653.662109375,647.5706787109375,9011.296875,278.6141357421875,0.02548125572502613,0.01092651579529047,17.36941909790039,4.411828517913818,12.379471778869629,4.910446643829346,15.114583969116211,3.461355686187744,21.09880256652832,3.6475634574890137,20.43337631225586,2.833071708679199,19.714914321899414,2.4689602851867676,40.352203369140625,3.2011396884918213,0.11302580684423447,0.021559149026870728,0.12510131299495697,0.020555322989821434,0.006608009338378906,0.003632351290434599
spoof_6,Midwest_Fretwork Fractures,14,35.0,1,Spoof (AI),-64.57864379882812,22.265043258666992,65.74879455566406,9.88874340057373,-9.25806713104248,7.409553527832031,24.25078010559082,7.453359603881836,14.626306533813477,6.832364082336426,6.485482692718506,7.191371440887451,8.064090728759766,7.212042331695557,2.8823423385620117,6.617861747741699,0.9628331661224365,7.399825096130371,4.811944961547852,7.323793888092041,-0.1727474182844162,8.031878471374512,2.7575266361236572,7.365365505218506,-8.965032577514648,7.597472667694092,-2.1727676391601562,7.297468185424805,-1.1987032890319824,8.307490348815918,4.559589862823486,7.799866199493408,0.6476761102676392,7.081822395324707,-0.9241324663162231,6.2332611083984375,0.9078547954559326,6.978452682495117,-0.6160662770271301,7.009523391723633,0.1413944959640503,4.501477241516113,-0.11940332502126694,2.0090103149414062,-0.061984460800886154,1.5556493997573853,-0.07596307247877121,1.4892104864120483,-0.044330231845378876,1.3650453090667725,-0.04100017994642258,1.4036333560943604,-0.04603886231780052,1.46941339969635,0.04959801211953163,1.5258393287658691,0.031342022120952606,1.6054524183273315,0.02402784675359726,1.411879301071167,-0.07359353452920914,1.430596113204956,-0.052625637501478195,1.3770922422409058,0.021232638508081436,1.3110110759735107,0.09090019017457962,1.1912121772766113,0.04763393849134445,1.373586893081665,0.03952556103467941,1.3009557723999023,-0.016278432682156563,1.1785088777542114,0.030482342466711998,1.0841516256332397,0.06634331494569778,1.2851895093917847,0.033762529492378235,1.2067410945892334,2835.33984375,303.3876647949219,2817.79833984375,161.1294403076172,6194.73388671875,798.275634765625,9082.9248046875,374.2651672363281,0.032467279583215714,0.013371597044169903,15.671136856079102,5.249539375305176,10.969292640686035,3.8260645866394043,15.121528625488281,4.314506530761719,21.553369522094727,4.562580585479736,20.596044540405273,3.6338717937469482,19.826391220092773,3.00606632232666,40.7456169128418,3.6863629817962646,0.1302964985370636,0.025004612281918526,0.12708918750286102,0.023527415469288826,0.00986940972507,0.005707876291126013
spoof_6,Midwest_Fretwork Fractures,17,42.5,1,Spoof (AI),-62.81436538696289,20.612476348876953,72.95728302001953,12.09722900390625,-6.942291259765625,8.18821907043457,22.580856323242188,7.063867092132568,10.571684837341309,5.214954376220703,6.238346576690674,5.8401198387146,9.212103843688965,7.084860324859619,3.3067309856414795,5.744844436645508,-1.553479552268982,7.126791000366211,3.972398042678833,5.907897472381592,-0.537006676197052,5.2415924072265625,2.5121257305145264,5.775620460510254,-9.37692642211914,5.701176166534424,-1.5895243883132935,6.023083209991455,-2.128777503967285,6.036229610443115,2.584745168685913,5.367432594299316,-1.272217869758606,6.032498359680176,-4.00142765045166,5.8126044273376465,-0.21206572651863098,6.300150394439697,-1.0728638172149658,5.899111747741699,-0.11928237229585648,3.397324800491333,0.07653637230396271,2.2521939277648926,0.0783534049987793,1.2676922082901,-0.012991156429052353,1.189872145652771,-0.032913900911808014,1.0454351902008057,-0.0036389429587870836,1.2435812950134277,0.029200276359915733,1.4413172006607056,0.08199110627174377,1.2984468936920166,0.010283337906002998,1.4136810302734375,0.00530368322506547,1.1627367734909058,0.06728144735097885,1.1184325218200684,0.050093963742256165,1.20469069480896,0.037143830209970474,1.1572078466415405,-0.007852376438677311,1.221724033355713,-0.024041829630732536,1.118839144706726,0.004034155048429966,0.9542254209518433,-0.005135796498507261,1.1280641555786133,0.07771434634923935,0.9978116750717163,0.0967801958322525,1.1570725440979004,0.04217838868498802,0.9432156682014465,2712.939453125,344.13006591796875,2781.716796875,153.7954864501953,5948.0986328125,866.2882690429688,8953.2763671875,355.1382141113281,0.030198289081454277,0.014824146404862404,16.40093421936035,4.412622928619385,12.211430549621582,4.218775749206543,14.944869995117188,3.9322195053100586,20.219545364379883,4.07705020904541,20.206682205200195,3.22683048248291,18.977527618408203,2.340880870819092,40.98369216918945,3.4695050716400146,0.12185103446245193,0.024449380114674568,0.1280946433544159,0.02209559828042984,0.008506176993250847,0.005818719044327736
spoof_6,Midwest_Fretwork Fractures,19,47.5,1,Spoof (AI),-94.04547882080078,28.02720069885254,86.66431427001953,14.28494644165039,-6.1876678466796875,12.69802188873291,19.7869873046875,7.62520694732666,1.8198332786560059,10.792503356933594,0.972047746181488,8.60648250579834,3.4797656536102295,7.714885234832764,2.410649538040161,6.506158351898193,-4.331113815307617,6.272902011871338,2.4946682453155518,7.530123233795166,-3.5916945934295654,6.905448913574219,-0.5576977729797363,6.289453506469727,-11.476343154907227,7.108278274536133,-3.3369674682617188,6.606914520263672,-1.1627418994903564,6.595870494842529,6.344730854034424,6.322049140930176,-2.247962713241577,6.158512115478516,-0.49244293570518494,7.046781539916992,-0.5622671842575073,6.8238959312438965,0.7532443404197693,5.887067794799805,-0.020359084010124207,4.612000942230225,-0.15861845016479492,2.6277198791503906,-0.36926960945129395,2.429293632507324,0.0937906876206398,1.512951374053955,-0.09255347400903702,1.9247735738754272,0.04649682343006134,1.690353512763977,0.010500422678887844,1.6256693601608276,-0.05850037559866905,1.3169435262680054,-0.025052126497030258,1.175812840461731,-0.0055730342864990234,1.3605678081512451,-0.005405408795922995,1.2349950075149536,0.0039939903654158115,1.1868717670440674,-0.03164314851164818,1.2056405544281006,-0.022881584241986275,1.2213295698165894,-0.014231997542083263,1.1328035593032837,0.026654819026589394,0.9610087871551514,0.03671225532889366,1.0761888027191162,-0.030781524255871773,1.1430764198303223,-0.02023404650390148,1.1989333629608154,-0.031137969344854355,1.0033156871795654,2368.997314453125,334.8117980957031,2607.186767578125,226.83457946777344,5188.95361328125,889.8106689453125,8434.3857421875,637.1658935546875,0.01764419861137867,0.01029595360159874,15.8916597366333,5.983952045440674,11.865509986877441,4.743144512176514,16.27207374572754,4.358180046081543,21.82018280029297,4.169372081756592,21.30426597595215,3.3039307594299316,19.088045120239258,2.296823501586914,42.634315490722656,3.6834523677825928,0.09772858768701553,0.023869691416621208,0.11024113744497299,0.024357870221138,0.004385217558592558,0.003243567654863
spoof_6,Midwest_Fretwork Fractures,22,55.0,1,Spoof (AI),-56.26350784301758,16.182159423828125,70.02635955810547,9.772993087768555,-10.675101280212402,6.676750183105469,20.539928436279297,6.294341087341309,12.879681587219238,5.747766017913818,5.186115264892578,5.970602989196777,11.731611251831055,6.369208812713623,2.9199557304382324,6.44545316696167,-0.468118280172348,6.372384548187256,4.663585662841797,5.6670942306518555,2.8063549995422363,5.5640716552734375,2.5845718383789062,5.916717052459717,-8.692451477050781,4.746363639831543,-1.7122933864593506,5.515082359313965,-3.706367254257202,4.761809825897217,1.8935096263885498,5.1507086753845215,-0.7227301001548767,4.871079921722412,-3.0265378952026367,5.5378336906433105,-1.1525791883468628,6.1508708000183105,-0.1094173714518547,5.455603122711182,0.07974912226200104,2.816826820373535,-0.0405970960855484,1.767225980758667,0.04895532876253128,1.1770309209823608,0.05228254571557045,1.1465511322021484,0.07052288204431534,0.9507078528404236,0.06607510894536972,1.1352208852767944,0.022028865292668343,1.3799949884414673,0.041059188544750214,1.3134816884994507,0.026207270100712776,1.2981704473495483,-0.03166049346327782,1.0865216255187988,-0.06273026764392853,1.1909303665161133,0.025084517896175385,1.1511801481246948,0.007497536018490791,0.9939107894897461,0.005154712125658989,1.156572937965393,0.005806789267808199,0.9037449955940247,0.004931135103106499,1.0231117010116577,-0.04258016124367714,0.7705156803131104,0.04181568697094917,1.1018766164779663,0.0695917159318924,1.1778664588928223,-0.003866630606353283,1.111678123474121,2792.321533203125,242.14599609375,2808.919189453125,100.9252700805664,6078.89306640625,613.5675048828125,9152.458984375,211.67428588867188,0.03241204842925072,0.010303124785423279,16.47065544128418,4.759246349334717,10.927727699279785,3.960879325866699,14.133384704589844,4.080930709838867,20.867502212524414,3.994684934616089,20.336896896362305,3.092695713043213,19.381502151489258,2.6681060791015625,40.74507141113281,2.1262271404266357,0.13161666691303253,0.02358204685151577,0.12847524881362915,0.02097994089126587,0.009846661239862442,0.003945766016840935
spoof_6,Midwest_Fretwork Fractures,24,60.0,1,Spoof (AI),-53.25294876098633,17.46372413635254,67.68992614746094,10.9749174118042,-8.128750801086426,6.676966667175293,22.346046447753906,6.131988048553467,15.095780372619629,4.36137580871582,7.205136775970459,5.2243170738220215,11.827648162841797,6.638395309448242,3.1492795944213867,5.555244445800781,-1.1098970174789429,6.514627933502197,5.8776936531066895,4.879641056060791,2.2333061695098877,5.142474174499512,3.1968982219696045,5.11018705368042,-8.496942520141602,4.359902858734131,-1.2773010730743408,5.630054950714111,-3.1862165927886963,4.904860019683838,2.853790283203125,5.634941577911377,-0.943532407283783,4.621575832366943,-0.1061989814043045,5.222441673278809,1.9894328117370605,4.67626428604126,0.5675050020217896,5.9691033363342285,-0.09033612906932831,2.6856207847595215,-0.06595155596733093,2.150270700454712,-0.09275183826684952,1.255278468132019,-0.03590976819396019,0.9125945568084717,-0.0785311758518219,0.8623092174530029,-0.04846857115626335,1.040687918663025,-0.05115479975938797,1.1238757371902466,0.012796176597476006,1.0859867334365845,0.0170699805021286,1.2000250816345215,-0.0547623448073864,0.9238439202308655,-0.013979987241327763,0.8260492086410522,-0.056848905980587006,0.9657690525054932,-0.04429600015282631,0.9094728231430054,0.03861953690648079,1.001015305519104,0.048022154718637466,1.0119812488555908,0.053296443074941635,1.0780829191207886,0.06817952543497086,0.7731885313987732,0.019066262990236282,0.8479210734367371,0.040351707488298416,0.858396053314209,0.05297260731458664,1.0141667127609253,2863.991455078125,305.2377624511719,2853.156005859375,120.82685852050781,6325.876953125,741.3087158203125,9174.939453125,212.48953247070312,0.0350126288831234,0.013521836139261723,16.29233741760254,5.173738479614258,12.118528366088867,4.404898643493652,14.345415115356445,3.7854127883911133,20.257080078125,4.309482574462891,20.542131423950195,3.1176841259002686,18.862842559814453,2.489611864089966,40.861968994140625,3.023587703704834,0.1314493864774704,0.025470133870840073,0.13296444714069366,0.02311456762254238,0.011715828441083431,0.006670267786830664
spoof_6,Midwest_Fretwork Fractures,27,67.5,1,Spoof (AI),-54.294185638427734,17.965492248535156,64.93115997314453,10.423970222473145,-1.4735783338546753,5.732196807861328,22.440900802612305,5.408761501312256,14.371468544006348,5.301325798034668,4.178553104400635,6.373204231262207,12.047455787658691,6.227071762084961,5.780540943145752,5.7337260246276855,-0.10081224143505096,5.943672180175781,1.7136977910995483,5.9437761306762695,0.5989371538162231,6.207327365875244,2.3212928771972656,5.977147579193115,-9.58890438079834,6.577693462371826,-1.552935004234314,6.61088228225708,-1.817245602607727,6.688233375549316,3.6025052070617676,6.131269454956055,1.555177092552185,5.549110412597656,1.1185709238052368,5.283100605010986,-0.7834793925285339,6.439783096313477,0.527859091758728,5.894639492034912,0.03279556706547737,3.3891594409942627,0.005874315742403269,1.9234563112258911,0.004239868372678757,1.146675705909729,-0.03801358491182327,1.06617271900177,-0.012958423234522343,0.9976028203964233,-0.021700849756598473,0.9732761383056641,-0.04621255770325661,1.0380491018295288,-0.012637820094823837,1.052481770515442,0.006567043252289295,1.0772228240966797,0.018773909658193588,1.0560663938522339,0.0029825589153915644,1.0369881391525269,0.03585432469844818,1.1294444799423218,0.003772225696593523,1.3084293603897095,0.012555789202451706,1.2177225351333618,-0.049265604466199875,1.1044180393218994,-0.031379301100969315,0.9371122121810913,-0.01163842249661684,0.9101130366325378,0.018733657896518707,1.002407193183899,0.010058053769171238,1.0815222263336182,0.024699227884411812,0.9512133598327637,2979.255615234375,294.6554870605469,2979.051513671875,101.78892517089844,6842.37451171875,606.10693359375,9394.009765625,206.58074951171875,0.03573039174079895,0.013740625232458115,18.032556533813477,4.531267166137695,10.237443923950195,4.336643218994141,14.530264854431152,3.6936404705047607,21.14702606201172,4.77956485748291,21.452804565429688,3.5281519889831543,19.25074577331543,2.1155526638031006,41.36186218261719,3.0741891860961914,0.1355862021446228,0.02594618685543537,0.13409005105495453,0.024913376197218895,0.014870473183691502,0.007036228198558092
spoof_6,Midwest_Fretwork Fractures,29,72.5,1,Spoof (AI),-47.47775650024414,16.994150161743164,64.1895523071289,11.304219245910645,-4.698572635650635,6.539580345153809,19.373666763305664,5.328420162200928,15.745270729064941,4.670036792755127,8.12395191192627,5.63678503036499,17.30198860168457,6.184285640716553,6.706137180328369,5.074675559997559,-2.96079683303833,5.854139804840088,1.174683928489685,5.441393852233887,-0.24467246234416962,5.369874954223633,0.8573529124259949,4.945556640625,-9.580116271972656,5.448671817779541,-1.8918273448944092,5.48271369934082,-2.266042709350586,5.524658203125,3.62825345993042,5.243500709533691,1.5472168922424316,5.177651882171631,1.184900164604187,5.483610153198242,-2.8689346313476562,6.082455635070801,0.9875413179397583,4.338079452514648,0.10805431753396988,3.0747053623199463,-0.07319529354572296,2.037966251373291,0.02942342311143875,1.2726151943206787,0.04963650926947594,0.98552405834198,-0.026358630508184433,0.874016284942627,-0.008903004229068756,1.1409350633621216,0.043298155069351196,1.217367172241211,0.04261297732591629,0.9346909523010254,-0.009311937727034092,1.0086350440979004,-0.05092809721827507,1.0871285200119019,-0.04882442206144333,0.9526410102844238,-0.04453713074326515,0.8171846866607666,-0.03277072682976723,1.0667665004730225,-0.04446540027856827,1.068182110786438,-0.01640453189611435,1.0885032415390015,0.039222028106451035,1.0940579175949097,0.01027744822204113,0.977234423160553,-0.016221867874264717,0.956855833530426,0.024702195078134537,1.0320584774017334,0.06953813880681992,0.790651798248291,2997.4814453125,288.72845458984375,2978.69970703125,97.39810180664062,6877.4658203125,596.5870361328125,9398.345703125,174.59033203125,0.03684648498892784,0.012029118835926056,16.061750411987305,4.734110355377197,10.717129707336426,3.8752827644348145,14.324775695800781,4.159067630767822,20.412694931030273,3.8620529174804688,21.132431030273438,3.2147698402404785,18.596242904663086,2.407066822052002,40.91923904418945,3.163817882537842,0.13957609236240387,0.02230479009449482,0.1395990252494812,0.023462733253836632,0.01595992222428322,0.006296494510024786
spoof_6,Midwest_Fretwork Fractures,32,80.0,1,Spoof (AI),-47.75544738769531,16.52617645263672,67.65056610107422,12.361337661743164,-4.672635555267334,7.796171188354492,17.173782348632812,5.8991875648498535,12.628442764282227,5.988852500915527,6.765888690948486,6.117819309234619,17.19917869567871,6.043353080749512,7.375438690185547,5.647345066070557,-3.327100992202759,5.914979457855225,-0.07179302722215652,5.686214447021484,0.7323476076126099,5.54469633102417,0.7438820600509644,4.659118175506592,-10.157065391540527,5.562636852264404,1.436922550201416,5.489258289337158,-2.3356096744537354,5.221104621887207,3.011927366256714,4.743985176086426,-1.7346582412719727,4.626709461212158,-1.844878911972046,4.834127426147461,-2.58280611038208,5.292351245880127,0.7424703240394592,4.919644832611084,-0.12409669160842896,2.937331438064575,-0.04676724225282669,2.084794521331787,-0.03802134469151497,1.381494402885437,0.03756750375032425,1.1353994607925415,0.059702739119529724,1.1651196479797363,0.031156575307250023,1.2033697366714478,0.00028894233400933444,1.053300380706787,-0.026024747639894485,0.9557985067367554,0.020253444090485573,1.0454033613204956,0.05674125999212265,1.0413281917572021,0.08291598409414291,1.152056097984314,-0.02662510611116886,0.9000245928764343,-0.014264649711549282,1.1251156330108643,0.032045815140008926,1.1565881967544556,0.0552426353096962,1.0623505115509033,0.0326070711016655,0.8558031320571899,0.00532802427187562,0.7929489612579346,-0.007245064713060856,0.8892360329627991,-0.024209488183259964,0.9979629516601562,-0.019474422559142113,0.7865504622459412,2928.18896484375,308.2170715332031,2956.88037109375,104.18306732177734,6755.4443359375,669.3049926757812,9341.0234375,204.05604553222656,0.037234313786029816,0.012263533659279346,17.25480079650879,5.109096527099609,10.870594024658203,5.254444122314453,14.13789176940918,3.765507459640503,20.071809768676758,4.516051292419434,20.24237060546875,3.1702475547790527,18.00843048095703,2.297999620437622,40.72108840942383,3.0159170627593994,0.1347113698720932,0.024507591500878334,0.13785594701766968,0.024601051583886147,0.015105252154171467,0.006765854544937611
spoof_6,Midwest_Fretwork Fractures,34,85.0,1,Spoof (AI),-49.13648223876953,17.293415069580078,66.26947784423828,12.27044677734375,-5.595709800720215,7.2674150466918945,18.484529495239258,6.085466384887695,14.360876083374023,5.004919528961182,7.461149215698242,6.616766452789307,14.40471076965332,6.56415319442749,5.963454723358154,5.374842166900635,-0.09517747163772583,5.999987602233887,4.142216205596924,6.046532154083252,1.9095450639724731,5.483866214752197,0.06737680733203888,5.1897711753845215,-8.580220222473145,5.116598129272461,1.1566247940063477,5.7549333572387695,-3.1780176162719727,5.535804748535156,1.9235801696777344,5.68938684463501,-0.9324503540992737,6.684459686279297,-0.5233235359191895,5.783396244049072,-1.9744054079055786,6.572904586791992,2.2849535942077637,5.891051292419434,0.11441677063703537,3.3282899856567383,0.08771178126335144,2.2295022010803223,0.07787149399518967,1.4312725067138672,0.0011843398679047823,1.1487363576889038,-0.04227285087108612,0.8961219191551208,-0.06863296777009964,1.2695555686950684,0.01887563429772854,1.425248622894287,-0.0027862766291946173,1.1398977041244507,-0.034259140491485596,1.0290249586105347,-0.0412750318646431,1.1094813346862793,-0.07017024606466293,1.008976936340332,-0.022689269855618477,0.8351700305938721,-0.011626490391790867,1.0058364868164062,-0.046049896627664566,1.1225848197937012,0.006285433191806078,1.0084549188613892,-0.028274288401007652,1.2159674167633057,-0.03352629393339157,1.3409945964813232,0.0016379356384277344,0.941076397895813,-0.03710309788584709,1.1889324188232422,0.008432633243501186,1.062833547592163,2935.697021484375,311.33587646484375,2935.597412109375,118.5168228149414,6672.15283203125,689.0362548828125,9318.9423828125,235.42169189453125,0.03474952280521393,0.011305656284093857,17.33578109741211,5.254438400268555,11.208870887756348,4.369094371795654,14.078546524047852,4.003285884857178,20.176715850830078,4.375298500061035,20.978515625,3.28790020942688,18.874601364135742,2.538193702697754,40.878944396972656,3.2780652046203613,0.13605867326259613,0.023914873600006104,0.13993170857429504,0.026177486404776573,0.014033093117177486,0.006017097271978855
spoof_6,Midwest_Fretwork Fractures,37,92.5,1,Spoof (AI),-67.07745361328125,25.104881286621094,71.25968170166016,15.884160041809082,-8.636640548706055,12.851470947265625,19.82735252380371,8.135627746582031,7.843460559844971,7.8609747886657715,0.4232456684112549,9.327757835388184,13.13200569152832,9.338666915893555,3.8675591945648193,8.680977821350098,-4.11491060256958,7.385334491729736,-0.4532060921192169,8.037622451782227,-1.9989397525787354,6.776378154754639,-2.295783758163452,6.960217475891113,-10.977048873901367,6.565522193908691,-1.341177225112915,5.752828598022461,-2.7971372604370117,7.020980358123779,3.2916691303253174,6.981729030609131,-2.311988592147827,5.804581642150879,-0.6483210325241089,6.154762268066406,0.5797768235206604,6.960592269897461,-0.12773410975933075,5.685145854949951,0.3470253646373749,4.827662467956543,-0.20193898677825928,3.0918049812316895,0.3745042383670807,2.725071907043457,-0.0013987025013193488,1.5434571504592896,0.15725450217723846,1.4844754934310913,0.08458114415407181,1.6407564878463745,0.12193688005208969,1.6694108247756958,0.020998306572437286,1.5730127096176147,0.03576325252652168,1.4946690797805786,0.06869702786207199,1.568381905555725,0.07755690068006516,1.355217695236206,0.05442683771252632,1.2608851194381714,0.05601571500301361,1.2513190507888794,0.029739776626229286,1.1198163032531738,0.061203956604003906,1.3333276510238647,0.031061839312314987,1.316872000694275,-0.0019014455610886216,0.9471561312675476,0.02040272206068039,1.1818935871124268,-0.02425612322986126,1.3637893199920654,0.019533202052116394,1.1611328125,2729.8798828125,379.45623779296875,2795.943603515625,228.55935668945312,5989.5703125,998.200439453125,9058.2509765625,639.811279296875,0.02609431929886341,0.012861387804150581,16.226238250732422,5.517941474914551,11.778473854064941,4.589008808135986,15.287091255187988,4.643407821655273,21.757417678833008,4.583019733428955,21.333660125732422,3.6102800369262695,19.330554962158203,2.5125226974487305,41.037044525146484,3.084486246109009,0.1206461563706398,0.026561476290225983,0.13222740590572357,0.02991119772195816,0.009626543149352074,0.006517073605209589
spoof_6,Midwest_Fretwork Fractures,39,97.5,1,Spoof (AI),-60.759376525878906,21.955293655395508,68.97402954101562,14.233233451843262,-7.654391765594482,10.249394416809082,16.544099807739258,9.623064041137695,7.407449722290039,7.4089155197143555,1.7044464349746704,8.855494499206543,15.24868106842041,9.22991943359375,4.553952693939209,8.501477241516113,-3.8570451736450195,8.690651893615723,0.6683074235916138,8.447378158569336,-0.08620599657297134,8.202835083007812,-1.965145230293274,5.80889892578125,-12.97463607788086,6.927621841430664,-2.090529203414917,6.406980037689209,-3.4186811447143555,5.861433506011963,3.996029853820801,5.662367343902588,-3.11525821685791,5.7532877922058105,-1.2035529613494873,7.539816379547119,0.09242404252290726,7.416129112243652,0.7385556101799011,5.874595642089844,0.07282907515764236,3.9852495193481445,0.1298331618309021,2.4819588661193848,-0.08446101099252701,2.011991262435913,-0.06960251927375793,1.725387454032898,-0.044192586094141006,1.285027027130127,0.008830995298922062,1.9221407175064087,0.021361995488405228,1.888547658920288,-0.017197586596012115,1.842380166053772,-0.040537163615226746,1.7538405656814575,-0.03800840675830841,1.4150811433792114,-0.026048624888062477,1.4396966695785522,0.0010419399477541447,1.0897172689437866,0.030411075800657272,1.4131319522857666,0.02977624721825123,1.2278474569320679,-0.023972569033503532,1.1482713222503662,0.009123723022639751,1.0542763471603394,0.003472214564681053,1.0973454713821411,0.029310349375009537,1.4278199672698975,0.027540242299437523,1.3953150510787964,0.016890743747353554,1.1790152788162231,2799.6884765625,379.87689208984375,2852.885009765625,170.4253692626953,6227.43212890625,968.3425903320312,9190.9892578125,330.4671325683594,0.028351394459605217,0.013480672612786293,14.985610961914062,6.0507659912109375,11.254104614257812,5.012475490570068,14.481484413146973,4.506147861480713,20.306791305541992,4.456882476806641,21.166133880615234,3.3924856185913086,19.220104217529297,2.7552056312561035,41.065250396728516,3.2895777225494385,0.12592004239559174,0.028497178107500076,0.138696551322937,0.029292019084095955,0.011403013952076435,0.007391852326691151
spoof_6,Midwest_Fretwork Fractures,42,105.0,1,Spoof (AI),-53.90919876098633,21.047313690185547,69.50237274169922,12.622363090515137,-5.5818610191345215,10.761902809143066,19.089143753051758,5.548482894897461,10.320433616638184,7.279053688049316,4.703728675842285,6.620870113372803,17.310325622558594,7.434371471405029,8.023353576660156,5.9306535720825195,-0.4789060652256012,6.6982035636901855,-0.7778355479240417,6.2253737449646,-1.171256184577942,6.224324703216553,-0.6250748634338379,5.159802436828613,-10.783424377441406,5.518430233001709,0.8288813829421997,4.876008987426758,-0.2750912010669708,6.202317714691162,7.2859063148498535,6.157530307769775,2.235835075378418,6.245901584625244,-0.7075437903404236,5.8122878074646,-3.391584634780884,5.763977527618408,-1.572862982749939,6.368116855621338,-0.12790527939796448,4.140336036682129,0.0426737479865551,2.2697155475616455,0.030188754200935364,1.8189893960952759,0.04846220090985298,1.0303478240966797,-0.022922595962882042,1.330695390701294,-0.03921416029334068,1.4280551671981812,-0.008597612380981445,1.502347469329834,-0.0062728081829845905,1.2811955213546753,0.03538054600358009,1.3119821548461914,0.05346868932247162,1.1067144870758057,0.031664520502090454,0.970694899559021,0.013577145524322987,0.9221153855323792,0.004525451920926571,1.0712757110595703,0.004118246026337147,0.8374049663543701,0.011414035223424435,1.2085151672363281,0.05349254235625267,1.1200166940689087,0.04292251542210579,1.1069483757019043,0.041407328099012375,1.0539448261260986,0.01431266125291586,1.1100245714187622,-0.07957731187343597,1.3776201009750366,2813.349853515625,325.4432373046875,2886.8984375,225.32676696777344,6375.07421875,951.6083374023438,9188.3974609375,516.5571899414062,0.028957398608326912,0.011556168086826801,17.255203247070312,4.848217964172363,11.76689624786377,4.760927677154541,14.994211196899414,4.567718029022217,21.064292907714844,4.195483207702637,21.039676666259766,3.1923575401306152,18.832033157348633,2.418243885040283,40.93421173095703,3.4993977546691895,0.12212682515382767,0.021761968731880188,0.14326855540275574,0.024947918951511383,0.011828512884676456,0.006606338080018759
spoof_6,Midwest_Fretwork Fractures,44,110.0,1,Spoof (AI),-54.83037567138672,17.084272384643555,66.84273529052734,12.930228233337402,-0.7982867360115051,6.675098419189453,20.166025161743164,5.398058891296387,14.394942283630371,5.336089611053467,5.340451717376709,6.859916687011719,19.19702911376953,5.656383037567139,8.451387405395508,5.62520170211792,1.1759964227676392,5.8194193840026855,0.19653914868831635,5.647365570068359,2.3429393768310547,5.747669219970703,0.4293387830257416,4.852306365966797,-6.011564254760742,5.4343485832214355,2.4483730792999268,5.67232084274292,2.6680941581726074,5.716743469238281,6.378481864929199,7.103672504425049,1.818161129951477,6.7205586433410645,0.840006947517395,5.215076446533203,-0.6147539615631104,6.135037899017334,2.2833633422851562,6.0484466552734375,0.18711845576763153,3.1212074756622314,0.04355507344007492,2.3428807258605957,-0.03333213925361633,1.197096347808838,-0.03793437406420708,0.9577217102050781,0.00439641997218132,0.9779933094978333,0.10141421109437943,1.5781806707382202,0.11096791177988052,1.3633618354797363,0.0892808735370636,1.2697389125823975,0.04386534541845322,1.042989730834961,-0.011307050473988056,1.0172165632247925,-0.026727057993412018,1.1215951442718506,0.03412805125117302,0.8190427422523499,0.05958158150315285,1.0114184617996216,0.03195597976446152,0.982875406742096,-0.01075123343616724,1.0130609273910522,-0.02363426983356476,1.2929528951644897,0.03851185739040375,1.3329627513885498,0.04833691939711571,0.9327976107597351,0.03367450460791588,1.3111079931259155,0.052907347679138184,1.2063486576080322,2913.3564453125,314.0444641113281,3009.160888671875,122.16708374023438,6763.27001953125,738.0594482421875,9511.6943359375,229.1182403564453,0.030426302924752235,0.010310223326086998,17.024078369140625,4.0495524406433105,10.43630313873291,3.8964455127716064,14.148298263549805,4.6932806968688965,21.000961303710938,4.523220062255859,20.78763771057129,3.313368082046509,19.126859664916992,2.5025336742401123,39.96943283081055,3.241903781890869,0.12463831156492233,0.02355310320854187,0.14447690546512604,0.02846892550587654,0.014107465744018555,0.006094839423894882
spoof_6,Midwest_Fretwork Fractures,47,117.5,1,Spoof (AI),-66.6480484008789,24.81847381591797,69.6147232055664,13.5209379196167,-0.24355344474315643,15.578575134277344,22.815086364746094,7.374623775482178,12.212077140808105,9.66489028930664,6.384020805358887,6.6937031745910645,18.15510368347168,7.777873516082764,7.342098712921143,6.105347156524658,1.9147306680679321,6.719563961029053,-0.26336613297462463,7.653454303741455,0.7685887813568115,5.800601482391357,-0.9628993272781372,6.3087944984436035,-7.466167449951172,6.9597578048706055,4.603821277618408,6.5287017822265625,0.9130881428718567,6.567502021789551,3.9509317874908447,6.171357154846191,-1.1939241886138916,5.910737037658691,-2.04854154586792,6.684720993041992,0.08528702706098557,7.31786584854126,2.264613628387451,8.310469627380371,-0.1730685830116272,4.694410800933838,-0.12709033489227295,2.4138379096984863,-0.0183053370565176,2.390604019165039,0.0788533017039299,1.3604062795639038,0.13552723824977875,1.625917911529541,0.029998280107975006,1.2879070043563843,-0.023173734545707703,1.3157533407211304,0.005269982386380434,1.1667671203613281,0.0816710963845253,1.2067055702209473,0.07404468953609467,1.3592177629470825,0.03064611367881298,0.8962464928627014,-0.02694334276020527,1.0843420028686523,-0.08468599617481232,1.22465980052948,-0.04634479805827141,1.142350673675537,-0.008024102076888084,1.1023530960083008,0.023935528472065926,1.1126773357391357,-0.024745894595980644,1.2412301301956177,-0.019999496638774872,1.361003041267395,-0.020484451204538345,1.6172890663146973,-0.04519424960017204,1.6872293949127197,2752.320068359375,352.35980224609375,2917.235595703125,285.0064392089844,6358.87451171875,1020.017578125,9204.4970703125,757.3506469726562,0.023309914395213127,0.011026572436094284,17.29888916015625,5.238685131072998,11.09043025970459,4.873968124389648,15.26044750213623,4.525949001312256,21.88058090209961,4.182054042816162,21.38384437561035,3.346388101577759,19.282207489013672,2.6879730224609375,40.56107711791992,4.013813495635986,0.11422163993120193,0.025413542985916138,0.14650623500347137,0.03585072606801987,0.010580531321465969,0.006756621412932873
spoof_6,Midwest_Fretwork Fractures,49,122.5,1,Spoof (AI),-65.2962417602539,18.859277725219727,73.29077911376953,11.317646980285645,7.816168785095215,6.07485294342041,22.696359634399414,6.661557674407959,17.468170166015625,5.393096923828125,7.271215438842773,6.180718421936035,19.357059478759766,5.7532148361206055,7.382342338562012,4.996808052062988,1.6782509088516235,6.448294639587402,-0.1555173695087433,6.333075046539307,-0.3582008183002472,5.447511196136475,-0.37300774455070496,5.601736545562744,-7.245975017547607,5.848209857940674,3.7166950702667236,5.193411350250244,0.4140456020832062,4.934718132019043,3.949617624282837,5.336616039276123,0.4419271647930145,5.276798248291016,-1.8847635984420776,5.004048824310303,2.0924243927001953,6.095508575439453,3.5305421352386475,6.466813564300537,0.20290984213352203,3.643364429473877,0.03414909914135933,2.123842477798462,-0.007733093574643135,1.1414684057235718,0.02967044524848461,1.1490399837493896,0.01050905603915453,0.9583369493484497,0.05715920403599739,1.2456204891204834,-0.003145664930343628,0.9962174892425537,0.016444064676761627,0.9081458449363708,-0.002337815472856164,1.1729949712753296,-0.026997160166502,1.1370290517807007,-0.012253068387508392,1.0788373947143555,0.08511131256818771,1.128630518913269,0.07026088982820511,1.1326102018356323,0.011372804641723633,0.9487573504447937,0.016666345298290253,0.8094280958175659,-0.03496314585208893,0.9794484376907349,-0.028741369023919106,0.9309122562408447,0.025804558768868446,1.0276875495910645,0.09792522341012955,1.345827579498291,0.10488716512918472,1.469516634941101,2703.24462890625,312.0597839355469,3015.0966796875,127.54090118408203,6551.37744140625,809.2981567382812,9436.228515625,223.6825714111328,0.020899761468172073,0.0081052640452981,17.915054321289062,4.778091907501221,10.864824295043945,4.306181907653809,14.960587501525879,4.637840747833252,21.62795066833496,4.0080037117004395,21.242738723754883,3.444425582885742,19.032747268676758,2.3390896320343018,39.32904052734375,2.876330852508545,0.10145625472068787,0.022565485909581184,0.15353870391845703,0.03232332691550255,0.010402070358395576,0.0052038696594536304
spoof_6,Midwest_Fretwork Fractures,52,130.0,1,Spoof (AI),-91.66944122314453,34.89753723144531,80.11676025390625,20.710519790649414,6.008219242095947,17.86699867248535,19.22724723815918,8.38317584991455,10.924540519714355,8.254237174987793,2.179903268814087,7.311624526977539,14.120257377624512,8.210583686828613,2.7309772968292236,7.347285270690918,1.7609306573867798,7.38136100769043,2.661315441131592,7.874314308166504,-1.33596932888031,6.760980606079102,-3.58305025100708,6.938695907592773,-10.727178573608398,5.948662281036377,0.09812375903129578,5.971755504608154,-3.923858642578125,5.893852233886719,-0.281535267829895,6.285972595214844,-1.9002851247787476,6.150689125061035,0.9614719748497009,8.827392578125,1.237197756767273,9.074193000793457,2.1508731842041016,6.3989434242248535,-0.3231489360332489,3.9858193397521973,0.14940890669822693,3.0966057777404785,-0.008211382664740086,2.8103480339050293,-0.05024024844169617,1.4400100708007812,-0.000957716372795403,1.265490174293518,-0.03564534708857536,1.2796754837036133,-0.024059105664491653,1.3267226219177246,-0.02450449764728546,1.2525553703308105,0.013870841823518276,1.1032418012619019,0.051301248371601105,1.164883017539978,0.02891087532043457,1.1699793338775635,0.02149851806461811,1.2647626399993896,-0.025529392063617706,1.1369316577911377,0.00023701455211266875,0.8647876381874084,0.015957577154040337,0.9335067868232727,-0.00942400936037302,1.1088612079620361,0.005018741823732853,1.1751598119735718,0.023876039311289787,1.1742089986801147,0.010204236023128033,1.5276023149490356,-0.002845318289473653,1.2670092582702637,2536.4609375,522.9379272460938,2860.850830078125,326.0311279296875,5893.66748046875,1462.601318359375,9094.7373046875,747.2610473632812,0.016115615144371986,0.011233278550207615,17.94567108154297,6.668609619140625,14.932219505310059,5.4396162033081055,16.38678741455078,4.022464275360107,22.83758544921875,4.132716178894043,22.924301147460938,3.197402238845825,20.55266571044922,2.8543126583099365,39.79890441894531,3.943031072616577,0.1000298410654068,0.028915787115693092,0.13255713880062103,0.03086329624056816,0.008784032426774502,0.00785913784056902
spoof_6,Midwest_Fretwork Fractures,54,135.0,1,Spoof (AI),-137.81129455566406,26.388153076171875,91.44337463378906,17.84085464477539,9.740898132324219,12.950596809387207,-0.2521378695964813,10.636595726013184,1.5216825008392334,7.23647403717041,-10.083897590637207,9.345474243164062,2.203185796737671,8.74271297454834,-5.484063148498535,9.856440544128418,-2.7968814373016357,8.063997268676758,-2.8916778564453125,7.198958396911621,-5.673300743103027,6.574440002441406,-2.383227825164795,6.7290849685668945,-11.78726577758789,8.214683532714844,-5.67896842956543,6.845956325531006,-5.070611476898193,6.590782165527344,-1.020294427871704,7.635811805725098,-1.8600503206253052,6.714347839355469,2.8033859729766846,7.2674946784973145,1.6889985799789429,9.39576530456543,-2.386136054992676,8.2127685546875,-0.10518938302993774,4.942579746246338,-0.05803682282567024,3.279348611831665,0.033461909741163254,1.9329952001571655,-0.010845224373042583,1.8513492345809937,0.005554450675845146,1.1269383430480957,0.00521985674276948,1.7766722440719604,-0.031175056472420692,1.4540921449661255,-0.007275643292814493,1.4452950954437256,0.006845071446150541,1.3632700443267822,-0.010049325414001942,1.0655359029769897,-0.04584597796201706,1.0534336566925049,-0.08633626252412796,1.219193935394287,-0.03825785964727402,1.339882254600525,-0.04035705700516701,1.312010407447815,-0.03286772966384888,1.3170791864395142,-0.055227357894182205,1.4144755601882935,-0.058779388666152954,1.243021845817566,-0.07750645279884338,1.249165415763855,-0.030430009588599205,1.4703279733657837,0.022480715066194534,1.4386136531829834,2359.003173828125,501.9476318359375,2865.660888671875,281.15289306640625,5678.08642578125,1529.1878662109375,9210.5283203125,474.65386962890625,0.011261031962931156,0.009674832224845886,12.197071075439453,5.8294806480407715,15.303154945373535,5.4991960525512695,17.477935791015625,4.431879997253418,23.176877975463867,4.088476181030273,23.229585647583008,3.14823579788208,21.35458755493164,2.96588134765625,37.48911666870117,3.044650077819824,0.0845608189702034,0.022673211991786957,0.10158618539571762,0.03412625938653946,0.007288187742233276,0.00877524446696043
spoof_6,Midwest_Fretwork Fractures,57,142.5,1,Spoof (AI),-76.73162078857422,40.01206588745117,87.0479965209961,19.666744232177734,5.9948554039001465,16.9947566986084,17.384422302246094,8.313789367675781,7.693654537200928,7.980088710784912,5.9599761962890625,8.557328224182129,12.107244491577148,9.478195190429688,5.419498920440674,7.823652744293213,-3.447661876678467,6.785460472106934,-3.5520641803741455,6.4129509925842285,-2.6719284057617188,6.132927417755127,-0.6166937351226807,5.809354305267334,-9.946357727050781,5.953143119812012,-2.442274332046509,5.879705429077148,-4.453273296356201,6.360135555267334,0.5715355277061462,7.094001293182373,-2.4941556453704834,5.325046062469482,-3.0479373931884766,4.6589837074279785,2.18198299407959,5.674824237823486,2.5099759101867676,6.7451348304748535,0.2154369354248047,5.981100559234619,0.01013972982764244,3.66798734664917,-0.13407586514949799,2.463301658630371,-0.029210016131401062,1.3993221521377563,-0.0815858319401741,1.429364562034607,-0.06440497189760208,1.450562834739685,-0.09842175990343094,1.6681320667266846,-0.1046348437666893,1.5501151084899902,-0.07443781197071075,1.0546241998672485,-0.019451411440968513,1.0334714651107788,-0.0010742164449766278,1.1928037405014038,0.002401525853201747,1.1401034593582153,0.01258803065866232,1.1387388706207275,-0.03857438638806343,1.1505013704299927,-0.10270344465970993,1.1173726320266724,-0.055783238261938095,1.3232064247131348,-0.043593376874923706,0.9732824563980103,-0.036974359303712845,0.837421178817749,0.004391961731016636,1.2192375659942627,-0.009653367102146149,1.3492540121078491,2430.60888671875,443.2397766113281,2788.0927734375,294.5240173339844,5665.7744140625,1114.7003173828125,8838.9814453125,879.9172973632812,0.019823364913463593,0.014616260305047035,15.707703590393066,5.864877700805664,11.51159381866455,4.8490824699401855,14.446216583251953,4.174134254455566,20.821828842163086,4.043763637542725,20.252185821533203,3.958906650543213,18.194913864135742,2.817234516143799,39.2680549621582,3.746037721633911,0.09394893050193787,0.023834681138396263,0.14641216397285461,0.04552255943417549,0.006787985563278198,0.006201671436429024
spoof_6,Midwest_Fretwork Fractures,59,147.5,1,Spoof (AI),-60.93312072753906,15.89682674407959,86.11257934570312,12.086103439331055,3.2999205589294434,7.479264736175537,21.17415428161621,5.8997883796691895,9.766717910766602,5.18112850189209,9.821684837341309,5.172082424163818,17.80152702331543,5.82256555557251,7.109638214111328,5.396359443664551,-0.9284321665763855,5.927014350891113,-1.1053377389907837,5.83949089050293,-2.334433078765869,4.869640827178955,-1.0020841360092163,4.9107537269592285,-11.898399353027344,5.096842288970947,0.14763134717941284,4.1064982414245605,-1.779845118522644,4.8704047203063965,2.078989267349243,5.885656356811523,-1.7389570474624634,5.2263946533203125,-4.887029647827148,5.5419769287109375,1.4521329402923584,5.602293014526367,4.87136173248291,5.531836986541748,0.07365602999925613,2.845980167388916,-0.035148341208696365,2.3141379356384277,0.003466665744781494,1.520532250404358,-0.005386359058320522,1.0508166551589966,-0.006460103671997786,0.9634863138198853,-0.02503303252160549,0.986664891242981,-0.005404958035796881,1.301503300666809,0.016303477808833122,1.0975828170776367,-0.04796307906508446,1.0295449495315552,-0.016426483169198036,1.1210721731185913,0.018241073936223984,0.9113421440124512,0.07095284014940262,0.8899431228637695,0.020390724763274193,0.9072344303131104,0.000560102635063231,0.7591423988342285,0.027893032878637314,0.9851865768432617,-0.04446366801857948,1.147308349609375,-0.013368017971515656,0.8501391410827637,0.0014998560072854161,1.0212169885635376,-0.009885200299322605,1.1975663900375366,0.04437248781323433,1.1399422883987427,2369.49072265625,277.0923767089844,2748.753662109375,132.7993927001953,5346.0166015625,697.252197265625,8853.38671875,313.1920166015625,0.01628715731203556,0.005910604726523161,19.298606872558594,4.896292209625244,11.336325645446777,4.406591892242432,14.29245376586914,4.003971099853516,21.24531364440918,4.108907699584961,21.319997787475586,3.2813189029693604,18.3356990814209,2.0604474544525146,40.45071029663086,3.1987459659576416,0.0899454727768898,0.01845637895166874,0.16014684736728668,0.03192529454827309,0.004949792753905058,0.002313723089173436
spoof_6,Midwest_Fretwork Fractures,62,155.0,1,Spoof (AI),-63.811309814453125,19.043733596801758,81.77259826660156,14.426376342773438,5.4159321784973145,8.00770378112793,23.235706329345703,7.33450174331665,12.412461280822754,7.666331768035889,12.217097282409668,7.054112434387207,17.635509490966797,6.720567226409912,7.464609622955322,6.432879447937012,-1.437880516052246,7.038751125335693,-4.630553245544434,7.092154502868652,-3.616635322570801,6.270677089691162,-0.17706015706062317,5.333848476409912,-9.608762741088867,6.123839378356934,1.1164705753326416,5.419500827789307,-2.279817819595337,6.339249610900879,3.869901418685913,6.459131240844727,0.16644974052906036,6.1219801902771,-1.9537867307662964,6.627540111541748,2.6401638984680176,7.462610721588135,3.4005274772644043,6.865776062011719,-0.04603695496916771,3.468891143798828,-0.07531469315290451,2.5470919609069824,-0.10452064126729965,1.4451746940612793,0.052500706166028976,1.194516897201538,0.07145785540342331,1.2441558837890625,-0.023968348279595375,1.1666927337646484,-0.048004355281591415,1.3532400131225586,-0.04929584637284279,1.2374000549316406,0.061698704957962036,1.1718966960906982,0.06983975321054459,1.1198700666427612,0.014814990572631359,1.1628280878067017,-0.06186577305197716,1.0276048183441162,-0.06044449284672737,1.1679093837738037,-0.011508988216519356,1.083730936050415,0.00812706258147955,1.1494667530059814,0.07221280038356781,1.1129555702209473,0.05114559829235077,1.1884924173355103,-0.016418293118476868,1.244590163230896,-0.09547176212072372,1.4565608501434326,-0.089787058532238,1.2873971462249756,2427.888427734375,331.3471374511719,2785.372314453125,133.67657470703125,5535.87744140625,757.7860717773438,8936.3291015625,301.6454772949219,0.01691618002951145,0.007727668620646,17.083444595336914,5.4307146072387695,10.91502857208252,4.175975799560547,14.023582458496094,4.1794867515563965,21.13934898376465,4.147202491760254,21.77494239807129,3.3645005226135254,19.089801788330078,2.466386556625366,40.24685287475586,3.3053433895111084,0.09597212821245193,0.023708831518888474,0.16047610342502594,0.03536355867981911,0.005853376816958189,0.0034757647663354874
spoof_6,Midwest_Fretwork Fractures,64,160.0,1,Spoof (AI),-65.99928283691406,15.998769760131836,91.93363189697266,10.298890113830566,7.016790390014648,7.141117572784424,21.41667938232422,5.7786359786987305,9.107524871826172,5.802339553833008,9.143811225891113,5.272382736206055,19.75372314453125,6.0103044509887695,8.648505210876465,5.561675071716309,1.0356475114822388,5.734389781951904,-1.4451578855514526,5.28122615814209,-1.993789792060852,4.912136554718018,-1.523380160331726,4.71539306640625,-9.174225807189941,5.418529510498047,1.8328781127929688,4.400553226470947,-1.689839243888855,4.858251571655273,4.793001651763916,5.960116386413574,-0.7213836312294006,6.10011625289917,-4.247845649719238,4.989181995391846,0.04772087559103966,6.350986957550049,4.438980579376221,5.732306480407715,0.0009153683786280453,2.953272819519043,0.036318760365247726,1.9474492073059082,-0.021689308807253838,1.4341000318527222,-0.037732046097517014,0.9709412455558777,-0.06607279926538467,0.9727866649627686,-0.05257423594594002,1.006073236465454,0.0028087685350328684,1.1046782732009888,0.016031421720981598,1.0523872375488281,0.004899867344647646,1.0518122911453247,-0.07013921439647675,0.8429089188575745,-0.016506889835000038,0.9363412261009216,-0.01152991782873869,0.9157754778862,-0.01065642200410366,0.9859861731529236,0.003828225424513221,0.8083224892616272,-0.03397131338715553,0.9723355770111084,-0.05117024853825569,1.0879369974136353,-0.003204905427992344,1.1209367513656616,-0.03299799561500549,0.9418722987174988,-0.010183703154325485,1.2771248817443848,0.02372998744249344,1.0713813304901123,2214.309814453125,231.82357788085938,2719.471435546875,109.65154266357422,5036.92529296875,534.8087768554688,8825.5224609375,268.9797668457031,0.012114645913243294,0.004656529054045677,19.774127960205078,5.350489139556885,11.59288501739502,5.131418704986572,14.328079223632812,4.068203926086426,21.256975173950195,4.049931049346924,21.413707733154297,3.086092710494995,18.725757598876953,2.266519784927368,40.318817138671875,3.433190107345581,0.0751139298081398,0.016302604228258133,0.16853879392147064,0.03200806677341461,0.0038727670907974243,0.0016355401603505015
spoof_6,Midwest_Fretwork Fractures,67,167.5,1,Spoof (AI),-81.82350158691406,37.235687255859375,86.48917388916016,19.512332916259766,7.443819522857666,13.635454177856445,18.891279220581055,10.786375999450684,4.683251857757568,8.287424087524414,4.98398494720459,7.977621078491211,12.468110084533691,9.621346473693848,4.909055233001709,8.203086853027344,-1.1881601810455322,7.549905776977539,-4.155578136444092,7.062173366546631,-5.863986492156982,5.654781818389893,-3.7106518745422363,6.32282829284668,-11.656526565551758,8.368711471557617,0.20468203723430634,6.028585910797119,-2.9312851428985596,5.844643592834473,5.12193489074707,6.957142353057861,-1.6490899324417114,5.860470294952393,-6.680690765380859,5.724190711975098,-0.71437007188797,6.830087184906006,2.365842580795288,6.2862114906311035,0.0824844166636467,6.905963897705078,-0.030959896743297577,4.433915138244629,0.10824745893478394,2.566807746887207,0.01095522753894329,1.922766089439392,-0.020236266776919365,1.332204818725586,-0.07988885045051575,1.5043610334396362,-0.04413905739784241,1.6179983615875244,0.020109498873353004,1.4909590482711792,0.037222106009721756,1.5144970417022705,-0.006496120244264603,1.3049819469451904,0.019014768302440643,1.0271247625350952,0.04541156813502312,1.0701810121536255,0.03787359595298767,1.1461389064788818,0.024379288777709007,0.9149219393730164,-0.06563976407051086,1.168646216392517,-0.07703489810228348,1.4365588426589966,-0.04430463910102844,1.092367172241211,0.04983295500278473,1.1614207029342651,0.09930969029664993,1.2547028064727783,0.05664221569895744,1.2252254486083984,2360.48193359375,489.9573974609375,2779.484130859375,305.015625,5526.40673828125,1151.85791015625,8811.765625,897.989013671875,0.01706472970545292,0.023307334631681442,13.892741203308105,6.232672691345215,14.234493255615234,5.65812873840332,14.969165802001953,3.9624292850494385,20.848976135253906,4.495983123779297,21.080522537231445,4.122485160827637,18.47093963623047,3.132441282272339,39.715065002441406,4.54035758972168,0.08129657059907913,0.03537587448954582,0.1636330634355545,0.04402228444814682,0.007305315230041742,0.0142802270129323
spoof_6,Midwest_Fretwork Fractures,69,172.5,1,Spoof (AI),-117.10293579101562,34.649539947509766,92.35411071777344,16.935184478759766,16.668413162231445,16.94426155090332,3.7160837650299072,9.983566284179688,-13.148992538452148,10.184229850769043,-17.306943893432617,12.616972923278809,-2.057016134262085,9.510261535644531,-4.300146102905273,8.469924926757812,-7.592502593994141,7.187412738800049,-8.950398445129395,7.094874858856201,-11.208069801330566,6.31113338470459,-7.160956382751465,6.4082112312316895,-10.664494514465332,7.679484844207764,-1.7947416305541992,6.415412902832031,-2.944788694381714,7.128973484039307,7.372679710388184,8.35271167755127,2.161058187484741,6.964819431304932,-1.4219856262207031,5.865635871887207,3.9297964572906494,7.51294469833374,3.195096731185913,6.323173522949219,-0.763959527015686,6.648166179656982,-0.04538263380527496,2.8860247135162354,0.11198533326387405,2.0159006118774414,-0.18113388121128082,2.0588927268981934,-0.13943709433078766,1.708357334136963,-0.1586134135723114,2.1632072925567627,-0.13285431265830994,1.89419424533844,-0.05452510714530945,1.9010175466537476,-0.03678298369050026,1.450758457183838,-0.008645869791507721,1.404801607131958,-0.023485912010073662,1.338672399520874,-0.061557572335004807,1.1207998991012573,-0.09057345241308212,1.357326865196228,-0.050967082381248474,1.0503751039505005,0.07641769200563431,1.2390625476837158,0.16905181109905243,1.3081402778625488,0.10018881410360336,1.3884862661361694,-0.010671488009393215,1.2717571258544922,-0.048902396112680435,1.2972217798233032,-0.017164021730422974,1.082613468170166,2263.778076171875,434.7191162109375,2771.679443359375,258.8262023925781,5371.1884765625,1262.9947509765625,8956.3671875,503.30963134765625,0.010292494669556618,0.010456455871462822,12.814155578613281,5.8693037033081055,12.12094497680664,4.860805034637451,17.207576751708984,4.587486743927002,23.626853942871094,3.574155807495117,23.906044006347656,3.6453676223754883,20.270307540893555,3.212367057800293,38.55432891845703,3.6420230865478516,0.08052119612693787,0.02155449613928795,0.1312025934457779,0.040258217602968216,0.004921837709844112,0.005567462649196386
spoof_6,Midwest_Fretwork Fractures,72,180.0,1,Spoof (AI),-134.5328369140625,67.9316635131836,106.65802001953125,32.79206848144531,28.734941482543945,10.561592102050781,20.11936378479004,16.540550231933594,1.7361130714416504,7.677424430847168,0.4836626350879669,10.360309600830078,4.665014743804932,8.98035717010498,8.40184211730957,9.209773063659668,0.5253116488456726,7.968950271606445,-5.109130382537842,7.567782878875732,-12.263822555541992,6.106839179992676,-3.7379703521728516,4.493696689605713,-12.81074333190918,7.058387756347656,-1.1639878749847412,5.6089911460876465,-3.871285915374756,7.335066795349121,3.747673511505127,7.3174824714660645,2.110687732696533,6.160806655883789,-6.0134453773498535,6.5576019287109375,-2.0689992904663086,7.822399616241455,-0.5685458779335022,7.197932720184326,-0.692501962184906,5.804403305053711,0.6024027466773987,2.864804744720459,0.006316026207059622,1.8429409265518188,0.23711459338665009,1.4568487405776978,0.11443883180618286,1.328142523765564,0.08754762262105942,1.624800205230713,0.0904637947678566,1.6093679666519165,0.13012918829917908,1.4756662845611572,0.058778006583452225,1.1829032897949219,-0.03400520607829094,1.104664921760559,0.009990806691348553,1.1066970825195312,0.002873115474358201,0.861892819404602,0.01574873737990856,1.199174404144287,-0.010693567804992199,1.0468875169754028,0.0024710672441869974,1.2044355869293213,-0.05906429514288902,1.2051020860671997,-0.06906253099441528,1.0699491500854492,-0.06371616572141647,0.827603280544281,0.0038594140205532312,1.0966500043869019,0.036209192126989365,1.1330852508544922,1971.59814453125,795.3692626953125,2589.41259765625,694.151611328125,4935.19091796875,2343.635498046875,7829.06396484375,2352.619873046875,0.00887054018676281,0.009326293133199215,15.318852424621582,5.3253254890441895,13.51617431640625,5.384232521057129,17.204158782958984,4.902613162994385,23.29644203186035,5.21774435043335,23.080698013305664,3.2883615493774414,19.26732635498047,2.638094663619995,40.003700256347656,4.384599208831787,0.0574408620595932,0.0292741060256958,0.1495223343372345,0.03948817029595375,0.005019363947212696,0.006277926731854677
bonafide_7,Cnoc An Tursa - Bannockburn,0,0.0,0,Bona-fide (Human),-324.0667724609375,258.8039855957031,42.440853118896484,39.613765716552734,1.837680697441101,14.448345184326172,21.530471801757812,17.326955795288086,10.090620994567871,8.144366264343262,6.731761932373047,6.2617950439453125,5.256687641143799,5.378742218017578,7.62727689743042,5.191215515136719,4.48945951461792,4.267650127410889,5.140307426452637,3.942913055419922,4.571152687072754,3.998288869857788,2.9262454509735107,3.463172435760498,3.3806490898132324,3.3154141902923584,3.310438394546509,3.3795173168182373,1.780954122543335,3.3430464267730713,2.0420732498168945,2.756593942642212,-1.1977829933166504,4.2445292472839355,2.0404388904571533,2.5500431060791016,1.0363554954528809,2.4062132835388184,0.8452591896057129,2.8035898208618164,2.4999215602874756,10.706568717956543,0.33316847681999207,2.6746954917907715,0.03985137119889259,2.8383898735046387,0.1596629023551941,1.012632131576538,0.06428660452365875,1.1522059440612793,0.05303451418876648,0.9915207624435425,0.018645811825990677,0.8215804100036621,0.04068855941295624,0.5752855539321899,-0.01609691046178341,0.5840140581130981,-0.009186424314975739,0.5784119367599487,0.023658107966184616,0.6017295122146606,0.007277144119143486,0.5634498596191406,0.011728491634130478,0.5203354358673096,0.02816692367196083,0.5852047204971313,0.01271064206957817,0.5728378891944885,0.012964912690222263,0.44280707836151123,-0.02803579531610012,0.43600839376449585,0.028090251609683037,0.4038785398006439,-0.012442423962056637,0.4173167943954468,-0.0028647768776863813,0.43909505009651184,1984.1451416015625,1245.348876953125,2180.2939453125,1226.492919921875,4533.8359375,2751.427490234375,6682.4208984375,3709.320068359375,0.2529959976673126,0.41012322902679443,13.975894927978516,5.83651876449585,8.6829195022583,2.9916388988494873,11.723316192626953,3.732330560684204,12.902031898498535,4.186685562133789,12.633382797241211,3.769864797592163,12.643229484558105,3.334601402282715,15.262450218200684,5.2975687980651855,0.0604722760617733,0.039462268352508545,0.07898258417844772,0.0908794179558754,0.0036799421068280935,0.004029750823974609
bonafide_7,Cnoc An Tursa - Bannockburn,3,7.5,0,Bona-fide (Human),-32.46434783935547,9.43066692352295,83.22364807128906,8.23532772064209,-5.7639288902282715,8.326215744018555,38.69253921508789,5.230225563049316,12.923382759094238,5.3132500648498535,6.63400936126709,5.006810665130615,3.920914888381958,5.765687942504883,9.944930076599121,4.042941570281982,0.08859748393297195,4.033466339111328,5.318746089935303,3.8556790351867676,4.522060871124268,3.88419246673584,3.1272175312042236,3.500227689743042,2.7406373023986816,3.4360146522521973,4.468851089477539,3.461077928543091,0.9945726990699768,3.7667782306671143,2.2324635982513428,3.243328809738159,-5.556591033935547,3.6416752338409424,1.7197766304016113,3.576417922973633,1.0173083543777466,3.9607579708099365,1.0204790830612183,3.7895076274871826,0.07722633332014084,1.6634128093719482,-0.1022583618760109,1.485877275466919,0.04192688316106796,1.3232667446136475,0.08177398145198822,0.773986279964447,0.017155079171061516,0.838947594165802,0.036162760108709335,0.7553997039794922,-0.04893677309155464,0.9863690137863159,-0.04328535124659538,0.8116560578346252,-0.03790237382054329,0.7342654466629028,0.03450577333569527,0.7236408591270447,0.06780637055635452,0.6615986824035645,0.04177234694361687,0.6526080369949341,0.04691459238529205,0.6158002614974976,-0.02319096028804779,0.6504744291305542,-0.041634947061538696,0.7425186038017273,-0.008853411301970482,0.553091824054718,-0.02872166968882084,0.6057160496711731,-0.03394408896565437,0.6005398035049438,-0.049058135598897934,0.6528394818305969,-0.013661320321261883,0.6421640515327454,2446.14892578125,204.64540100097656,2591.67578125,173.2755126953125,5238.94873046875,614.8644409179688,8209.2841796875,603.062255859375,0.03749026358127594,0.011637871153652668,18.5902042388916,5.732309818267822,9.039746284484863,2.7926619052886963,13.79702377319336,3.33943510055542,16.228750228881836,3.2042155265808105,14.818644523620605,2.253401279449463,15.126588821411133,1.7328933477401733,19.677207946777344,1.6447092294692993,0.10322627425193787,0.015429086051881313,0.16109752655029297,0.015598908998072147,0.00410689739510417,0.002044755732640624
bonafide_7,Cnoc An Tursa - Bannockburn,7,17.5,0,Bona-fide (Human),-33.503509521484375,9.061030387878418,84.07750701904297,7.640867710113525,-5.564437389373779,7.804878234863281,36.97251892089844,5.015897274017334,13.301941871643066,4.945716381072998,7.307353973388672,5.202723503112793,4.872348785400391,5.308140277862549,10.0037841796875,3.6389825344085693,1.6787443161010742,3.324219226837158,6.180853843688965,3.550837993621826,5.136137962341309,3.5404858589172363,3.14499568939209,3.4024229049682617,2.797788381576538,3.2992031574249268,3.2518503665924072,3.5206737518310547,-0.17383882403373718,3.6185550689697266,1.1604915857315063,3.406696081161499,-6.151886940002441,3.47299861907959,1.5232653617858887,3.6312363147735596,1.2092936038970947,3.5443432331085205,1.1702802181243896,3.7176504135131836,-0.00761648453772068,1.4001144170761108,-0.06187048926949501,1.3161369562149048,-0.030640434473752975,1.2841156721115112,-0.01531259622424841,0.7826547622680664,-0.007276106625795364,0.7669026255607605,-0.05179499834775925,0.8221283555030823,0.04087894409894943,0.916523814201355,-0.017721883952617645,0.6135008931159973,0.020566483959555626,0.5117849707603455,-0.01331066433340311,0.5936096906661987,0.007966851815581322,0.6062812805175781,0.009557867422699928,0.6108413934707642,0.03396926820278168,0.6263926029205322,-0.01847386173903942,0.7000303268432617,0.002175083849579096,0.6650298237800598,0.006315005011856556,0.6039295196533203,0.03669670224189758,0.6463376879692078,0.019958611577749252,0.7141141295433044,0.028001368045806885,0.6613801717758179,0.0014947719173505902,0.5914382934570312,2421.866455078125,190.0917510986328,2602.732666015625,160.92724609375,5219.75830078125,565.4218139648438,8262.3203125,582.272705078125,0.037337496876716614,0.0115843266248703,18.114473342895508,5.511814117431641,9.19955825805664,3.091273069381714,13.294428825378418,2.9616739749908447,14.873924255371094,2.9203603267669678,14.533337593078613,2.312777519226074,14.59400749206543,1.771056890487671,19.363435745239258,1.3945869207382202,0.10262948274612427,0.014056280255317688,0.16109399497509003,0.015620398335158825,0.0040422226302325726,0.0018724657129496336
bonafide_7,Cnoc An Tursa - Bannockburn,11,27.5,0,Bona-fide (Human),-19.826013565063477,17.348997116088867,101.26412963867188,10.382524490356445,-25.325986862182617,11.443764686584473,47.47108459472656,5.774553298950195,6.0150299072265625,5.716769695281982,13.422258377075195,3.7447710037231445,2.893637180328369,4.3498029708862305,14.30748462677002,4.963729381561279,1.8324967622756958,4.015579700469971,13.613175392150879,4.731591701507568,5.41161584854126,3.7448809146881104,8.751338958740234,4.826642990112305,3.265385866165161,4.056248188018799,2.234123468399048,4.007853984832764,-0.9380881190299988,3.7905638217926025,1.5317366123199463,3.382053852081299,-5.753804683685303,4.451558589935303,0.8935016989707947,4.043339252471924,2.9516611099243164,4.974099636077881,4.559091091156006,4.525990962982178,0.36395129561424255,4.177358150482178,-0.2039351612329483,2.1742687225341797,0.010729586705565453,2.599109649658203,-0.07961573451757431,1.1583890914916992,-0.0371767058968544,1.2007907629013062,0.03884559124708176,0.680249035358429,-0.036533210426568985,0.6701028943061829,-0.03808528557419777,0.7934784889221191,-0.04983744025230408,0.756912350654602,0.04927157610654831,0.9691208600997925,0.052415747195482254,0.7056728005409241,0.0632014349102974,1.011565923690796,0.011197335086762905,0.7556980848312378,-0.010987826623022556,0.7319424748420715,0.030260005965828896,0.695723295211792,0.0370345376431942,0.5638920664787292,0.0013688472099602222,0.8185288310050964,0.02950056828558445,0.7356225848197937,0.005891543813049793,0.9993178248405457,0.018493153154850006,0.8256527781486511,1972.5504150390625,186.65313720703125,2132.682861328125,195.7094268798828,4046.896484375,500.52239990234375,6515.63818359375,683.795654296875,0.013563624583184719,0.006796917412430048,17.48106575012207,4.788616180419922,9.61400318145752,3.5636825561523438,13.265824317932129,3.1351358890533447,18.27399444580078,3.481820583343506,15.9261474609375,2.2500360012054443,17.09941291809082,2.075991630554199,24.804019927978516,2.4648354053497314,0.08283600956201553,0.014048765413463116,0.2472912073135376,0.030466442927718163,0.0007141207461245358,0.0006395400268957019
bonafide_7,Cnoc An Tursa - Bannockburn,15,37.5,0,Bona-fide (Human),-14.37246322631836,15.440317153930664,94.95166015625,17.313146591186523,-17.42995262145996,16.476287841796875,38.271575927734375,11.735041618347168,6.047684192657471,7.308951377868652,11.002543449401855,5.764817237854004,4.967418670654297,7.6063923835754395,14.546165466308594,5.672085285186768,-0.12337303161621094,6.158758640289307,8.128785133361816,4.588841915130615,2.4285871982574463,5.04434871673584,6.407968997955322,5.543275833129883,1.7760676145553589,5.306839942932129,2.9984147548675537,5.106304168701172,-0.42454952001571655,5.037161350250244,1.2098314762115479,4.791501522064209,-3.821382522583008,4.70395040512085,2.965851306915283,4.129061698913574,1.6287637948989868,4.966363906860352,-0.6904895901679993,4.679198741912842,0.1714446097612381,2.3680930137634277,-0.17816197872161865,2.392470598220825,0.0714321881532669,2.9232749938964844,-0.16322530806064606,1.587061882019043,0.06802736967802048,1.3168141841888428,0.03398659825325012,1.0627614259719849,0.10221493989229202,1.2487409114837646,-0.04663193225860596,0.8204833269119263,-0.008521159179508686,1.016317367553711,0.013846909627318382,0.8222195506095886,-0.006055516190826893,0.7489476203918457,0.004663979634642601,0.9695457220077515,0.014315800741314888,1.008946418762207,0.023271866142749786,0.8898463249206543,0.06698750704526901,0.730431079864502,0.009305298328399658,0.7158716917037964,-0.043710850179195404,0.770416796207428,0.01765233464539051,0.7161466479301453,0.030395247042179108,0.8701845407485962,0.05789738520979881,0.8353247046470642,2225.86083984375,428.10076904296875,2359.987060546875,383.3792419433594,4745.6787109375,1152.2022705078125,7263.41845703125,1228.4906005859375,0.0280062947422266,0.02298099733889103,17.112733840942383,4.765735149383545,9.86436939239502,3.532658815383911,12.909420013427734,2.9653658866882324,15.79616928100586,3.437356472015381,15.590381622314453,2.430356979370117,15.532279014587402,1.902069091796875,21.762754440307617,3.644026041030884,0.09418854862451553,0.02188587374985218,0.22628247737884521,0.03126915916800499,0.0034708024468272924,0.006711120251566172
bonafide_7,Cnoc An Tursa - Bannockburn,19,47.5,0,Bona-fide (Human),-7.740926265716553,13.125558853149414,88.75019836425781,11.857636451721191,-12.805407524108887,12.588615417480469,27.45503807067871,8.448142051696777,8.755023002624512,7.438056945800781,12.713114738464355,7.9437336921691895,9.814066886901855,9.521291732788086,12.128217697143555,6.027400970458984,0.7473774552345276,7.596214294433594,7.007882118225098,5.4414262771606445,5.78653621673584,6.606143951416016,7.094777584075928,5.252932548522949,1.7192184925079346,5.236982345581055,2.601500988006592,4.69285249710083,0.455422967672348,5.334125518798828,3.1532719135284424,5.689908027648926,-3.8144898414611816,5.8581109046936035,1.6779364347457886,4.931731700897217,0.698688805103302,4.774838924407959,1.1899986267089844,4.63740873336792,0.10045433044433594,2.6350507736206055,0.08129614591598511,2.5888640880584717,-0.09412502497434616,2.564487934112549,-0.0048475200310349464,1.4851411581039429,-0.0847591981291771,1.2703509330749512,0.038828689604997635,1.1989717483520508,-0.050615955144166946,1.4728822708129883,-0.006491186562925577,0.9964022636413574,-0.005113109480589628,1.3155561685562134,0.0026149197947233915,0.9812723994255066,0.07221845537424088,1.2454991340637207,0.014590016566216946,0.9740933775901794,-0.025420011952519417,0.9118793606758118,0.003279965603724122,0.7902464866638184,0.009227805770933628,0.9846628904342651,0.009630219079554081,0.9620022177696228,0.014834494329988956,1.1230459213256836,-0.002207888523116708,1.008638858795166,-0.04565456882119179,0.7879141569137573,-0.05419370159506798,0.9223331809043884,2337.7666015625,329.12237548828125,2516.295166015625,249.66148376464844,4999.1923828125,861.1416015625,7961.453125,792.2770385742188,0.036055371165275574,0.02104264870285988,17.242088317871094,4.968390464782715,9.123385429382324,2.8885085582733154,13.080881118774414,3.5580174922943115,15.323285102844238,3.3051795959472656,14.48441219329834,2.1361680030822754,15.084817886352539,1.8047422170639038,19.462644577026367,1.8121628761291504,0.09836380928754807,0.020497946068644524,0.2143978327512741,0.022915786132216454,0.003908710554242134,0.0036725474055856466
bonafide_7,Cnoc An Tursa - Bannockburn,23,57.5,0,Bona-fide (Human),-2.686452865600586,8.931280136108398,91.12702178955078,7.717580795288086,-14.165888786315918,10.863622665405273,24.93354034423828,5.989110946655273,6.129999160766602,5.271923542022705,11.3275146484375,6.584506034851074,7.417592525482178,8.082771301269531,6.802199840545654,4.45763635635376,-0.6397522687911987,5.417331695556641,5.9873223304748535,4.037206172943115,2.399322032928467,5.138095378875732,3.353255033493042,4.678465366363525,2.5715878009796143,4.61746883392334,5.5960235595703125,4.451400279998779,4.119760036468506,5.159574031829834,1.5898466110229492,4.159630298614502,-6.261967182159424,4.835810661315918,2.183722972869873,3.6566145420074463,2.377030611038208,4.924961566925049,2.4201745986938477,4.51341438293457,0.027951069176197052,1.3846235275268555,-0.004312554839998484,1.3656489849090576,-0.03268370032310486,1.7555466890335083,0.027034053578972816,1.0424176454544067,-0.030806589871644974,0.8561948537826538,0.011892980895936489,0.9262580871582031,-0.02246839925646782,1.3174703121185303,-0.04061804339289665,0.7131016254425049,0.0036022309213876724,0.9323956370353699,0.008366781286895275,0.6815007328987122,-0.015988869592547417,0.9367712140083313,-0.004879344254732132,0.7697136998176575,-0.02903873473405838,0.7627190351486206,-0.014273091219365597,0.7256128191947937,0.0009952783584594727,0.9208143353462219,0.01773162931203842,0.6995195150375366,-0.015291144140064716,0.8493468761444092,-0.0126848379150033,0.561202347278595,-0.03671686351299286,0.83539217710495,0.02213951013982296,0.6079628467559814,2371.58837890625,219.67457580566406,2497.7392578125,173.5262908935547,4954.23193359375,667.2548217773438,7996.943359375,486.4967346191406,0.043121013790369034,0.013103275559842587,18.385908126831055,5.551957130432129,8.626906394958496,2.7965445518493652,12.552276611328125,3.0901827812194824,15.28338623046875,3.2739098072052,14.508435249328613,2.1840851306915283,15.304076194763184,1.8578745126724243,19.384668350219727,1.36383855342865,0.11263472586870193,0.015464642085134983,0.19089405238628387,0.0177423357963562,0.004165119491517544,0.00449726264923811
bonafide_7,Cnoc An Tursa - Bannockburn,27,67.5,0,Bona-fide (Human),-2.0302066802978516,9.10714054107666,95.20697784423828,8.763639450073242,-10.860292434692383,10.181029319763184,23.351957321166992,5.7979207038879395,-2.346954107284546,7.7070488929748535,5.615890979766846,7.1374711990356445,12.490131378173828,7.697071075439453,13.822434425354004,6.482453346252441,-1.7780342102050781,5.313180923461914,3.5168793201446533,4.782858848571777,-0.21637393534183502,5.26929235458374,7.133157253265381,4.665212154388428,0.7742555141448975,4.446380615234375,4.302845478057861,4.594940662384033,0.8591926097869873,4.158810615539551,3.3707809448242188,4.18910026550293,-3.2855191230773926,4.232611656188965,1.351940631866455,4.588502407073975,-1.2276679277420044,4.831561088562012,-0.07067250460386276,3.938883066177368,-0.030010219663381577,1.5707204341888428,0.04636003077030182,1.6550153493881226,0.014217209070920944,1.6116774082183838,-0.012647134251892567,1.088094711303711,0.04630786553025246,1.4429433345794678,0.02875286154448986,1.0320417881011963,0.0328228734433651,1.317713737487793,-0.03447140008211136,1.2113150358200073,-0.03650711104273796,0.8929263949394226,0.04092860966920853,0.8731184601783752,-0.004507365170866251,0.9272279143333435,-0.00697401724755764,0.7173969149589539,-0.04796284809708595,0.7339668273925781,-0.02137952856719494,0.7767492532730103,0.01656675711274147,0.7504488229751587,0.027675354853272438,0.6372518539428711,0.0022732969373464584,0.7059803009033203,-0.02977522648870945,0.7593623399734497,-0.01841966062784195,0.820202112197876,-0.029063940048217773,0.7296376824378967,2316.183349609375,244.95867919921875,2474.25634765625,202.5550994873047,4864.3603515625,698.98291015625,7918.73583984375,604.1781005859375,0.038340065628290176,0.015922194346785545,17.963665008544922,5.628885746002197,9.542657852172852,3.0082249641418457,13.059014320373535,3.277592897415161,15.069113731384277,3.152601480484009,15.172469139099121,2.212797164916992,14.89738655090332,1.7790679931640625,20.42672348022461,1.7994766235351562,0.1053941547870636,0.01629413664340973,0.1984061896800995,0.01932777278125286,0.004424504470080137,0.004341449588537216
bonafide_7,Cnoc An Tursa - Bannockburn,31,77.5,0,Bona-fide (Human),-20.262792587280273,13.70609188079834,100.89380645751953,9.483810424804688,-26.213733673095703,11.712940216064453,46.47898483276367,5.4278740882873535,5.059309005737305,5.206428050994873,12.220940589904785,3.921177625656128,3.1913797855377197,4.672939300537109,14.036190032958984,4.659917831420898,0.9487830400466919,3.641005277633667,12.230766296386719,3.7180073261260986,4.748531818389893,3.700817584991455,8.569283485412598,4.293315410614014,2.5776734352111816,3.8244290351867676,1.9628934860229492,3.7685461044311523,-0.8476393222808838,4.039012908935547,0.9935455322265625,3.7578632831573486,-6.418320178985596,4.252048969268799,0.7408801317214966,4.297122478485107,3.840088367462158,4.274052143096924,4.311146259307861,3.751556396484375,-0.03948993235826492,3.2162797451019287,-0.03567356616258621,2.015582799911499,0.00352553091943264,2.4563255310058594,0.008517795242369175,1.0074681043624878,0.03680136054754257,0.9886869788169861,0.017682068049907684,0.622259259223938,-0.04929575324058533,0.8411582708358765,-0.02070268616080284,0.7694336771965027,-0.025196360424160957,0.6262417435646057,-0.0028176461346447468,0.6945838332176208,0.006434491369873285,0.7115069031715393,0.02219701185822487,0.881525456905365,0.023806629702448845,0.7225070595741272,0.04141715541481972,0.6840600967407227,-0.0032058313954621553,0.7836577296257019,0.0037955089937895536,0.6625301241874695,-0.0007981680100783706,0.8067517876625061,0.0011881324462592602,0.6469557881355286,-0.0010111088631674647,0.7367064952850342,-0.03948432579636574,0.6675851941108704,2020.15966796875,180.9623260498047,2132.175537109375,198.69943237304688,4081.389404296875,518.3468627929688,6553.171875,703.9246215820312,0.01599690318107605,0.008291690610349178,16.16792106628418,4.4695658683776855,9.645482063293457,3.2993133068084717,13.759909629821777,3.217710018157959,17.805774688720703,4.17522668838501,16.086780548095703,2.5353009700775146,17.2547664642334,2.0579352378845215,24.7791805267334,2.4155845642089844,0.09349681437015533,0.015088291838765144,0.22642669081687927,0.025316132232546806,0.0008555413805879653,0.0008121120044961572
bonafide_7,Cnoc An Tursa - Bannockburn,35,87.5,0,Bona-fide (Human),-13.585193634033203,12.85311508178711,97.42118072509766,16.37909698486328,-18.12476348876953,13.893765449523926,37.03810501098633,10.258294105529785,4.946141719818115,7.777294158935547,11.630314826965332,6.307109832763672,5.161927223205566,9.67343521118164,13.582499504089355,6.2612738609313965,0.49769169092178345,7.617939472198486,7.56474494934082,5.270942211151123,2.4249751567840576,5.303436756134033,6.076211452484131,6.029037952423096,1.6692558526992798,5.363699436187744,3.7399611473083496,4.599299430847168,-0.41069504618644714,4.820357799530029,1.9069664478302002,4.413208961486816,-4.621718883514404,4.860223770141602,1.6880241632461548,4.182225704193115,1.8316421508789062,4.842883586883545,0.8753121495246887,4.328278541564941,0.17174024879932404,2.372943878173828,-0.13381904363632202,2.1959047317504883,0.11766833066940308,2.4422435760498047,-0.1833488643169403,1.5185552835464478,-0.058947473764419556,1.3856394290924072,-0.059345394372940063,1.1118026971817017,0.12000514566898346,1.5860158205032349,0.08021339774131775,1.0222983360290527,0.03796027600765228,1.362862467765808,-0.06410667300224304,0.9463532567024231,0.004704115446656942,0.8480287194252014,-0.045992620289325714,0.9309632778167725,-0.022056948393583298,1.0015219449996948,0.006353339646011591,0.8885018825531006,-0.015942512080073357,0.8238558769226074,0.01251208782196045,0.7916713953018188,0.02905174531042576,0.8622385859489441,0.042132336646318436,0.7318819761276245,-0.014960529282689095,0.8300966024398804,-0.028753580525517464,0.7801503539085388,2158.8505859375,348.3775329589844,2320.558349609375,310.0078430175781,4569.12646484375,903.6515502929688,7194.98095703125,1072.1998291015625,0.025333857163786888,0.01698462851345539,16.888444900512695,4.920804023742676,9.570813179016113,3.027323007583618,12.977046966552734,3.131917953491211,15.689645767211914,3.203608989715576,15.258882522583008,2.4280402660369873,15.560044288635254,1.6945300102233887,21.86751365661621,3.044511079788208,0.09123851358890533,0.019252469763159752,0.22561754286289215,0.03504886105656624,0.002457737922668457,0.003797812620177865
bonafide_7,Cnoc An Tursa - Bannockburn,39,97.5,0,Bona-fide (Human),-18.805498123168945,20.846750259399414,87.53631591796875,16.289079666137695,-14.023205757141113,13.88240909576416,31.722414016723633,9.272847175598145,9.104218482971191,9.613750457763672,10.770374298095703,6.018237590789795,5.135202884674072,10.371902465820312,13.046219825744629,6.649268627166748,2.7748830318450928,6.648075103759766,7.898042678833008,5.894219398498535,2.7311108112335205,6.126197338104248,4.9818902015686035,5.433873653411865,2.5473508834838867,5.351496696472168,2.8482446670532227,4.855128288269043,-0.08675268292427063,5.190915584564209,2.4722228050231934,4.881054401397705,-3.0455520153045654,5.167951583862305,2.0051662921905518,4.90644645690918,1.7121367454528809,5.086734771728516,1.9275907278060913,4.668765068054199,-0.26990699768066406,2.6846797466278076,-0.115021713078022,2.7825088500976562,0.040927838534116745,2.622297763824463,0.05937068536877632,1.5033828020095825,-0.07044161856174469,1.5166394710540771,-0.05402481183409691,1.0778535604476929,-0.028124738484621048,1.8314956426620483,0.01561054028570652,1.15593421459198,-0.05067378655076027,1.3759700059890747,-0.0021860776469111443,1.0961425304412842,0.00531931733712554,1.1499204635620117,0.05852288752794266,0.8075001835823059,-0.012297493405640125,1.0787925720214844,-0.057144831866025925,0.8261467218399048,-0.07723585516214371,0.8606281280517578,0.017157958820462227,0.8815709948539734,0.028917448595166206,1.0256975889205933,-0.032673776149749756,0.9650821089744568,-0.011109769344329834,0.9618687629699707,0.011362813413143158,0.9116449356079102,2373.242919921875,401.8409118652344,2485.54248046875,301.92645263671875,5047.4423828125,985.812744140625,7803.74267578125,1010.180908203125,0.03699905797839165,0.02109774574637413,16.674259185791016,5.1179938316345215,9.707246780395508,3.505565643310547,12.603828430175781,3.2857227325439453,15.250700950622559,3.4001803398132324,15.194461822509766,2.4994359016418457,15.560370445251465,1.8719124794006348,20.22112274169922,2.6764514446258545,0.1054212749004364,0.030995622277259827,0.1985756754875183,0.048547253012657166,0.004521004389971495,0.004374206531792879
bonafide_7,Cnoc An Tursa - Bannockburn,43,107.5,0,Bona-fide (Human),-90.1202163696289,4.89204740524292,98.97794342041016,4.178893089294434,-38.453243255615234,3.5768346786499023,44.21846008300781,3.917881965637207,-10.975325584411621,3.1246275901794434,3.677187204360962,3.2108936309814453,-12.66630744934082,3.8575620651245117,6.332719802856445,3.499209403991699,-4.199687480926514,3.2965285778045654,6.900782108306885,3.3607702255249023,-5.800801753997803,3.1321938037872314,3.6939523220062256,3.302999973297119,-2.1520915031433105,3.097891092300415,0.5548807978630066,3.078190326690674,-5.9323649406433105,3.1903419494628906,-0.030451465398073196,3.289203405380249,-7.154447078704834,3.2056994438171387,0.3298608362674713,2.9177937507629395,1.4668211936950684,2.9890754222869873,0.5480027794837952,2.8870651721954346,0.03158340975642204,0.7459926605224609,-0.013078981079161167,0.7336476445198059,-0.03361235558986664,0.5743938088417053,-0.019255340099334717,0.7022581696510315,-0.026879461482167244,0.5780951380729675,-0.006108935922384262,0.5075462460517883,-0.038709063082933426,0.6052121520042419,-0.0054616243578493595,0.5811212658882141,0.004024449270218611,0.6138748526573181,-0.006244178395718336,0.665809690952301,-0.0258354302495718,0.6064407229423523,-0.015419297851622105,0.6025041937828064,0.02312302589416504,0.5732972621917725,0.03211790695786476,0.5785918831825256,-0.012847291305661201,0.5929690003395081,0.002358380239456892,0.5727457404136658,-0.010916324332356453,0.5810011029243469,0.025381052866578102,0.5172043442726135,0.03165386617183685,0.5421140193939209,-0.00017150187341030687,0.48886847496032715,2325.088134765625,77.66149139404297,2043.099609375,45.24456787109375,4338.39208984375,128.09466552734375,6499.08935546875,174.32518005371094,0.03517508879303932,0.0060804751701653,17.640844345092773,4.636300563812256,7.7959818840026855,2.6403629779815674,12.276895523071289,3.1533172130584717,14.752618789672852,2.7139010429382324,14.34013843536377,2.280996322631836,15.326501846313477,1.6417250633239746,25.978988647460938,1.0541138648986816,0.14211922883987427,0.013724502176046371,0.06995365023612976,0.003950256854295731,0.0009940675226971507,0.00025702558923512697
bonafide_7,Cnoc An Tursa - Bannockburn,47,117.5,0,Bona-fide (Human),-18.14105224609375,7.494492530822754,88.97479248046875,9.697132110595703,-33.30702590942383,9.292280197143555,15.352869033813477,7.280483722686768,-5.641185283660889,6.345163822174072,5.222418785095215,5.581101894378662,13.609949111938477,6.166975975036621,6.284107685089111,5.17950439453125,-8.37476634979248,4.253934383392334,0.5534442663192749,4.8070454597473145,-1.880557894706726,4.802181243896484,4.723637104034424,4.45999002456665,-3.3424878120422363,4.551300525665283,0.37407875061035156,4.035213470458984,-1.2902755737304688,5.087003231048584,1.9011054039001465,4.264313697814941,-4.583011627197266,3.916020631790161,0.2674797773361206,4.322233200073242,-2.9585886001586914,3.7200675010681152,-0.5330491065979004,3.922424793243408,-0.037241268903017044,1.5098878145217896,0.1605253964662552,1.859973669052124,-0.004418101627379656,1.641919493675232,-0.020894713699817657,1.2160060405731201,-0.06653770804405212,1.1021785736083984,-0.01886429823935032,0.8816239833831787,0.0059443446807563305,0.9006890058517456,0.03989743813872337,0.893397867679596,0.01877652294933796,0.7268266677856445,-0.05420328676700592,0.7920703291893005,0.03557191789150238,0.782168984413147,0.021208368241786957,0.7545864582061768,0.08842476457357407,0.6797523498535156,-0.01919800229370594,0.7634668946266174,-0.0317825973033905,0.8231965899467468,-0.009212769567966461,0.7926304936408997,0.04369398579001427,0.6074092388153076,0.005225830711424351,0.600006639957428,0.016505282372236252,0.658778965473175,-0.007188576273620129,0.5481511950492859,2466.555908203125,235.41551208496094,2309.376220703125,189.07505798339844,4646.5361328125,685.5836181640625,7659.5400390625,617.8754272460938,0.05245125666260719,0.019257644191384315,17.160123825073242,5.355738639831543,8.565482139587402,3.3215630054473877,13.054425239562988,3.3724591732025146,14.730809211730957,3.406235933303833,14.216147422790527,2.2573413848876953,14.404685020446777,1.545378565788269,22.086673736572266,1.759230375289917,0.1484849750995636,0.0245280209928751,0.13519564270973206,0.019029807299375534,0.006346437614411116,0.008303026668727398
bonafide_7,Cnoc An Tursa - Bannockburn,51,127.5,0,Bona-fide (Human),-2.280607223510742,10.097899436950684,87.52783966064453,7.870932102203369,-11.190482139587402,9.733743667602539,19.621936798095703,6.887609481811523,1.8672492504119873,8.278029441833496,8.698166847229004,5.526270389556885,13.254731178283691,8.751623153686523,11.134381294250488,5.72314977645874,-2.3474557399749756,5.266313552856445,2.2787487506866455,4.762028217315674,4.0880560874938965,4.828052997589111,6.218817710876465,4.141812801361084,1.0906007289886475,5.042041301727295,0.39600157737731934,4.857633113861084,0.6898581981658936,5.031291484832764,3.7995736598968506,4.252776145935059,-2.678961753845215,3.8844735622406006,-0.11085180193185806,3.723371982574463,-2.129640579223633,4.870419502258301,-1.2433115243911743,4.226166725158691,0.17835962772369385,1.8353077173233032,-0.07047436386346817,1.530772089958191,0.12189331650733948,1.5296648740768433,0.018042756244540215,1.2867035865783691,0.11733634024858475,1.4168413877487183,0.014350253157317638,0.8875473737716675,-0.07774688303470612,1.562456488609314,-0.03268476948142052,1.1567840576171875,-0.017158808186650276,0.9237529039382935,0.04310476779937744,0.8197510242462158,0.061917588114738464,0.9149051308631897,0.02909022569656372,0.6872408986091614,-0.010004824958741665,0.8561582565307617,-0.03583631291985512,0.8682640790939331,-0.011060388758778572,0.906949520111084,-0.05469323694705963,0.771806538105011,-0.061551548540592194,0.6165357828140259,-0.04498549923300743,0.6482611894607544,-0.01385638490319252,0.7364395260810852,-0.0008953478536568582,0.7699083089828491,2492.26318359375,239.33155822753906,2596.904296875,177.87030029296875,5285.70361328125,674.4544677734375,8376.71484375,467.37091064453125,0.05194136127829552,0.018733587116003036,16.340049743652344,5.424393653869629,9.11500358581543,2.6379480361938477,13.112765312194824,3.027111768722534,15.409872055053711,2.9753780364990234,15.092997550964355,2.2019412517547607,15.016450881958008,1.673875093460083,18.856761932373047,1.3515211343765259,0.11773907393217087,0.01890539936721325,0.18222104012966156,0.016300179064273834,0.005959409289062023,0.005526677239686251
bonafide_7,Cnoc An Tursa - Bannockburn,55,137.5,0,Bona-fide (Human),0.16673433780670166,10.036745071411133,90.76526641845703,9.519242286682129,-14.012395858764648,10.53624153137207,19.83658790588379,6.490474224090576,-0.24457550048828125,7.80135440826416,8.73143196105957,4.993727207183838,10.473915100097656,7.456923961639404,11.322400093078613,6.232029438018799,-1.9062238931655884,5.099056720733643,4.12027645111084,4.733294486999512,5.411498069763184,5.277395725250244,6.072831153869629,4.301316738128662,-1.1308103799819946,5.0786051750183105,0.42519399523735046,5.214907646179199,1.16163170337677,5.323367118835449,2.9656295776367188,4.722011566162109,-3.4495465755462646,4.8845415115356445,1.4944742918014526,4.011590003967285,-0.7228701114654541,4.492280960083008,1.585240364074707,4.288757801055908,-0.017181821167469025,1.4713934659957886,-0.0183897465467453,1.8449814319610596,-0.07704824209213257,1.9743229150772095,-0.1279403418302536,1.1947940587997437,-0.12297692149877548,1.232014775276184,0.032681889832019806,0.9165221452713013,0.12145604938268661,1.2292609214782715,0.002837688894942403,1.0515804290771484,0.03238723799586296,0.9699219465255737,0.03760113567113876,0.7883042097091675,0.09033875912427902,1.050341248512268,0.022160720080137253,0.7713099122047424,-0.024705255404114723,0.873409628868103,0.03635137528181076,0.6978403329849243,0.030045166611671448,0.9456151723861694,-0.042862970381975174,0.7998854517936707,0.00555849727243185,0.8331572413444519,0.02369949035346508,0.7500261664390564,-0.015593213029205799,0.7819640636444092,-0.03035549819469452,0.7490067481994629,2436.0927734375,289.6476135253906,2519.900390625,202.1599578857422,5096.0419921875,743.23095703125,8085.66796875,533.4093017578125,0.05064953863620758,0.019916187971830368,16.195178985595703,4.653937339782715,8.591885566711426,3.101607084274292,12.52253532409668,3.4742259979248047,14.65320110321045,2.768372058868408,14.654474258422852,2.2011373043060303,14.771738052368164,1.6342360973358154,19.16861343383789,1.3531190156936646,0.11935990303754807,0.018581777811050415,0.18457113206386566,0.016750402748584747,0.005450913682579994,0.006585265509784222
bonafide_7,Cnoc An Tursa - Bannockburn,59,147.5,0,Bona-fide (Human),-14.643548965454102,18.53399085998535,96.02001953125,15.78673267364502,-19.009172439575195,11.892190933227539,33.586082458496094,13.365900039672852,5.012772083282471,5.844267845153809,12.901079177856445,5.716533184051514,1.6498175859451294,9.196610450744629,8.982017517089844,5.606827735900879,0.2601887285709381,5.231426239013672,6.488392353057861,4.739956855773926,0.17775380611419678,5.580482482910156,4.302602291107178,4.506416320800781,2.4676077365875244,5.192046165466309,4.480315685272217,4.140586853027344,-0.6391803622245789,5.206583499908447,-0.08537764102220535,4.185266017913818,-6.256628036499023,4.196151256561279,1.3032567501068115,4.201873302459717,-0.08165260404348373,4.537295818328857,0.27562057971954346,3.445693016052246,-0.07398982346057892,1.594860553741455,-0.05363979935646057,1.8505994081497192,0.12966901063919067,1.8366483449935913,0.13900157809257507,1.0352272987365723,0.056461334228515625,0.8593658804893494,0.027343738824129105,0.8291717767715454,-0.050507817417383194,0.9927269220352173,0.01501106470823288,0.7106809616088867,-0.02504805661737919,0.7711450457572937,-0.08497168123722076,0.776931643486023,-0.07247021794319153,0.8467921614646912,0.0043434700928628445,0.6338213682174683,-0.01073338370770216,0.8678686618804932,-0.003083699382841587,0.7614738345146179,0.0549137257039547,0.8354295492172241,0.0029168459586799145,0.6765697598457336,0.0005914789508096874,0.8550246953964233,-0.008492306806147099,0.7366718053817749,-0.027844980359077454,0.6494124531745911,-0.016192998737096786,0.5666146874427795,2253.731201171875,403.9670715332031,2342.939208984375,294.4306640625,4684.369140625,957.010986328125,7348.20556640625,1002.400146484375,0.03736868500709534,0.02733815833926201,17.242307662963867,5.578376770019531,9.169215202331543,3.2374086380004883,12.49386978149414,3.158982276916504,15.0743408203125,2.727618932723999,14.79926586151123,2.412919759750366,15.482568740844727,1.890629529953003,21.32839012145996,2.840740919113159,0.10878725349903107,0.0328209362924099,0.19357164204120636,0.0285643357783556,0.0040726023726165295,0.008963405154645443
bonafide_7,Cnoc An Tursa - Bannockburn,63,157.5,0,Bona-fide (Human),-33.4105224609375,9.306394577026367,82.8387222290039,6.346084117889404,-5.262118816375732,8.463950157165527,39.04907989501953,4.432766437530518,13.52886962890625,4.610898494720459,7.755612373352051,4.468321800231934,3.990978479385376,5.170008182525635,10.968128204345703,3.885770082473755,1.2707473039627075,4.1316728591918945,6.387121200561523,3.9065887928009033,4.785468101501465,3.7165026664733887,3.209294080734253,3.504469871520996,1.7187227010726929,3.1755595207214355,3.780484437942505,3.3900113105773926,0.047604650259017944,3.562192440032959,1.4924215078353882,3.1259195804595947,-6.302523136138916,3.4914708137512207,1.1062312126159668,3.195775270462036,-0.20535717904567719,3.51202130317688,0.514757513999939,3.7963082790374756,0.1266438364982605,1.4434267282485962,0.00363379274494946,0.9787299633026123,0.08257108926773071,1.4056768417358398,0.022899679839611053,0.758736252784729,0.0021638604812324047,0.756973147392273,-0.013742857612669468,0.7227149605751038,-0.025336358696222305,0.9389834403991699,-0.010176604613661766,0.6676896810531616,-0.01699688658118248,0.7183691263198853,0.004514351021498442,0.6651553511619568,-0.05974825099110603,0.7177640795707703,-0.05139613524079323,0.5769855976104736,-0.04220762848854065,0.5697574615478516,-0.007546540815383196,0.574073076248169,-0.029748668894171715,0.6979526877403259,0.0061407857574522495,0.5736905932426453,-0.020009620115160942,0.5739681720733643,-0.050118278712034225,0.46948856115341187,-0.012460279278457165,0.5911380052566528,-0.002725164173170924,0.6175071001052856,2426.475830078125,167.3457794189453,2594.67431640625,150.33079528808594,5243.185546875,543.9556274414062,8212.8232421875,471.5901184082031,0.036110058426856995,0.010290230624377728,18.218564987182617,6.063356399536133,9.232162475585938,2.966555595397949,13.3455228805542,3.127324104309082,15.629069328308105,3.1035473346710205,14.818459510803223,2.3632569313049316,14.87635326385498,1.7251049280166626,19.3807373046875,1.40586256980896,0.10186993330717087,0.014946673065423965,0.1641768366098404,0.017804227769374847,0.0037629962898790836,0.001692339894361794
bonafide_7,Cnoc An Tursa - Bannockburn,67,167.5,0,Bona-fide (Human),-11.522523880004883,11.544262886047363,88.31597137451172,14.858769416809082,-9.723671913146973,13.471721649169922,30.6611328125,8.9232177734375,9.87076187133789,8.759099006652832,11.725419044494629,6.463371753692627,7.339782238006592,8.973155975341797,12.873052597045898,7.146730899810791,0.5420796871185303,6.64073371887207,8.23008918762207,5.440453052520752,4.674039363861084,5.808558464050293,6.508542537689209,5.546830654144287,1.6883751153945923,5.648801803588867,3.915738105773926,5.310042858123779,1.0131436586380005,4.803513526916504,3.7765491008758545,4.86688756942749,-1.9101319313049316,4.556709289550781,3.184342622756958,4.7776570320129395,2.438410997390747,4.332529067993164,3.067671537399292,4.1592230796813965,0.09729275107383728,2.3575832843780518,0.03378520905971527,3.0073540210723877,-0.15190115571022034,2.682927131652832,-0.08754383772611618,1.7397385835647583,-0.13379091024398804,1.63230299949646,0.0011026726569980383,1.2256662845611572,0.13214027881622314,1.7854729890823364,0.08501745760440826,1.3203613758087158,0.04288085177540779,1.376887321472168,0.007959156297147274,1.0068000555038452,0.0449569895863533,1.1633042097091675,0.06382563710212708,1.0233185291290283,0.06759979575872421,1.0909785032272339,0.046660907566547394,1.007739543914795,0.036773841828107834,0.903234601020813,0.0005031735636293888,0.8827963471412659,0.0357702411711216,0.8554095029830933,0.021113457158207893,1.003798007965088,-0.029897870495915413,0.8637499809265137,-0.050252217799425125,0.7863704562187195,2358.047119140625,419.4065856933594,2538.962646484375,312.13116455078125,5126.84619140625,1113.50634765625,7897.20263671875,890.0541381835938,0.034179653972387314,0.01883670687675476,16.524744033813477,4.43746280670166,9.303284645080566,2.9140937328338623,12.408674240112305,3.478102207183838,14.931390762329102,2.9443459510803223,14.606624603271484,2.198322296142578,15.063429832458496,1.876408576965332,19.373334884643555,2.0990703105926514,0.0959676131606102,0.01939854584634304,0.2157188206911087,0.02694082073867321,0.004919690079987049,0.0071403938345611095
bonafide_7,Cnoc An Tursa - Bannockburn,71,177.5,0,Bona-fide (Human),-21.37172508239746,13.048816680908203,95.75614929199219,10.409588813781738,-22.540441513061523,11.81218147277832,40.397804260253906,6.374696254730225,11.198328971862793,7.094925403594971,7.862091541290283,5.178808689117432,7.796816349029541,5.046205043792725,11.139015197753906,5.199806213378906,2.7012264728546143,4.368533134460449,10.601391792297363,4.396977424621582,2.2640552520751953,3.628312349319458,7.329333305358887,4.0622639656066895,2.02669620513916,4.737469673156738,5.560928821563721,3.901150703430176,0.9722128510475159,4.134258270263672,5.179162502288818,5.548205375671387,-3.094155788421631,4.962548732757568,4.223461627960205,4.378918170928955,1.823564052581787,4.275699615478516,2.507370948791504,4.630549907684326,-0.14307865500450134,2.629382371902466,0.11863213777542114,2.206275224685669,-0.19662529230117798,2.462843656539917,0.03026401624083519,1.2884198427200317,-0.04239974543452263,1.3681387901306152,0.01664028689265251,0.8544480800628662,-0.04245837405323982,0.9384925961494446,-0.04274966940283775,0.7444695830345154,0.017530981451272964,0.7731530666351318,0.04959814250469208,0.8078573942184448,0.036936547607183456,0.6927642226219177,0.06656812131404877,0.7242042422294617,0.0790981575846672,0.797103762626648,0.051633890718221664,0.7442666888237,-0.034922000020742416,0.7489684820175171,-0.0815570205450058,0.961620569229126,-0.05773070827126503,0.8248641490936279,-0.012064125388860703,0.8056722283363342,0.0722772479057312,0.8540430665016174,0.009220169857144356,0.782317042350769,2117.493408203125,208.27423095703125,2260.823974609375,246.58050537109375,4232.271484375,633.42919921875,7100.32470703125,931.5068969726562,0.018931137397885323,0.009348203428089619,16.595378875732422,4.8460588455200195,9.52528190612793,2.773716688156128,13.249093055725098,3.171708583831787,16.903615951538086,3.6789655685424805,16.4570255279541,2.526183605194092,17.21877670288086,2.246342658996582,23.738903045654297,2.868211269378662,0.09518998116254807,0.01401317585259676,0.21051645278930664,0.025700023397803307,0.00199729367159307,0.0018978427397087216
bonafide_7,Cnoc An Tursa - Bannockburn,75,187.5,0,Bona-fide (Human),-51.582252502441406,19.394784927368164,98.96218872070312,12.334464073181152,-37.47567367553711,10.587578773498535,43.09709930419922,6.473834991455078,-3.452056884765625,8.0646333694458,7.024738311767578,6.331606388092041,-2.8234312534332275,5.456234931945801,10.576007843017578,4.473349094390869,-5.344549179077148,5.264222621917725,6.738147735595703,5.212963581085205,-0.38220179080963135,4.530470371246338,4.846105575561523,4.5574164390563965,-0.6492304801940918,3.9002304077148438,0.39427247643470764,4.397917747497559,-3.228639841079712,3.596353769302368,-0.2735508680343628,3.9825761318206787,-5.686969757080078,3.9386870861053467,0.3561094105243683,3.6640329360961914,-0.06444192677736282,3.552985906600952,-1.1995890140533447,3.7619051933288574,-0.3168617784976959,1.5228183269500732,-0.017739739269018173,1.8507274389266968,-0.14031007885932922,1.5694299936294556,0.03845788910984993,0.8986088633537292,-0.1256161630153656,0.8722448348999023,0.003009820356965065,0.7017917037010193,-0.03306017443537712,0.6700819730758667,-0.004203250166028738,0.7146148085594177,-0.05200769752264023,0.6981624364852905,0.0023307865485548973,0.8443955779075623,-0.043948277831077576,0.7405529022216797,-0.0005476298392750323,0.7808827757835388,0.0010603440459817648,0.6281719207763672,0.011935032904148102,0.6809016466140747,-0.005943405907601118,0.5708569884300232,-0.02870454452931881,0.6012159585952759,-0.01924782246351242,0.7024533152580261,-0.011089961975812912,0.6196286678314209,-0.00714510353282094,0.5754163861274719,0.02491329424083233,0.569072961807251,2229.387451171875,248.04026794433594,2062.955078125,173.8682098388672,4205.005859375,452.0852355957031,6515.2392578125,644.1188354492188,0.026891807094216347,0.010991700924932957,20.406553268432617,5.721102237701416,9.380195617675781,3.040494203567505,14.205676078796387,3.6769118309020996,16.487789154052734,3.2223074436187744,16.396055221557617,2.521559715270996,15.419841766357422,2.0376639366149902,25.31036949157715,1.7723840475082397,0.12398500740528107,0.032499104738235474,0.13911356031894684,0.06990106403827667,0.0010018465109169483,0.0008567751501686871
bonafide_7,Cnoc An Tursa - Bannockburn,79,197.5,0,Bona-fide (Human),-38.73135757446289,28.17072105407715,96.15424346923828,14.134167671203613,-26.236684799194336,17.235111236572266,36.90176773071289,10.59361457824707,-2.3893277645111084,7.186347484588623,6.797280788421631,5.145048141479492,0.29137250781059265,10.400288581848145,11.247149467468262,5.350768089294434,-3.2165544033050537,5.442484378814697,5.634497165679932,4.5589494705200195,-0.8010375499725342,4.882665157318115,4.499711036682129,4.396912097930908,-0.1149992048740387,4.11411190032959,2.362745523452759,4.191178798675537,-1.5401543378829956,3.768073320388794,0.5912098288536072,3.4879400730133057,-5.69673490524292,4.14857816696167,-0.46265164017677307,3.725557565689087,0.42856651544570923,3.6988840103149414,1.1534955501556396,3.7126944065093994,0.28373318910598755,2.098172426223755,-0.08770280331373215,2.0103282928466797,0.15677864849567413,1.8769595623016357,-0.05662225931882858,1.1579703092575073,0.0918520987033844,1.086987018585205,0.03301852568984032,0.8306511640548706,0.08267531543970108,0.8489423990249634,-0.023029962554574013,0.7873517274856567,-0.03982571139931679,0.786817193031311,-0.05457223951816559,0.7476406097412109,-0.025208309292793274,0.9978833794593811,-0.05815419554710388,0.8317850232124329,-0.05258902907371521,0.8264033198356628,-0.0009245364926755428,0.8336883783340454,0.014300479553639889,0.7230997085571289,0.02697526477277279,0.6614964008331299,0.030855439603328705,0.8161026835441589,0.012002388946712017,0.6674699187278748,0.027179794386029243,0.5946083664894104,0.03301084786653519,0.6322285532951355,2332.43115234375,362.5691223144531,2251.125732421875,324.6188659667969,4602.47314453125,904.1891479492188,7107.3525390625,970.9180297851562,0.03850753232836723,0.027491457760334015,19.123857498168945,5.7648210525512695,8.892755508422852,2.9053914546966553,12.67646312713623,3.3488833904266357,15.312602043151855,3.330897569656372,14.24425220489502,2.1287002563476562,14.79411506652832,1.679835557937622,23.143789291381836,3.1090033054351807,0.12387876212596893,0.030173351988196373,0.13967476785182953,0.046312592923641205,0.003941501025110483,0.0115001630038023
bonafide_7,Cnoc An Tursa - Bannockburn,83,207.5,0,Bona-fide (Human),0.6376274228096008,10.271143913269043,89.92300415039062,7.986194610595703,-15.718884468078613,10.933429718017578,21.13566780090332,6.715909481048584,-0.6480746865272522,8.029884338378906,7.963833808898926,4.934815883636475,10.695122718811035,9.447646141052246,13.363597869873047,5.8152899742126465,0.5684356093406677,6.6322102546691895,2.0062103271484375,5.303547382354736,2.271860122680664,5.213216304779053,4.384568214416504,4.2377214431762695,1.0974000692367554,4.413353443145752,3.4032273292541504,4.788258075714111,-0.3117164373397827,3.927795648574829,2.625608205795288,4.347392559051514,-1.044937014579773,3.9471421241760254,0.9228749871253967,3.6155412197113037,-0.036457713693380356,4.069629669189453,0.5643631815910339,4.094970226287842,-0.02121042087674141,1.5061285495758057,-0.048249516636133194,1.4611778259277344,-0.028928902000188828,1.9169325828552246,-0.0192110538482666,1.102366328239441,0.011290471069514751,1.2647364139556885,0.01080867275595665,0.8572397232055664,0.039260245859622955,1.216632604598999,0.029172537848353386,1.001020073890686,0.052422523498535156,1.020793080329895,0.013477694243192673,0.8090876936912537,0.02452234923839569,0.875216007232666,0.008812598884105682,0.7301594614982605,0.0014851976884528995,0.8603858351707458,0.04538274556398392,0.7899887561798096,-0.010684134438633919,0.6611790657043457,-0.03823167458176613,0.777554452419281,0.003480943152680993,0.7052398324012756,0.0013087436091154814,0.6191302537918091,-0.027643227949738503,0.7822697758674622,0.0014751686248928308,0.7838993668556213,2441.02392578125,242.16395568847656,2499.54736328125,177.8653106689453,5065.48681640625,667.8684692382812,8040.95654296875,465.9119567871094,0.0505669042468071,0.019217949360609055,17.003917694091797,5.489578723907471,9.126108169555664,3.002938985824585,12.411234855651855,3.0156519412994385,15.35671615600586,3.3189289569854736,14.563949584960938,2.2522757053375244,15.023797988891602,1.8256969451904297,19.454675674438477,1.2936022281646729,0.1213717982172966,0.01964532770216465,0.18478082120418549,0.01562999002635479,0.004903877153992653,0.0053310696966946125
bonafide_7,Cnoc An Tursa - Bannockburn,87,217.5,0,Bona-fide (Human),0.23491138219833374,9.737371444702148,96.41631317138672,8.61120891571045,-18.384571075439453,10.265623092651367,22.79134178161621,6.827098846435547,-7.167369842529297,8.215556144714355,10.999192237854004,5.293791770935059,9.634564399719238,7.46155309677124,13.366978645324707,5.469234466552734,-2.1672236919403076,4.788092613220215,4.666035175323486,4.775157928466797,2.7529985904693604,5.080280303955078,6.992715835571289,4.521873474121094,0.49099278450012207,3.801091432571411,3.73248291015625,4.164147853851318,1.2381523847579956,4.151083946228027,2.502913236618042,3.8635993003845215,-4.429677486419678,5.194122314453125,1.6791192293167114,4.070714950561523,-0.20766547322273254,4.032878398895264,1.068884015083313,4.039763927459717,0.07446804642677307,1.5745347738265991,-0.09634838253259659,1.579013705253601,-0.04685948044061661,1.6448131799697876,0.01784529536962509,1.1532130241394043,-0.007616246119141579,1.1824421882629395,0.05024620518088341,0.7051968574523926,0.03893010690808296,1.379652738571167,0.04532232880592346,0.7972968816757202,0.029574526473879814,0.7530235648155212,0.07767917215824127,0.7750056982040405,0.04019676148891449,0.8828153610229492,0.009872530587017536,0.7894506454467773,-0.07019518315792084,0.631506621837616,-0.020789168775081635,0.7272863388061523,0.02734789066016674,0.7414147257804871,0.010904689319431782,0.7484595775604248,-0.02469141036272049,0.8860881328582764,0.011280958540737629,0.6817657947540283,-0.00907422136515379,0.7468899488449097,-0.021007109433412552,0.7418399453163147,2302.927734375,212.2899169921875,2374.28515625,180.12435913085938,4781.318359375,559.2318725585938,7527.84814453125,629.3904418945312,0.04080821946263313,0.016561459749937057,16.776390075683594,5.327363014221191,8.650012969970703,3.099729061126709,12.594571113586426,3.4574949741363525,15.014657974243164,3.5136265754699707,14.919465065002441,2.1160695552825928,14.804548263549805,1.6126723289489746,20.906322479248047,1.8792126178741455,0.11279296875,0.016705092042684555,0.19167691469192505,0.017606807872653008,0.002980485325679183,0.002202550647780299
bonafide_7,Cnoc An Tursa - Bannockburn,91,227.5,0,Bona-fide (Human),-26.688085556030273,10.126985549926758,81.29456329345703,8.915209770202637,-1.5036793947219849,8.494997024536133,34.39438247680664,5.989379405975342,14.783197402954102,5.827976703643799,4.788348197937012,5.021981716156006,8.515010833740234,7.338700294494629,12.742671012878418,3.7517173290252686,0.09784787148237228,4.35182523727417,7.982915878295898,4.3558030128479,1.518542766571045,3.325214147567749,5.841973304748535,3.934678316116333,0.5799087285995483,3.6173012256622314,5.7641754150390625,3.7281453609466553,-0.4027707874774933,3.3567094802856445,2.0652055740356445,3.2920143604278564,-5.215643882751465,3.2923176288604736,1.0244183540344238,3.387173652648926,1.8475197553634644,3.399775505065918,1.2302650213241577,3.1174800395965576,0.05507192015647888,1.6585395336151123,-0.022210977971553802,1.697668194770813,0.06863105297088623,1.5273809432983398,-0.04456267133355141,1.1358771324157715,0.027287857607007027,1.0907787084579468,-0.04849563539028168,0.8841820955276489,0.013298829086124897,1.3784270286560059,-0.018779657781124115,0.7094058394432068,0.035857751965522766,0.8341876268386841,-0.0564727783203125,0.7578864097595215,-0.029898550361394882,0.5929064750671387,-0.005998614709824324,0.725164532661438,0.015369702130556107,0.674123227596283,0.02657625451683998,0.6181417107582092,0.009531422518193722,0.5606968402862549,0.012169607914984226,0.5917707681655884,0.007457410916686058,0.5458876490592957,-0.027761733159422874,0.6056411862373352,0.017238806933164597,0.6045246720314026,-0.03621869161725044,0.5198766589164734,2498.0,270.8442687988281,2687.949951171875,217.7791290283203,5517.78369140625,878.7840576171875,8477.302734375,584.2446899414062,0.03595932200551033,0.012957477010786533,18.284841537475586,5.2420854568481445,9.118390083312988,2.9893863201141357,13.757071495056152,3.2010791301727295,15.168001174926758,3.0583512783050537,14.866471290588379,2.230487585067749,15.045220375061035,1.8097198009490967,20.460073471069336,1.703124761581421,0.10439272224903107,0.018037578091025352,0.17481344938278198,0.01713954284787178,0.008449922315776348,0.010004309937357903
bonafide_7,Cnoc An Tursa - Bannockburn,95,237.5,0,Bona-fide (Human),-30.574928283691406,10.704171180725098,83.24905395507812,9.70919132232666,-5.842441558837891,8.311388969421387,35.58224105834961,6.136422157287598,12.658333778381348,5.347312927246094,5.662463665008545,5.376857757568359,6.718393325805664,6.413366794586182,12.925847053527832,3.986208438873291,0.4990224540233612,3.8435797691345215,8.544960975646973,4.595794200897217,2.5379276275634766,3.934926986694336,7.94715690612793,4.092495918273926,1.9285545349121094,3.9209794998168945,7.674511909484863,4.53025484085083,-0.8366243839263916,3.5932207107543945,2.0599262714385986,3.2809650897979736,-5.731383323669434,4.0360307693481445,0.21734227240085602,3.8264060020446777,1.4819142818450928,3.9634196758270264,1.663942575454712,3.8293631076812744,0.09217602014541626,1.845383882522583,-0.08848949521780014,1.8103044033050537,0.045111242681741714,1.3549799919128418,0.0032152775675058365,1.1128815412521362,0.022551652044057846,0.8634623885154724,0.028888650238513947,0.9500983953475952,-0.005749817471951246,1.1951019763946533,-0.012408997863531113,0.67100590467453,0.018917229026556015,0.668444037437439,0.003275674767792225,0.809691309928894,-0.0004699097771663219,0.6777014136314392,0.03647644445300102,0.7810783386230469,0.06662603467702866,0.7775964140892029,0.04986559972167015,0.7425492405891418,-0.009958739392459393,0.7113008499145508,0.0060084667056798935,0.6637397408485413,-0.03818335384130478,0.7465444803237915,-0.012441975064575672,0.6317999958992004,-0.053402356803417206,0.7301595211029053,-0.021197056397795677,0.6926581263542175,2426.568359375,261.80645751953125,2591.032958984375,195.46051025390625,5202.31201171875,763.1151733398438,8217.7080078125,572.13525390625,0.033220987766981125,0.013548023998737335,18.542306900024414,5.7672834396362305,9.608302116394043,3.1497838497161865,12.957879066467285,3.1858274936676025,14.728901863098145,2.9118762016296387,15.036857604980469,2.3099448680877686,15.041543960571289,1.7614463567733765,21.270214080810547,2.004225969314575,0.10159188508987427,0.016883082687854767,0.16886566579341888,0.018718160688877106,0.006022542715072632,0.005460978485643864
bonafide_7,Cnoc An Tursa - Bannockburn,99,247.5,0,Bona-fide (Human),-24.49311637878418,14.28055477142334,83.82783508300781,11.26586627960205,-11.01569938659668,11.53803539276123,41.06276321411133,6.016175746917725,5.375345230102539,5.23795747756958,12.484515190124512,3.852238178253174,4.943957805633545,5.4882917404174805,17.996746063232422,5.312960624694824,1.1057690382003784,4.304581165313721,10.710302352905273,4.326523780822754,3.4251139163970947,5.367021083831787,8.285653114318848,3.9027187824249268,2.117677688598633,4.197754859924316,4.537555694580078,4.577003002166748,-0.5907698273658752,4.654748439788818,0.8883073329925537,3.815817356109619,-5.845287322998047,4.236625671386719,0.5393493175506592,4.106752872467041,0.20425058901309967,4.313533306121826,-0.6497422456741333,3.410137891769409,0.020411649718880653,2.582278251647949,0.044973224401474,1.8615500926971436,-0.036392975598573685,1.936724066734314,0.07187832146883011,0.8504684567451477,0.013504167087376118,0.6892167925834656,0.030066421255469322,0.641587495803833,0.05373091250658035,0.8928821682929993,0.011462326161563396,0.782038688659668,0.014277564361691475,0.6595544219017029,0.02298363484442234,0.7800981998443604,0.0929727703332901,0.7479748725891113,-0.023256151005625725,0.7232073545455933,0.03074253723025322,0.7723212838172913,-0.0008238973678089678,0.8924113512039185,0.02378913201391697,0.782371461391449,0.008078129962086678,0.6823537349700928,0.016133161261677742,0.7923474907875061,0.012342667207121849,0.6481286883354187,-0.02569296769797802,0.7295428514480591,-0.024762948974967003,0.5289981365203857,2358.431640625,316.6222229003906,2464.09716796875,219.952392578125,5061.14990234375,774.769287109375,7589.90576171875,710.7235107421875,0.030950166285037994,0.01795000396668911,17.709951400756836,5.870148181915283,9.815431594848633,3.3584070205688477,13.253693580627441,3.017987012863159,14.802478790283203,3.5361483097076416,14.861003875732422,2.630980968475342,14.871722221374512,1.8062465190887451,21.91555404663086,1.8459416627883911,0.09727195650339127,0.026622943580150604,0.20197641849517822,0.038849860429763794,0.0032310052774846554,0.00286079291254282
bonafide_7,Cnoc An Tursa - Bannockburn,103,257.5,0,Bona-fide (Human),-19.76430892944336,19.399290084838867,97.2428207397461,11.339239120483398,-14.405241012573242,12.327886581420898,41.45035934448242,9.015170097351074,6.193146705627441,8.727996826171875,13.055489540100098,4.6471171379089355,1.6939468383789062,6.966715335845947,16.356359481811523,4.673322677612305,0.4534289836883545,5.677927017211914,8.718406677246094,4.422820091247559,2.573855400085449,4.735907554626465,6.8730387687683105,4.810833930969238,3.019745349884033,4.543960094451904,5.847370147705078,4.796011447906494,0.49746251106262207,4.471742630004883,3.33786678314209,4.135806083679199,-3.402773857116699,4.585012435913086,3.2813353538513184,3.7816524505615234,1.4740103483200073,4.926224708557129,1.4104046821594238,3.7613770961761475,0.10038093477487564,3.4423158168792725,0.044145114719867706,2.2907187938690186,-0.01131416205316782,2.7779996395111084,-0.11151357740163803,1.4719688892364502,-0.0836845114827156,1.5060977935791016,0.008690549060702324,0.9013033509254456,0.08756111562252045,1.2755333185195923,0.037327591329813004,0.9551129341125488,0.032462481409311295,0.9636143445968628,-0.03511271998286247,0.7123470902442932,-0.056272268295288086,0.9050713181495667,-0.01941215991973877,1.0311744213104248,-0.022381765767931938,0.9329049587249756,0.023155521601438522,0.9755699038505554,0.0009961023461073637,0.7969669699668884,0.005690735764801502,0.8358765244483948,0.046746108680963516,0.896516740322113,-0.012901409529149532,0.7802299857139587,-0.04649941623210907,0.8220431208610535,-0.008597545325756073,0.5971379280090332,2113.792236328125,351.0093078613281,2317.55322265625,263.2073974609375,4540.26611328125,887.3624877929688,7088.26171875,772.4335327148438,0.023234371095895767,0.01961701549589634,17.056562423706055,4.720057010650635,8.62736701965332,3.000685691833496,12.485679626464844,2.9735796451568604,14.219420433044434,2.9025015830993652,14.316932678222656,2.0175063610076904,14.707589149475098,1.7584999799728394,22.097593307495117,2.348717212677002,0.0839911550283432,0.02542678825557232,0.223280131816864,0.028936000540852547,0.0027333053294569254,0.008448159322142601
bonafide_7,Cnoc An Tursa - Bannockburn,107,267.5,0,Bona-fide (Human),-9.253775596618652,15.056943893432617,94.60660552978516,10.215058326721191,-17.24125099182129,13.010717391967773,36.221256256103516,7.517232418060303,7.053525447845459,7.235177993774414,20.58682632446289,5.929881572723389,6.183338165283203,7.190249443054199,11.08173942565918,5.748215198516846,0.6561764478683472,6.311489105224609,9.992559432983398,5.655471324920654,3.197519302368164,4.770686626434326,5.695605278015137,4.603692054748535,0.7058122158050537,4.2423906326293945,3.894521713256836,5.936580657958984,1.6695563793182373,5.732726573944092,2.3378477096557617,5.519408702850342,-3.550523042678833,5.060068130493164,1.587023377418518,3.6657638549804688,1.4780656099319458,4.611430644989014,1.5467077493667603,4.429105758666992,0.12819638848304749,3.002870559692383,-0.00719456747174263,1.7746243476867676,0.06781335920095444,2.451359748840332,-0.031868692487478256,1.3633217811584473,-0.025851523503661156,1.3430423736572266,-0.04766245558857918,0.9632279276847839,-0.0009301371173933148,1.1782772541046143,0.006123896222561598,0.9801999926567078,0.009903881698846817,1.0616730451583862,0.022617921233177185,1.1617696285247803,0.05365445092320442,0.9468964338302612,-0.0284698735922575,0.8765776753425598,-0.02557625062763691,0.6417608857154846,0.0031219874508678913,0.8393303155899048,0.010857153683900833,1.0693050622940063,0.0411369614303112,1.0610162019729614,0.03557818382978439,1.0090148448944092,0.01542015839368105,0.7141374945640564,-0.036116402596235275,0.7687585353851318,0.0042530386708676815,0.751973569393158,2146.779052734375,227.84376525878906,2331.8349609375,200.13279724121094,4590.41015625,584.351806640625,7200.96240234375,658.0057373046875,0.024069087579846382,0.010769881308078766,17.234655380249023,4.493363857269287,8.724331855773926,3.1574835777282715,12.705625534057617,2.9816675186157227,14.468294143676758,3.1010799407958984,14.011999130249023,2.0637154579162598,15.085546493530273,1.9365102052688599,21.293882369995117,1.7138515710830688,0.08518021553754807,0.01556056272238493,0.23447954654693604,0.032493408769369125,0.0015878784470260143,0.001222289283759892
bonafide_7,Cnoc An Tursa - Bannockburn,111,277.5,0,Bona-fide (Human),-179.11732482910156,27.501062393188477,154.97994995117188,10.345637321472168,-58.58689498901367,6.3958048820495605,83.14977264404297,7.015434741973877,0.7162014842033386,5.714703559875488,25.489274978637695,5.273559093475342,0.7599278092384338,5.724917411804199,8.531192779541016,5.112382411956787,1.3113515377044678,5.5161519050598145,0.7956459522247314,3.5665030479431152,-3.762784004211426,3.997725009918213,-4.041499614715576,5.890435695648193,0.12138070166110992,4.702009677886963,-4.671059608459473,4.466369152069092,-1.0660144090652466,4.294278144836426,1.038648009300232,5.232110500335693,-3.18117356300354,5.666578769683838,0.6285301446914673,4.990964889526367,4.734940528869629,4.572257041931152,1.7380229234695435,4.335689544677734,-0.49867019057273865,0.8760684728622437,0.22535906732082367,0.8483998775482178,-0.0022547156549990177,1.1508703231811523,0.09317668527364731,0.7801018953323364,0.06542307138442993,0.7337546348571777,0.001716763828881085,0.8065139055252075,0.02286102995276451,0.8562433123588562,-0.00614576879888773,0.8481504917144775,0.05782926455140114,0.7958466410636902,0.005912169814109802,0.6802012324333191,0.02464047446846962,0.7653712034225464,-0.03815164417028427,0.7425622344017029,-0.005099270027130842,0.7010549902915955,-0.02226654440164566,0.7794154286384583,0.007224419619888067,0.86285001039505,-0.02261563204228878,0.8713744878768921,-0.09698445349931717,1.098294973373413,-0.061519842594861984,0.773776113986969,-0.01898031309247017,0.8668705224990845,-0.038886018097400665,0.6956514120101929,1405.4737548828125,197.03233337402344,1538.3109130859375,97.3088150024414,3074.861572265625,286.34210205078125,4399.8515625,308.1088562011719,0.000894324213732034,0.0013705691089853644,23.318166732788086,4.920376300811768,16.953012466430664,2.9710350036621094,23.0733585357666,3.4201254844665527,25.181371688842773,3.687687397003174,21.30952262878418,2.466787815093994,22.40480613708496,2.6234610080718994,34.48625564575195,2.181037187576294,0.059615522623062134,0.01826576702296734,0.08645757287740707,0.013658300042152405,8.551317478122655e-06,3.358779213158414e-05
bonafide_7,Cnoc An Tursa - Bannockburn,115,287.5,0,Bona-fide (Human),-373.54705810546875,27.64112091064453,164.71041870117188,22.975234985351562,-24.54421043395996,21.08182716369629,59.44419860839844,13.928815841674805,20.48716163635254,6.860538959503174,-0.9781546592712402,6.329973220825195,2.367110252380371,5.582474708557129,-0.34904226660728455,5.143421649932861,5.899267196655273,5.706046104431152,5.157220840454102,6.201559543609619,6.124664306640625,9.355426788330078,6.771213531494141,5.727540493011475,8.662352561950684,8.374664306640625,-6.387984752655029,5.403987884521484,-14.54086685180664,4.363264560699463,-17.797590255737305,4.941568851470947,-17.46255874633789,5.725818157196045,-11.985145568847656,7.011299133300781,-11.305030822753906,6.981515407562256,-11.715985298156738,5.3919596672058105,0.0604768767952919,2.7505295276641846,-0.23070231080055237,1.2676160335540771,-0.11823251843452454,1.3888968229293823,0.0013929296983405948,1.1278836727142334,-0.027317695319652557,0.897455096244812,0.03813977539539337,0.631584882736206,-0.016884388402104378,0.574040412902832,0.00348233082331717,0.8186039924621582,0.01803804188966751,0.7175041437149048,0.028590727597475052,0.6955082416534424,-0.0017738783499225974,0.7549846172332764,0.023627864196896553,0.7920739054679871,0.053556889295578,0.7561166286468506,0.07328575104475021,0.6643381714820862,-0.028582610189914703,0.707976222038269,-0.0384477935731411,0.8298141360282898,-0.006340044550597668,0.6073451638221741,-0.00809140782803297,0.7162404656410217,-0.02500213123857975,0.6544660925865173,-0.009180691093206406,0.7206559777259827,663.43359375,161.6460418701172,974.3995971679688,179.6443328857422,1397.6644287109375,571.0316162109375,2717.47021484375,614.6530151367188,3.4992383007192984e-05,0.0002952524519059807,25.55156898498535,4.229755401611328,19.377073287963867,2.557080030441284,20.019750595092773,4.1591901779174805,29.88266944885254,5.21262788772583,20.130661010742188,3.128328800201416,25.041183471679688,5.106232166290283,33.70599365234375,4.180680274963379,0.025917336344718933,0.010173917748034,0.05954663082957268,0.013360213488340378,1.5866730791458394e-06,1.7342619685223326e-05
bonafide_8,James May - All Souls Moon,0,0.0,0,Bona-fide (Human),-622.067138671875,178.23370361328125,70.07553100585938,54.69431686401367,27.447628021240234,11.32968807220459,32.17461013793945,14.102904319763184,22.386192321777344,6.337011337280273,17.77923583984375,4.632801532745361,15.873505592346191,6.336586952209473,13.828690528869629,6.829716205596924,10.430747985839844,5.068751335144043,5.751791000366211,8.634228706359863,3.4322736263275146,9.379610061645508,7.204419136047363,5.598607063293457,4.0199360847473145,6.04732084274292,0.19397905468940735,9.92654037475586,1.904535174369812,6.999670028686523,3.4940688610076904,4.986505031585693,5.239816188812256,4.007043361663818,9.693653106689453,10.029897689819336,3.1468398571014404,4.705836296081543,0.4507816433906555,6.901902198791504,1.651344895362854,10.593400955200195,0.4810961186885834,5.099756240844727,-0.027768408879637718,1.9408560991287231,0.09208182990550995,1.530599594116211,0.004246767144650221,1.250341773033142,-0.018920408561825752,0.9322361350059509,0.032411426305770874,1.2750493288040161,0.03885956481099129,1.220994472503662,-0.04445456713438034,0.7813329100608826,-0.05601823702454567,0.8506796956062317,-0.08454123139381409,1.0672416687011719,0.05318300798535347,0.7900787591934204,-0.048132557421922684,0.7686513662338257,-0.09346866607666016,0.8202834129333496,-0.05980300530791283,0.7557185292243958,-0.05100567266345024,0.774259090423584,-0.025812990963459015,0.6469548940658569,0.1192968487739563,0.90010666847229,-0.012475050985813141,0.7710624933242798,0.0019212077604606748,0.9046611785888672,1364.2015380859375,485.5554504394531,2324.384765625,673.2373046875,3552.8291015625,1684.389404296875,6938.92529296875,2399.394775390625,0.001898500369861722,0.0028595190960913897,15.240936279296875,4.830695152282715,8.613107681274414,2.970041275024414,15.507498741149902,4.828409194946289,18.4422550201416,6.80939245223999,18.262264251708984,7.508440971374512,18.719987869262695,7.650217533111572,19.7720947265625,7.697707176208496,0.021886754781007767,0.011795513331890106,0.010786149650812149,0.016317717730998993,0.0004681366845034063,0.0006998461904004216
bonafide_8,James May - All Souls Moon,2,5.0,0,Bona-fide (Human),-284.9752197265625,45.75409698486328,121.814453125,21.04685401916504,12.81473159790039,12.564209938049316,47.44447326660156,11.282235145568848,10.256738662719727,8.951199531555176,12.560083389282227,7.807554721832275,12.487044334411621,6.027842044830322,10.127617835998535,7.147603511810303,0.8239977955818176,6.968508243560791,-4.043805122375488,7.646245002746582,-12.80106258392334,5.64692497253418,0.4197622239589691,7.51446008682251,-4.233757019042969,6.974789142608643,-4.489696979522705,10.319790840148926,-0.1970689594745636,8.910696029663086,3.8258252143859863,10.626816749572754,1.252834439277649,12.843155860900879,5.863452434539795,17.73728370666504,-0.7883543968200684,11.007497787475586,2.813023090362549,10.149626731872559,0.15219533443450928,7.457562446594238,0.11498869955539703,3.2528886795043945,0.03503141552209854,2.180197238922119,0.1429957151412964,2.2324864864349365,-0.062968909740448,1.530966877937317,0.028123753145337105,0.9011446237564087,-0.03719233721494675,0.7934818267822266,-0.08334065973758698,0.9696995615959167,0.049743857234716415,1.0925832986831665,-0.04027574136853218,1.2420164346694946,-0.05766666308045387,0.8794035911560059,-0.08521939814090729,1.0052310228347778,-0.09807869791984558,0.851630687713623,0.05329432338476181,1.2110134363174438,0.059943392872810364,1.4085628986358643,0.13431423902511597,1.2395445108413696,0.1022985428571701,1.1369553804397583,-0.14813411235809326,1.662164330482483,-0.12179628759622574,1.3747433423995972,-0.08366593718528748,1.3679758310317993,1325.422607421875,407.11700439453125,1861.7520751953125,422.84075927734375,2895.56787109375,1109.259521484375,5343.5244140625,1616.914794921875,0.0023780495394021273,0.005391593091189861,18.795764923095703,4.259613513946533,13.582910537719727,4.3262104988098145,18.99126434326172,4.61629581451416,28.359773635864258,5.159050941467285,29.150419235229492,4.680985927581787,28.216691970825195,4.924602508544922,27.41724967956543,4.558905601501465,0.06307417899370193,0.02690042369067669,0.044972799718379974,0.01455660816282034,0.0005882471450604498,0.001264607417397201
bonafide_8,James May - All Souls Moon,5,12.5,0,Bona-fide (Human),-267.41412353515625,41.47425842285156,129.52294921875,22.058473587036133,8.504319190979004,12.641603469848633,43.81150436401367,9.725021362304688,9.56410026550293,6.681616306304932,11.809741973876953,7.435556411743164,4.5299835205078125,7.0325822830200195,-1.1037298440933228,11.200360298156738,-3.967313528060913,6.341874599456787,-10.566980361938477,6.907217502593994,-10.970588684082031,6.115518093109131,2.0257456302642822,6.957871913909912,-5.964328289031982,6.560318946838379,-7.092311859130859,7.37127161026001,-6.915233612060547,6.307390213012695,-5.672101020812988,6.616548538208008,-7.196024417877197,6.031789302825928,3.103482961654663,8.882245063781738,-0.6885025501251221,6.322821617126465,-3.571709632873535,7.894013404846191,-0.005342836957424879,8.249370574951172,0.03472358360886574,3.7199037075042725,-0.019523708149790764,1.8606064319610596,0.058404263108968735,1.9541712999343872,-0.008250616490840912,1.0470905303955078,-0.0054803467355668545,1.2668203115463257,0.05170956254005432,0.9564127326011658,0.08554631471633911,1.1103147268295288,0.017796721309423447,0.9576664566993713,-0.0009637055336497724,1.241593360900879,0.01406750176101923,0.9357292652130127,-0.03198789805173874,1.1720030307769775,-0.07720018923282623,0.7800934910774231,0.012652229517698288,1.1140546798706055,0.017888136208057404,1.0735961198806763,0.0065483758226037025,1.0074647665023804,0.05717199668288231,0.7907833456993103,0.025216231122612953,1.4427098035812378,-0.04520470276474953,0.9757513403892517,-0.1454484611749649,1.0342867374420166,1279.16162109375,374.50787353515625,1809.4332275390625,442.2355651855469,2646.540283203125,1068.1541748046875,5270.20166015625,1695.9388427734375,0.001927192322909832,0.0038400250487029552,20.50628662109375,5.321001052856445,14.350648880004883,4.01497745513916,19.93510627746582,4.454298496246338,24.72394561767578,4.777347087860107,28.516042709350586,4.278728485107422,28.32486915588379,4.176535129547119,27.45309829711914,5.183023452758789,0.06080910190939903,0.01511174812912941,0.04682469367980957,0.011148037388920784,0.0005262657650746405,0.0010487724794074893
bonafide_8,James May - All Souls Moon,8,20.0,0,Bona-fide (Human),-280.0121765136719,61.43566131591797,125.34556579589844,40.31197738647461,19.45548439025879,16.781572341918945,50.79594421386719,13.574867248535156,14.302510261535645,20.592235565185547,11.029948234558105,11.024054527282715,7.04576301574707,10.627856254577637,7.760015964508057,12.29339599609375,-2.3758602142333984,12.92691421508789,0.8921020030975342,7.360987186431885,-2.047945261001587,5.949136257171631,-3.9058070182800293,10.931106567382812,-0.05218788608908653,11.686271667480469,-4.3719940185546875,8.650458335876465,0.4787837862968445,9.67241382598877,5.669668197631836,5.924885272979736,8.767656326293945,8.335515022277832,13.095429420471191,12.823955535888672,1.2302924394607544,7.175459861755371,-8.271061897277832,9.417757034301758,-0.29166939854621887,8.875096321105957,0.11980729550123215,4.948086261749268,0.08964372426271439,2.4024901390075684,0.13904345035552979,2.2581052780151367,-0.1432439535856247,1.9863386154174805,-0.05058720335364342,2.1087794303894043,-0.016132978722453117,1.4026225805282593,0.07812533527612686,1.3921046257019043,-0.03776562213897705,1.7989510297775269,0.10435312986373901,1.1056687831878662,0.029046466574072838,1.0017423629760742,-0.1898861974477768,1.45456063747406,0.1611928939819336,1.4901963472366333,-0.011750614270567894,1.12212073802948,0.01923113688826561,0.9391248822212219,-0.03088102675974369,0.9872838258743286,-0.03519812226295471,1.1975173950195312,-0.11151091009378433,1.2804856300354004,0.03281943127512932,1.4424322843551636,0.0536080040037632,1.0097864866256714,1393.6575927734375,873.7379150390625,1926.5389404296875,594.8802490234375,2935.04541015625,1747.9676513671875,5709.5888671875,2136.754150390625,0.006250586826354265,0.020027609542012215,18.034576416015625,6.500925064086914,12.34510326385498,3.639069080352783,20.542173385620117,4.7417097091674805,26.634687423706055,5.002477645874023,26.278663635253906,5.735741138458252,24.509309768676758,4.964837074279785,25.437206268310547,4.249601364135742,0.05317066237330437,0.04972739890217781,0.05080205574631691,0.016118697822093964,0.0028536375612020493,0.012369038537144661
bonafide_8,James May - All Souls Moon,11,27.5,0,Bona-fide (Human),-254.12232971191406,69.14583587646484,118.57368469238281,33.58910369873047,25.78659439086914,16.746593475341797,37.32516860961914,15.50272274017334,12.261029243469238,17.769330978393555,10.394309997558594,13.725184440612793,11.563762664794922,10.513465881347656,12.150494575500488,9.953105926513672,-3.766245126724243,13.030755996704102,2.025876045227051,8.033246994018555,-2.79107666015625,5.91435432434082,-6.449362277984619,8.090351104736328,-0.24501140415668488,9.976068496704102,-3.8841512203216553,6.680007457733154,-2.0092527866363525,6.754230499267578,-1.2132354974746704,7.605826377868652,-2.3209047317504883,5.344001293182373,3.4466328620910645,6.4143853187561035,-2.1067006587982178,8.179275512695312,0.1510365754365921,8.879785537719727,0.027827510610222816,8.54561996459961,0.3680581748485565,5.598206043243408,-0.14964210987091064,2.6148509979248047,0.06692970544099808,2.2826573848724365,-0.21664130687713623,2.2960808277130127,-0.018693791702389717,2.0333425998687744,-0.06199633702635765,1.6005669832229614,0.052142318338155746,1.591922402381897,-0.21962343156337738,2.0492331981658936,-0.04874362051486969,1.2810313701629639,0.02089809998869896,1.2311935424804688,-0.024323904886841774,1.59788179397583,0.09789387136697769,1.58612859249115,-0.020074786618351936,1.045298457145691,0.033464256674051285,1.0346335172653198,0.03388233855366707,1.1971806287765503,0.06318065524101257,0.972691535949707,-0.003459921572357416,1.2424275875091553,-0.028229761868715286,1.1234500408172607,-0.047481968998909,1.3044521808624268,1521.900634765625,768.6841430664062,2137.648193359375,685.3973388671875,3402.99365234375,2113.2021484375,6276.779296875,2317.76904296875,0.005936033092439175,0.011819270439445972,14.935866355895996,4.154268741607666,15.264254570007324,3.848719596862793,18.9592227935791,4.575389862060547,24.66636848449707,5.801753044128418,22.465351104736328,5.1896138191223145,22.01626968383789,4.216216564178467,22.768964767456055,4.4028754234313965,0.05091236159205437,0.030399229377508163,0.06360640376806259,0.03701755031943321,0.002539360895752907,0.007950486615300179
bonafide_8,James May - All Souls Moon,14,35.0,0,Bona-fide (Human),-262.3680419921875,63.18814468383789,106.20891571044922,35.403839111328125,21.276893615722656,16.522842407226562,47.95586013793945,15.546475410461426,21.851072311401367,12.932940483093262,10.643332481384277,9.64335823059082,2.0115740299224854,12.072372436523438,11.111824989318848,10.493114471435547,-3.292353630065918,11.616544723510742,-3.034079074859619,10.084856986999512,-2.5903239250183105,8.18465805053711,-5.405792236328125,8.928953170776367,-2.511590003967285,9.347904205322266,-7.3200764656066895,9.028721809387207,-4.506781101226807,7.2140021324157715,0.0016386243514716625,6.835579872131348,-0.9612549543380737,8.020720481872559,11.136693954467773,11.808124542236328,2.1018824577331543,7.043057918548584,-6.866190433502197,8.82310676574707,0.017420604825019836,10.002884864807129,-0.006945910397917032,5.6766557693481445,-0.028943825513124466,2.963336229324341,0.11938402056694031,2.7223243713378906,0.009159194305539131,1.799499750137329,-0.020015349611639977,1.7147186994552612,-0.18570144474506378,1.5988742113113403,0.10673254728317261,1.221933364868164,-0.007710315752774477,1.8660032749176025,0.07694894820451736,1.604380488395691,0.0791063979268074,1.5923521518707275,-0.04542512446641922,1.4622342586517334,0.06864728033542633,1.535029411315918,0.012694977223873138,1.2566300630569458,0.03295426815748215,1.248305320739746,0.004869328811764717,1.3338319063186646,0.0005774122546426952,1.3279207944869995,0.0401187390089035,1.7131423950195312,0.03758412227034569,1.2987229824066162,-0.002049313625320792,1.3619582653045654,1617.27685546875,814.6280517578125,2148.379638671875,550.91162109375,3513.152099609375,1787.3143310546875,6428.658203125,2049.326904296875,0.006500016897916794,0.01840486191213131,15.589509963989258,4.256664276123047,13.590982437133789,4.038619518280029,20.627471923828125,5.23325777053833,26.449012756347656,5.30108118057251,25.254487991333008,5.106863975524902,25.051895141601562,5.08807897567749,24.777297973632812,4.8037824630737305,0.05867287144064903,0.044944342225790024,0.052063193172216415,0.023664230480790138,0.0028702879790216684,0.011924141086637974
bonafide_8,James May - All Souls Moon,17,42.5,0,Bona-fide (Human),-240.61863708496094,55.24223709106445,106.71294403076172,31.440567016601562,25.028554916381836,13.4495210647583,42.67727279663086,14.92603874206543,25.400146484375,9.935585975646973,7.217471122741699,7.975933074951172,-4.703594207763672,14.874297142028809,14.08870792388916,9.516304016113281,-3.457235813140869,11.996883392333984,-0.5321074724197388,7.699676036834717,-5.316524982452393,9.277761459350586,-15.752875328063965,11.06151294708252,-2.324554920196533,10.118587493896484,-4.393950939178467,6.7504353523254395,-2.530036449432373,7.101149082183838,-0.6835218071937561,6.638047695159912,-1.3485115766525269,6.263946533203125,7.936319351196289,7.094038486480713,1.6260735988616943,8.482942581176758,-2.3786561489105225,10.16702651977539,1.1505440473556519,9.733663558959961,-0.2999880313873291,5.579174995422363,-0.0972328707575798,2.3576672077178955,0.02696743793785572,2.1862776279449463,-0.14195822179317474,1.8140290975570679,-0.08163567632436752,1.57741117477417,-0.12858812510967255,2.082784414291382,-0.05501220002770424,1.4960412979125977,-0.019988659769296646,1.7801539897918701,-0.09285476803779602,1.4883689880371094,-0.024203255772590637,1.2550090551376343,0.06347127258777618,1.7580714225769043,0.02552874945104122,1.2884411811828613,0.03181959688663483,1.1617817878723145,-0.06724068522453308,1.3582786321640015,-0.08531979471445084,1.0908864736557007,0.021491363644599915,0.8715631365776062,0.06398274749517441,1.2140380144119263,-0.050652213394641876,1.3041898012161255,-0.085893914103508,1.4496623277664185,1660.8038330078125,786.9983520507812,2298.287841796875,463.3244934082031,3668.52001953125,1747.685302734375,6947.8974609375,1748.7021484375,0.006434900686144829,0.020712081342935562,13.950821876525879,3.703932523727417,16.401424407958984,3.687903642654419,19.511886596679688,3.8985512256622314,27.169809341430664,5.717372417449951,23.90740394592285,4.124608993530273,23.74819564819336,4.0718584060668945,23.608585357666016,4.596994876861572,0.057282622903585434,0.050076570361852646,0.06387177109718323,0.027230950072407722,0.006632552482187748,0.035111237317323685
bonafide_8,James May - All Souls Moon,20,50.0,0,Bona-fide (Human),-213.13531494140625,68.36875915527344,124.05859375,23.097373962402344,13.497845649719238,14.315633773803711,32.08684539794922,11.523974418640137,6.393482685089111,14.679094314575195,6.640324115753174,10.529486656188965,5.27205228805542,8.466987609863281,0.6383691430091858,7.595871925354004,-16.62211036682129,14.343790054321289,2.484337091445923,9.033817291259766,-4.495229721069336,8.800458908081055,-13.236658096313477,7.672762870788574,-4.424157619476318,8.629337310791016,-11.700006484985352,8.059301376342773,-7.86181116104126,7.232702255249023,0.3794357478618622,6.8178391456604,-4.174801826477051,6.180690288543701,3.573158025741577,7.900740623474121,-5.178485870361328,8.23161792755127,-8.509028434753418,11.173012733459473,-0.02200709469616413,8.737439155578613,0.19984756410121918,3.71966814994812,0.04465687647461891,2.231350898742676,-0.21825024485588074,1.769100308418274,-0.17546261847019196,2.102245569229126,0.13090308010578156,1.6565676927566528,0.0944545716047287,1.288347601890564,0.03412257134914398,1.4472726583480835,-0.08305636048316956,1.811128854751587,0.1482240855693817,1.4576045274734497,0.12250178307294846,1.1194767951965332,0.03512277081608772,1.1362061500549316,0.11528705805540085,1.5450996160507202,0.06743603944778442,1.232901692390442,0.03433502838015556,0.9401798844337463,-0.049663156270980835,1.2879559993743896,0.00977705791592598,0.8207526206970215,-0.07933308184146881,1.2897180318832397,-0.05120723694562912,1.1306222677230835,-0.014899536035954952,1.0338164567947388,1394.8656005859375,469.412841796875,1988.558837890625,413.85400390625,2848.663330078125,1270.9747314453125,5969.6318359375,1661.6610107421875,0.0029305657371878624,0.0040467241778969765,15.290274620056152,5.11044454574585,14.460864067077637,3.93774151802063,22.032588958740234,5.283334732055664,26.319698333740234,4.3030104637146,25.280057907104492,4.485044002532959,24.721235275268555,4.137110233306885,24.42420768737793,4.171581268310547,0.05355043709278107,0.02308085933327675,0.08270441740751266,0.026920577511191368,0.0005347915575839579,0.0007684665615670383
bonafide_8,James May - All Souls Moon,23,57.5,0,Bona-fide (Human),-217.3838653564453,72.48424530029297,124.19320678710938,19.909788131713867,21.138147354125977,14.862873077392578,34.90642166137695,13.323603630065918,8.533623695373535,16.006067276000977,10.116887092590332,11.388382911682129,7.244217395782471,9.222597122192383,5.276535511016846,9.738044738769531,-11.220874786376953,11.715893745422363,6.22869873046875,8.979365348815918,1.7704800367355347,10.014569282531738,-9.887274742126465,6.410006046295166,-3.9462177753448486,9.903641700744629,-6.9481964111328125,7.14231014251709,-1.8464945554733276,8.59468936920166,2.391862154006958,6.020143508911133,-0.053807154297828674,5.9389238357543945,8.09245491027832,8.541289329528809,-2.3158116340637207,9.897689819335938,-4.247682571411133,9.952956199645996,0.9642738103866577,9.584050178527832,0.014160280115902424,3.102957010269165,-0.02034282684326172,1.8426170349121094,-0.18915283679962158,2.117014169692993,-0.18007662892341614,2.3965964317321777,-0.001433182624168694,2.0552854537963867,-0.15916049480438232,1.642652153968811,-0.12028330564498901,1.3866219520568848,-0.10421846807003021,1.4549851417541504,0.06706768274307251,1.4306201934814453,0.05889147147536278,0.9455398321151733,-0.014524150639772415,1.181878685951233,-0.006239639595150948,1.1406598091125488,0.07121730595827103,1.108309268951416,-0.0004940154612995684,1.2060202360153198,0.04361386597156525,1.0085971355438232,0.01606050506234169,0.9818475842475891,-0.08904244005680084,1.2437005043029785,-0.06453517824411392,1.1456586122512817,-0.12074684351682663,1.1241121292114258,1377.979736328125,445.9495849609375,2021.998291015625,385.08056640625,2751.91357421875,1217.9256591796875,6117.623046875,1618.3218994140625,0.0030494232196360826,0.0032929719891399145,15.70071792602539,4.951269149780273,11.979717254638672,3.110604763031006,20.528888702392578,4.981551170349121,25.72499656677246,5.093832969665527,25.417150497436523,4.3171868324279785,24.03508758544922,4.252209186553955,23.314224243164062,3.4271304607391357,0.050539370626211166,0.020172007381916046,0.07609877735376358,0.029850423336029053,0.0005253294948488474,0.0006421948783099651
bonafide_8,James May - All Souls Moon,26,65.0,0,Bona-fide (Human),-214.28555297851562,53.28514099121094,89.43614196777344,32.87567901611328,40.477840423583984,19.01373863220215,43.33818054199219,18.204164505004883,18.533517837524414,16.88084602355957,8.957826614379883,13.219703674316406,5.286367416381836,12.933416366577148,13.63864517211914,13.563953399658203,-6.670217037200928,11.846081733703613,-1.6564489603042603,10.93869400024414,0.2474488914012909,7.313015460968018,-5.2281670570373535,9.081268310546875,-2.531496286392212,9.148161888122559,-1.9155266284942627,6.010337829589844,-6.708242416381836,5.952144622802734,5.6648101806640625,8.381211280822754,-2.861588716506958,9.299531936645508,8.382936477661133,7.5101542472839355,0.9727656245231628,5.227424621582031,-2.4901397228240967,4.833101749420166,-0.8213618397712708,9.446593284606934,0.5370861291885376,5.7462263107299805,-0.2271435707807541,3.5380094051361084,-0.050084423273801804,2.6516857147216797,-0.05699598044157028,2.2720947265625,0.04991316422820091,1.7957406044006348,0.01687638647854328,2.1361243724823,-0.016138093546032906,1.846049189567566,-0.0016079478664323688,1.95326828956604,0.04710640013217926,1.5308960676193237,0.048138879239559174,1.3406814336776733,0.022299611940979958,1.579094648361206,0.09529857337474823,1.4723761081695557,0.002061934443190694,1.1596888303756714,-0.015448254533112049,1.0574811697006226,-0.016711173579096794,1.256165862083435,0.021576475352048874,1.3579275608062744,-0.006298630498349667,1.1955692768096924,0.01650235429406166,0.9747164249420166,0.05122789740562439,0.9423416256904602,2122.447265625,981.5317993164062,2673.019287109375,520.4638671875,4976.36328125,2200.757080078125,8135.21435546875,1335.2314453125,0.015091033652424812,0.029692387208342552,15.442401885986328,4.697262287139893,12.300432205200195,3.793142795562744,20.542997360229492,4.880792140960693,25.39783477783203,5.7166900634765625,22.829792022705078,4.7248077392578125,21.498355865478516,4.545546054840088,19.673574447631836,3.785640001296997,0.0709228515625,0.05634389445185661,0.07320555299520493,0.03120286576449871,0.009892220608890057,0.023672359064221382
bonafide_8,James May - All Souls Moon,29,72.5,0,Bona-fide (Human),-223.3542938232422,48.310855865478516,99.35230255126953,39.87511444091797,42.13444137573242,17.503625869750977,34.16472244262695,13.005875587463379,8.662019729614258,14.927218437194824,7.320148468017578,11.797830581665039,5.430997848510742,8.622425079345703,7.389171123504639,9.378469467163086,-4.725598335266113,10.457881927490234,-4.229813575744629,9.112022399902344,-5.367406368255615,7.078188896179199,-3.134286880493164,8.945013999938965,-2.201555013656616,6.939139366149902,-3.9524149894714355,7.112950801849365,-5.680517196655273,6.3821234703063965,1.2358946800231934,5.825884819030762,0.19364604353904724,7.250980377197266,6.246378421783447,6.046577453613281,-1.4385310411453247,5.739436149597168,-4.15181303024292,6.964778900146484,-0.016483625397086143,9.359419822692871,-0.052789539098739624,7.55696964263916,0.24616336822509766,3.130223274230957,-0.36716264486312866,2.539260149002075,-0.004808456636965275,1.9907289743423462,0.06680446118116379,2.1846020221710205,0.10451368987560272,1.5259079933166504,-0.10982852429151535,1.514521837234497,0.04259427264332771,1.9573569297790527,0.07978678494691849,1.488715648651123,-5.354263339540921e-05,1.4351249933242798,0.08877872675657272,1.5638859272003174,-0.026604188606142998,1.1217930316925049,0.04218470677733421,1.1587631702423096,0.04540766030550003,0.9815456867218018,-0.06509611755609512,0.9387736320495605,0.06050078943371773,0.9765785336494446,0.060387756675481796,0.9292256236076355,-0.05690040811896324,1.0727719068527222,0.01346370205283165,1.1321552991867065,1996.720947265625,1208.969970703125,2502.220947265625,519.142333984375,4187.2109375,2470.749267578125,7792.97607421875,1522.76220703125,0.019737282767891884,0.041342929005622864,15.1497220993042,4.313775539398193,12.547548294067383,3.7004168033599854,19.247697830200195,4.840686321258545,25.693864822387695,5.8861212730407715,24.643911361694336,5.816901206970215,21.36703109741211,4.411221027374268,19.171886444091797,2.983924627304077,0.0794542133808136,0.08656059205532074,0.07264412194490433,0.04218273237347603,0.015193529427051544,0.045104946941137314
bonafide_8,James May - All Souls Moon,32,80.0,0,Bona-fide (Human),-209.32969665527344,68.19963836669922,104.30693054199219,31.666778564453125,31.93735122680664,20.160186767578125,32.83390426635742,10.324618339538574,13.099567413330078,15.495650291442871,11.970359802246094,12.301634788513184,3.868234872817993,12.331807136535645,7.146117687225342,7.2282843589782715,-5.043744087219238,10.487696647644043,6.293337821960449,9.540437698364258,2.4215426445007324,7.183919429779053,-4.434275150299072,7.350123882293701,-1.6803667545318604,7.832745552062988,-1.8626047372817993,6.270077228546143,-3.5080087184906006,6.811250686645508,-0.11019755899906158,7.302737712860107,0.15118950605392456,6.795627593994141,11.31869125366211,6.130725383758545,-0.10983151197433472,6.044235706329346,-3.955213785171509,5.701003551483154,0.03215210512280464,12.426742553710938,0.14464236795902252,6.215047359466553,-0.09703139960765839,3.5740408897399902,0.04707105830311775,1.9241211414337158,0.09146434813737869,2.5645487308502197,-0.027135856449604034,2.1226987838745117,-0.11292309314012527,1.9488887786865234,-0.034563202410936356,1.2900831699371338,-0.017933877184987068,1.73567795753479,0.007883946411311626,1.641224980354309,-0.009349827654659748,1.2618169784545898,0.007073960732668638,1.1658194065093994,-0.022934449836611748,1.2958521842956543,0.026228109374642372,1.0796101093292236,0.019402973353862762,1.0786319971084595,-0.10513895750045776,1.3618284463882446,-0.0841161385178566,1.1090662479400635,0.04310197755694389,1.0507745742797852,0.014318373054265976,1.2384496927261353,-0.007385685574263334,0.9298476576805115,1818.3878173828125,935.0303955078125,2404.150390625,528.8836059570312,3989.324951171875,2225.13330078125,7272.3408203125,1752.32958984375,0.011756684631109238,0.02492263726890087,14.031858444213867,4.444754600524902,13.354639053344727,4.9114089012146,20.518489837646484,4.742020606994629,24.662134170532227,5.116061687469482,24.176902770996094,4.721975803375244,22.577587127685547,3.8306143283843994,19.50143814086914,3.4632480144500732,0.06080231815576553,0.04582539200782776,0.0826512947678566,0.04145435616374016,0.005537769291549921,0.016663329675793648
bonafide_8,James May - All Souls Moon,35,87.5,0,Bona-fide (Human),-213.27987670898438,65.44234466552734,95.16973876953125,35.332489013671875,34.558780670166016,22.792781829833984,39.90519714355469,12.034818649291992,19.191396713256836,13.567251205444336,8.349385261535645,13.887496948242188,1.5883193016052246,11.745057106018066,2.164067268371582,7.621441841125488,-3.3408663272857666,9.267181396484375,-1.6081494092941284,9.752531051635742,-6.3680419921875,8.109626770019531,-5.614343643188477,6.902890682220459,-4.738438129425049,7.760347843170166,-2.7897934913635254,6.3747992515563965,-6.327292442321777,6.7112016677856445,-1.737635612487793,7.362628936767578,-0.8950860500335693,6.2709808349609375,8.641278266906738,5.937087059020996,-2.828552007675171,4.960556507110596,-5.5661749839782715,5.767195224761963,0.12166213989257812,12.11455249786377,-0.1151164248585701,6.766794204711914,-0.19442731142044067,4.107202529907227,-0.051975611597299576,2.5185983180999756,0.15473070740699768,1.847185492515564,-0.06651174277067184,2.6610898971557617,-0.0809999480843544,2.26357364654541,-0.05916094779968262,1.5963906049728394,0.02059919759631157,1.6892387866973877,0.009603593498468399,1.6198991537094116,0.004524937365204096,1.4709841012954712,-0.09943787008523941,1.313132882118225,-0.05638573691248894,1.1468850374221802,-0.0147995725274086,1.1842995882034302,0.0029875636100769043,1.2556296586990356,-0.03150467202067375,1.4154462814331055,-0.08723977953195572,1.4121617078781128,0.03869481757283211,1.1450649499893188,0.07067811489105225,0.9546144008636475,0.030387798324227333,1.066267728805542,2079.798095703125,1092.326416015625,2568.51953125,560.0562744140625,4495.75390625,2351.912353515625,7786.04736328125,1560.4503173828125,0.017279228195548058,0.03945295512676239,15.729308128356934,4.7037763595581055,13.15778636932373,4.213027000427246,18.391231536865234,4.626930236816406,23.95113754272461,5.347099781036377,22.214235305786133,4.778395175933838,21.420618057250977,4.222734451293945,19.412431716918945,3.555340528488159,0.0748358815908432,0.05650264024734497,0.07576864212751389,0.051310475915670395,0.014511601999402046,0.04653996601700783
bonafide_8,James May - All Souls Moon,38,95.0,0,Bona-fide (Human),-227.2967987060547,71.51676940917969,105.18158721923828,34.35442352294922,37.90426254272461,20.058269500732422,32.38774108886719,11.209602355957031,18.940372467041016,11.298114776611328,10.136781692504883,8.187366485595703,6.996281147003174,9.587718963623047,4.433920860290527,6.830455303192139,-4.962187767028809,12.109777450561523,-1.9681432247161865,6.264166355133057,-2.2692031860351562,6.034014701843262,-1.7763943672180176,9.315591812133789,-3.6941030025482178,8.556739807128906,-1.5085711479187012,8.168021202087402,-7.09193229675293,5.5574140548706055,-2.157379627227783,6.708952903747559,-6.53643798828125,6.825767993927002,4.862178325653076,7.284658432006836,-4.025724411010742,6.732709884643555,-6.240811824798584,6.578660488128662,-0.9049484729766846,13.176031112670898,0.2338721603155136,7.382040977478027,-0.15659001469612122,3.6274924278259277,0.0380086824297905,2.113369941711426,-0.114977166056633,2.0435423851013184,-0.08675432950258255,1.4399495124816895,0.011229660362005234,1.6098382472991943,-0.020838992670178413,1.0856647491455078,0.03848297521471977,1.9031898975372314,-0.10962659865617752,1.192252516746521,-0.01012895256280899,1.0067801475524902,-0.010474408976733685,1.6178878545761108,-0.05929569527506828,1.270940899848938,-0.0500069223344326,1.014306664466858,-0.02935493364930153,0.882969081401825,-0.06967944651842117,1.094542384147644,-0.054027389734983444,0.9819119572639465,0.012333247810602188,1.0297571420669556,-0.02369609661400318,0.9677663445472717,-0.018392689526081085,1.1670140027999878,1828.518798828125,1054.3409423828125,2495.9384765625,591.565673828125,3964.95068359375,2513.619873046875,7563.78662109375,1749.85546875,0.010758699849247932,0.020251290872693062,19.41582679748535,4.40479850769043,13.906423568725586,4.231429100036621,19.681310653686523,4.900495529174805,24.946006774902344,5.434188365936279,22.784122467041016,4.710876941680908,21.818260192871094,3.979914903640747,18.578882217407227,3.4045732021331787,0.0597195103764534,0.045207295566797256,0.0785411074757576,0.04808799922466278,0.008219297975301743,0.02461067959666252
bonafide_8,James May - All Souls Moon,41,102.5,0,Bona-fide (Human),-240.4799041748047,73.52123260498047,104.41769409179688,24.836362838745117,41.494571685791016,18.10611915588379,35.03595733642578,9.044615745544434,14.111759185791016,9.489607810974121,7.74462890625,7.764620780944824,0.9103984236717224,10.572999000549316,-0.6191709041595459,9.209735870361328,-4.57016658782959,8.743538856506348,-4.719117164611816,9.389439582824707,-5.412972927093506,8.187071800231934,-3.4965271949768066,9.371480941772461,-9.255627632141113,6.471489906311035,-4.010465145111084,5.5883684158325195,-9.115833282470703,5.893341541290283,-3.1519103050231934,7.067472457885742,-1.8675507307052612,5.419336318969727,6.7027363777160645,5.176758289337158,-7.458702564239502,5.060888767242432,-8.73823070526123,5.874605655670166,1.5365880727767944,14.284490585327148,-0.2887105643749237,5.664312839508057,-0.1473478376865387,3.5238523483276367,-0.15263621509075165,1.7210599184036255,-0.1302279829978943,1.687334418296814,-0.11654247343540192,1.2637596130371094,-0.06624698638916016,1.5955060720443726,0.02196500077843666,1.3932839632034302,-0.0301381666213274,1.3753843307495117,-0.011194754391908646,1.406561255455017,0.07483916729688644,1.1020010709762573,0.0820806622505188,1.401932954788208,0.052000027149915695,1.2409281730651855,-0.006295839790254831,1.0494868755340576,-0.07495958358049393,0.9329099059104919,-0.02928498014807701,1.2881964445114136,-0.048227567225694656,0.8498625755310059,-0.06061628833413124,0.9257990121841431,0.029485106468200684,0.9680178761482239,-0.015052384696900845,1.0077451467514038,1738.1920166015625,759.5228881835938,2527.949462890625,602.82763671875,4179.93359375,2342.75146484375,7617.7197265625,1717.304443359375,0.006954872515052557,0.014372022822499275,16.310749053955078,6.56641960144043,14.816999435424805,4.6508026123046875,20.375974655151367,4.753503799438477,24.027019500732422,5.160147666931152,23.130971908569336,4.3137030601501465,21.376832962036133,4.352456092834473,18.57411766052246,3.445946455001831,0.0493367500603199,0.02447029948234558,0.07775215804576874,0.05814145505428314,0.0032783332280814648,0.006591968238353729
bonafide_8,James May - All Souls Moon,44,110.0,0,Bona-fide (Human),-168.66018676757812,52.1689453125,109.36378479003906,21.80419921875,19.39519500732422,14.650766372680664,31.999723434448242,10.201465606689453,5.194243907928467,11.21381950378418,3.54065203666687,8.774861335754395,-0.38078293204307556,14.236771583557129,3.3546481132507324,8.39819049835205,-11.09874153137207,11.017263412475586,0.47231075167655945,8.90832233428955,0.2432505339384079,10.71734619140625,-5.008943557739258,11.330156326293945,-1.8036108016967773,7.5946502685546875,-0.0739923045039177,5.62064266204834,-6.041140556335449,5.639540672302246,-2.2914273738861084,6.031432628631592,-5.856011390686035,4.646164894104004,0.9291982054710388,4.465969562530518,-5.465622425079346,7.051907539367676,-6.224785804748535,7.166874408721924,-0.06942644715309143,9.310392379760742,-0.12795306742191315,4.032413959503174,-0.10888784378767014,2.909961700439453,0.11827918142080307,1.8275551795959473,0.051912952214479446,1.516749620437622,-0.017743375152349472,1.5520703792572021,-0.09812954068183899,1.8138304948806763,-0.12239737063646317,1.1828091144561768,0.06893493235111237,1.972021222114563,0.032294560223817825,1.2146257162094116,-0.03927919641137123,1.4469295740127563,-0.1897253692150116,1.731302261352539,-0.06862112879753113,1.2487804889678955,-0.03038383461534977,0.963575541973114,-0.025598498061299324,1.0057085752487183,-0.039717771112918854,0.9116397500038147,-0.014344925992190838,0.8694636225700378,-0.006427306681871414,0.6923502087593079,0.01145081128925085,1.2799144983291626,0.07767996937036514,1.1627693176269531,1759.2056884765625,564.4558715820312,2346.0693359375,446.0496826171875,3964.701416015625,1595.513427734375,7264.9638671875,1330.30810546875,0.00768660381436348,0.013098807074129581,13.973565101623535,4.696237564086914,15.439260482788086,5.60640287399292,19.78575897216797,4.985692501068115,24.78987693786621,4.441927433013916,24.503902435302734,3.9514987468719482,22.306291580200195,3.704528570175171,21.382232666015625,3.7172365188598633,0.0631578266620636,0.022426338866353035,0.10531844943761826,0.05383632332086563,0.0028097827453166246,0.008592609316110611
bonafide_8,James May - All Souls Moon,47,117.5,0,Bona-fide (Human),-166.15646362304688,54.147911071777344,106.49588775634766,25.53192710876465,31.19182586669922,14.384939193725586,32.474578857421875,11.290298461914062,8.798088073730469,10.872124671936035,10.213744163513184,6.781955718994141,8.043522834777832,10.210060119628906,8.0196533203125,6.762356281280518,-1.03434419631958,10.766044616699219,3.637080192565918,7.003087520599365,-1.029998779296875,7.946982383728027,-3.5271284580230713,8.263445854187012,-5.075372695922852,5.777867317199707,-0.27603793144226074,5.483139991760254,-4.070599555969238,5.026948928833008,-1.7196593284606934,6.2051520347595215,-5.165039539337158,6.5847554206848145,1.6135880947113037,5.081965923309326,-1.2462594509124756,6.4972920417785645,1.930092453956604,8.15572452545166,-0.36472591757774353,11.108989715576172,-0.13147558271884918,4.716383934020996,0.0792093276977539,2.9565086364746094,0.18021929264068604,2.0564470291137695,-0.04280998185276985,1.9331142902374268,0.06352805346250534,1.3169337511062622,0.03522220253944397,1.5961077213287354,0.07211019843816757,1.261842131614685,0.13660413026809692,1.7784905433654785,0.017272066324949265,1.1548844575881958,-0.1221090629696846,1.3035472631454468,-0.0036981182638555765,1.3936281204223633,-0.08101482689380646,1.1525542736053467,0.012398743070662022,1.114253044128418,0.010006153956055641,0.8871781229972839,0.10882953554391861,0.9535001516342163,0.15242627263069153,1.1185696125030518,0.03774360939860344,0.8377822041511536,-0.04446987435221672,0.9481178522109985,0.008229264058172703,1.1258153915405273,1780.20849609375,686.4534301757812,2461.18896484375,482.6845397949219,4088.46728515625,1890.3748779296875,7579.587890625,1502.6796875,0.009663762524724007,0.015515442937612534,15.611400604248047,4.521205425262451,10.332213401794434,3.806067705154419,17.595504760742188,4.386215686798096,23.06317710876465,4.432831287384033,22.300817489624023,3.8699357509613037,20.558320999145508,3.7679829597473145,19.08536148071289,2.8905727863311768,0.05850784853100777,0.02626672200858593,0.12207983434200287,0.07004983723163605,0.0026218448765575886,0.005226869136095047
bonafide_8,James May - All Souls Moon,50,125.0,0,Bona-fide (Human),-171.33883666992188,50.285560607910156,114.74398803710938,30.07098388671875,28.79836654663086,20.524051666259766,29.199663162231445,10.163928985595703,4.079251766204834,10.931621551513672,4.264536380767822,10.351668357849121,6.3971710205078125,8.070347785949707,6.2568745613098145,8.235615730285645,-7.477657318115234,10.3524808883667,0.8145767450332642,9.07297420501709,-0.06871004402637482,9.344769477844238,0.03132445737719536,9.017688751220703,0.2388390749692917,8.217412948608398,3.4956114292144775,6.689206600189209,-2.881136894226074,6.1046977043151855,1.2052453756332397,7.022469520568848,-4.499858379364014,6.682637691497803,-0.6819136142730713,5.141756534576416,-5.345245361328125,5.111823081970215,-3.9738378524780273,5.287247180938721,-1.0724968910217285,11.148221969604492,0.3156289756298065,6.400620937347412,0.2922609746456146,4.107636451721191,0.18615920841693878,1.998422384262085,0.007150791119784117,2.103128671646118,0.017194624990224838,1.9512381553649902,0.04237889498472214,1.3207612037658691,0.022325055673718452,1.5168808698654175,-0.06346651911735535,1.7798699140548706,-0.02305077575147152,1.4266897439956665,-0.05899748578667641,1.5080424547195435,0.08366721868515015,1.5881129503250122,0.10476398468017578,1.3720037937164307,-0.08731435984373093,1.0559061765670776,-0.026628002524375916,0.8631798624992371,-0.04179411008954048,1.1677968502044678,0.018251335248351097,0.973243236541748,-0.03146512061357498,0.9463904500007629,-0.010509961284697056,0.8606622219085693,0.03490133211016655,0.860213577747345,1730.9820556640625,851.2932739257812,2319.847900390625,496.96759033203125,3700.470947265625,1963.7384033203125,7155.70263671875,1569.8328857421875,0.011513067409396172,0.023453569039702415,15.228412628173828,5.010674476623535,12.717089653015137,4.700382709503174,18.83649253845215,4.6844801902771,24.265295028686523,4.545389652252197,25.120176315307617,4.796611309051514,21.442359924316406,3.757272481918335,20.07189178466797,3.393803119659424,0.06780780106782913,0.05140859633684158,0.10872367769479752,0.05631711706519127,0.005145141389220953,0.015567830763757229
bonafide_8,James May - All Souls Moon,53,132.5,0,Bona-fide (Human),-203.55368041992188,56.58322525024414,116.98943328857422,29.72391700744629,38.00817108154297,17.275056838989258,28.223249435424805,9.600590705871582,7.142699241638184,10.443862915039062,8.237499237060547,9.131684303283691,5.702047824859619,9.784812927246094,7.494823455810547,7.005528926849365,-3.4505841732025146,10.174975395202637,-2.2105555534362793,7.878098487854004,-7.200702667236328,8.689522743225098,-1.8048330545425415,7.472006797790527,-4.284643173217773,7.353773593902588,-5.312753200531006,4.945202350616455,-7.317373275756836,5.361424922943115,-2.235426902770996,6.77500057220459,-3.97312068939209,6.0724968910217285,2.3656187057495117,6.27879524230957,-2.8205714225769043,5.630234718322754,-1.0124549865722656,6.760844707489014,-0.42559102177619934,9.316624641418457,-0.2068677842617035,5.691878318786621,0.4467613101005554,3.0954885482788086,-0.20481941103935242,2.0179433822631836,0.015131994150578976,1.4562046527862549,0.15924113988876343,1.2432208061218262,0.19579671323299408,1.463630199432373,0.055574506521224976,1.1478710174560547,0.07835333794355392,1.40378737449646,-0.012773014605045319,1.325061321258545,0.01821107417345047,1.2416623830795288,0.14098861813545227,1.4411265850067139,-0.05274275317788124,1.0667777061462402,0.035664234310388565,0.8853948712348938,-0.030264506116509438,1.1173580884933472,-0.04198826849460602,1.0231413841247559,0.12280713021755219,1.1911741495132446,0.03650900721549988,1.0383509397506714,-0.09626933187246323,0.9939976930618286,0.014970974065363407,1.0292513370513916,1637.560546875,791.8464965820312,2366.21533203125,569.4099731445312,3677.143310546875,2199.493408203125,7163.97705078125,1825.9549560546875,0.009063886478543282,0.019938182085752487,15.552221298217773,4.945323944091797,13.762103080749512,4.176675319671631,18.271888732910156,4.830948352813721,23.57018280029297,4.750497817993164,22.00031852722168,4.085355758666992,20.106836318969727,3.4620909690856934,18.78053092956543,2.846350908279419,0.052519623190164566,0.03352702036499977,0.08879616856575012,0.05152728036046028,0.0038912901654839516,0.011594410985708237
bonafide_8,James May - All Souls Moon,56,140.0,0,Bona-fide (Human),-229.9973602294922,53.23008346557617,126.18206024169922,32.544776916503906,45.34380340576172,13.984126091003418,36.89176940917969,10.193912506103516,24.771982192993164,7.903454780578613,15.230649948120117,7.980905532836914,4.04921817779541,8.87532901763916,5.950143814086914,6.647683620452881,4.6110100746154785,8.256638526916504,-0.11641214787960052,6.330816745758057,-3.9912846088409424,5.192284107208252,-4.586827278137207,5.64088249206543,-9.308022499084473,5.956267356872559,-1.9117028713226318,6.611471176147461,-4.649478912353516,5.292477607727051,0.8472777605056763,5.671686172485352,0.430511474609375,5.039680480957031,8.127577781677246,7.476232051849365,-0.10607535392045975,5.816867351531982,2.764460563659668,7.815325736999512,-0.16567008197307587,11.50475025177002,0.24245890974998474,5.954366683959961,-0.03162278234958649,2.6238698959350586,0.05984141305088997,1.606449842453003,0.016047485172748566,1.3133635520935059,-0.0023416434414684772,1.1458879709243774,-0.02380339242517948,1.5040611028671265,0.0008743912912905216,1.1568514108657837,0.07817215472459793,1.2000011205673218,0.042190078645944595,1.0160043239593506,0.014908872544765472,0.8212050795555115,0.048430778086185455,0.9270752668380737,0.0018227365799248219,1.1010079383850098,0.021140718832612038,1.063644289970398,-0.002602076157927513,0.9565097093582153,-0.019689438864588737,1.034777283668518,-0.008177166804671288,0.7681352496147156,-0.04266534373164177,1.1875941753387451,-0.015681114047765732,1.0904407501220703,0.014767097309231758,1.2092870473861694,1271.7298583984375,646.163330078125,2151.815673828125,663.6954956054688,2789.995361328125,2230.240966796875,6187.80517578125,2548.02685546875,0.003266820916905999,0.006920474115759134,19.965843200683594,4.936108112335205,13.01025676727295,3.9464128017425537,19.55281639099121,4.580928325653076,25.59033203125,5.79923152923584,22.533035278320312,4.62075662612915,22.34478187561035,4.294764995574951,19.104965209960938,3.5206100940704346,0.0355156809091568,0.015599970705807209,0.10451894253492355,0.0529932901263237,0.001336783985607326,0.002394193783402443
bonafide_8,James May - All Souls Moon,59,147.5,0,Bona-fide (Human),-217.26414489746094,60.64484786987305,120.62059020996094,26.758094787597656,42.79075241088867,13.93909740447998,42.27674865722656,9.690374374389648,25.633316040039062,8.927549362182617,16.283964157104492,6.0529866218566895,5.734783172607422,7.517453193664551,4.3289031982421875,7.281112194061279,1.4342539310455322,7.045582294464111,-1.7461529970169067,6.6472978591918945,-3.1353182792663574,4.506961345672607,0.20056943595409393,7.069686412811279,-4.830686092376709,5.512631893157959,-3.133324146270752,5.808387279510498,-5.8342061042785645,6.067596435546875,-2.902111291885376,8.31648063659668,-0.17021338641643524,6.127830505371094,9.546497344970703,7.090025424957275,-4.126603603363037,5.862727642059326,-5.613961696624756,6.3783464431762695,0.2137737274169922,12.971644401550293,-0.27570080757141113,5.68452787399292,0.09783407300710678,2.7761929035186768,0.117177814245224,1.9354690313339233,-0.011088618077337742,1.5774842500686646,0.07125168293714523,0.9190196990966797,0.06595019996166229,1.3201340436935425,0.01062334980815649,1.274845838546753,0.000744007236789912,1.1698054075241089,0.0646727904677391,1.1224734783172607,-0.02318722940981388,0.7212788462638855,-0.022866418585181236,1.1703758239746094,-0.007362381089478731,1.0485095977783203,0.006094146519899368,0.9601635932922363,-0.0003148019313812256,0.8458279967308044,0.05328191816806793,1.0292375087738037,0.012285749427974224,0.8633784055709839,-0.04227213189005852,1.201417088508606,-0.02990274503827095,0.9245717525482178,-0.005515060853213072,1.1209709644317627,1262.160400390625,667.5607299804688,2143.523681640625,609.3430786132812,2658.85205078125,2183.409912109375,6218.80908203125,2174.903076171875,0.0038863802328705788,0.009040940552949905,20.335107803344727,4.599369525909424,11.63681411743164,3.972339391708374,18.779674530029297,4.5127081871032715,24.076080322265625,5.796555995941162,22.170839309692383,5.134959697723389,22.291318893432617,4.480513572692871,19.109355926513672,3.1627373695373535,0.0315958671271801,0.014958641491830349,0.1238861083984375,0.06394052505493164,0.001361284521408379,0.003464234061539173
bonafide_8,James May - All Souls Moon,62,155.0,0,Bona-fide (Human),-240.40367126464844,64.13886260986328,121.72010803222656,32.20166778564453,49.80034637451172,14.578550338745117,37.431488037109375,7.493919372558594,27.274147033691406,8.954273223876953,14.543025016784668,7.6263508796691895,4.201885223388672,7.521438121795654,4.660789966583252,7.199550628662109,4.901177406311035,7.458902359008789,4.082784652709961,6.580399990081787,-3.87052321434021,6.2630934715271,-3.823456048965454,5.41969108581543,-8.768318176269531,6.222062110900879,-1.745361089706421,6.405418872833252,-3.3514926433563232,5.967127799987793,1.6579992771148682,7.379912853240967,-3.468792676925659,5.6382646560668945,5.7526469230651855,7.200343608856201,0.03621334955096245,5.673075199127197,1.5656630992889404,6.935897350311279,-1.0972399711608887,14.406349182128906,0.5275521874427795,6.5938591957092285,0.0012603247305378318,2.4541144371032715,0.11808314174413681,1.600103497505188,0.13638536632061005,1.591980218887329,0.08390946686267853,1.2029169797897339,0.005851383786648512,1.1935524940490723,0.036027371883392334,1.2227143049240112,0.06127166748046875,1.2241288423538208,0.0029726822394877672,0.9832637310028076,0.05349402502179146,0.9296314716339111,-0.04645700007677078,1.1457533836364746,-0.0381978303194046,1.0963600873947144,-0.01009105984121561,0.9833648204803467,0.03471033647656441,0.909450352191925,-0.027818841859698296,1.1246352195739746,-0.03387072682380676,0.9351325631141663,-0.013424153439700603,1.1996885538101196,0.011729996651411057,1.0474971532821655,0.020782683044672012,1.1289234161376953,1303.4122314453125,765.1553344726562,2173.154541015625,706.6607666015625,2800.01416015625,2462.144287109375,6132.72607421875,2763.904541015625,0.004659237805753946,0.010875355452299118,19.355695724487305,4.724036693572998,14.569931030273438,4.096329689025879,20.541494369506836,4.820359706878662,26.045181274414062,5.639183044433594,22.818315505981445,4.977381706237793,21.9594783782959,4.2337846755981445,17.924097061157227,3.1046791076660156,0.0354342982172966,0.019258614629507065,0.10430038720369339,0.05523443594574928,0.0019120790529996157,0.004465141333639622
bonafide_8,James May - All Souls Moon,65,162.5,0,Bona-fide (Human),-211.0616912841797,54.591670989990234,120.45193481445312,22.273757934570312,49.12288284301758,12.999441146850586,36.81183624267578,10.03559684753418,14.691303253173828,8.083251953125,13.309428215026855,6.905326843261719,7.896549224853516,8.992286682128906,3.414483070373535,6.90216064453125,-2.7015106678009033,6.007831573486328,-0.7636340260505676,6.740757465362549,-4.002337455749512,5.596773147583008,-2.8413572311401367,5.485493183135986,-6.304165840148926,5.706838130950928,0.34081530570983887,8.553325653076172,-5.250649929046631,6.351294994354248,-1.6578104496002197,6.58185338973999,-3.986604928970337,7.897251605987549,5.222585678100586,9.610764503479004,-1.8826286792755127,6.899597644805908,-6.551245212554932,6.763217926025391,0.8129931688308716,12.212267875671387,-0.21751631796360016,5.114693641662598,0.10938960313796997,2.236649990081787,0.0023442881647497416,1.7322618961334229,0.035964712500572205,1.1244417428970337,0.13676169514656067,1.215116262435913,0.0973515585064888,1.4545551538467407,0.09106288105249405,1.2008388042449951,0.09015092253684998,0.9262956380844116,0.08441446721553802,1.064008116722107,0.09714613109827042,1.031704068183899,0.10751477628946304,1.1248050928115845,0.05301642790436745,1.0281349420547485,-0.035746049135923386,1.324196219444275,-0.02467208355665207,0.7588275671005249,0.038251910358667374,1.1719962358474731,0.012623255141079426,1.2176555395126343,-0.008511071093380451,1.2127318382263184,-0.0168538186699152,1.0550825595855713,-0.05071596801280975,1.1723401546478271,1310.728759765625,578.3017578125,2225.572509765625,521.9356079101562,2703.314208984375,2064.61474609375,6722.74560546875,1781.4412841796875,0.0038116183131933212,0.008293269202113152,20.55681800842285,4.797430515289307,12.782830238342285,4.677704334259033,20.291385650634766,5.291821479797363,24.494121551513672,5.38585090637207,22.56365394592285,4.527676105499268,20.679134368896484,4.08121919631958,18.637117385864258,3.0544652938842773,0.03437183424830437,0.013814576901495457,0.12082530558109283,0.0574275441467762,0.001191951334476471,0.0026287613436579704
bonafide_8,James May - All Souls Moon,68,170.0,0,Bona-fide (Human),-241.91229248046875,67.32501220703125,91.39471435546875,30.617155075073242,38.84798812866211,21.875829696655273,36.08658218383789,16.625532150268555,17.751815795898438,16.53510284423828,10.590240478515625,13.411951065063477,6.734309673309326,10.438255310058594,6.642657279968262,10.9969482421875,-7.1479878425598145,14.141691207885742,0.3959257900714874,11.29930591583252,-3.0284745693206787,8.556154251098633,-5.879472732543945,8.70643424987793,-4.570341110229492,9.498835563659668,-3.1383848190307617,5.888688564300537,-6.016724109649658,5.938999176025391,0.893101155757904,6.365139484405518,0.39917853474617004,6.165598392486572,8.376748085021973,7.370882034301758,-1.9210984706878662,6.306373119354248,-6.724979877471924,7.225916862487793,0.7778757810592651,10.638545989990234,0.011084282770752907,6.521509170532227,-0.4089702367782593,3.5876169204711914,-0.23124989867210388,2.502415180206299,-0.17972861230373383,2.4613404273986816,-0.06578540802001953,2.421372652053833,-0.08298241347074509,1.7548199892044067,0.03786833956837654,1.7316373586654663,-0.09227047860622406,2.158247947692871,0.1427994817495346,1.6995391845703125,0.15694569051265717,1.2247036695480347,-0.018280409276485443,1.324928641319275,0.022000344470143318,1.6410094499588013,-0.027298983186483383,1.054624319076538,-0.002988924505189061,1.077614665031433,-0.023101165890693665,1.1577720642089844,-0.05850804224610329,1.1977189779281616,-0.04815371334552765,1.1784813404083252,0.014430205337703228,0.8471387624740601,-0.00031692010816186666,1.3401864767074585,2043.1256103515625,1081.534912109375,2622.012939453125,596.7088623046875,4655.9072265625,2541.27490234375,7888.82861328125,1646.5455322265625,0.012956422753632069,0.026729963719844818,16.221097946166992,4.686681270599365,14.671808242797852,5.184075832366943,21.124235153198242,4.7841668128967285,24.713029861450195,5.15571403503418,23.520261764526367,5.041364669799805,20.750349044799805,4.117661952972412,18.629194259643555,2.954054832458496,0.0637546107172966,0.061273884028196335,0.07284381985664368,0.046845950186252594,0.009729946032166481,0.024990158155560493
bonafide_8,James May - All Souls Moon,71,177.5,0,Bona-fide (Human),-223.56741333007812,57.09060287475586,99.6005859375,37.62367630004883,36.10698699951172,20.616430282592773,37.81890106201172,15.490703582763672,19.376474380493164,13.616192817687988,10.401744842529297,11.116055488586426,4.198216915130615,12.115246772766113,8.219298362731934,10.306336402893066,-4.0626139640808105,10.17263126373291,-1.8805307149887085,9.016605377197266,-1.1865968704223633,7.810271263122559,-5.518503189086914,7.969433784484863,-5.675588130950928,8.74691104888916,-2.734755277633667,4.88796329498291,-7.628045082092285,6.109509468078613,-0.300094872713089,8.419456481933594,-5.169253349304199,6.655744552612305,3.532205581665039,6.780543804168701,0.4785458743572235,8.089090347290039,0.7277981638908386,9.063706398010254,0.9231072664260864,11.81866455078125,-0.0578492134809494,8.020001411437988,0.031002460047602654,3.8896994590759277,0.04855770245194435,2.877943754196167,-0.2473658323287964,2.4728925228118896,-0.16342255473136902,2.4025464057922363,-0.08817706257104874,1.840819239616394,-0.001259578624740243,1.68112051486969,-0.1348976045846939,1.6026238203048706,-0.06363587081432343,1.519620656967163,0.0031368446070700884,1.2921714782714844,-0.08550184965133667,1.279213786125183,0.019265783950686455,1.4133422374725342,0.03294885903596878,0.9679039716720581,0.024303307756781578,1.215266466140747,-0.09772872924804688,1.4273394346237183,0.001678263652138412,0.9825952649116516,0.006773744244128466,1.0179811716079712,0.01688632182776928,1.2632510662078857,0.015186725184321404,1.261474847793579,2004.9290771484375,1089.3944091796875,2553.07470703125,648.3236694335938,4494.5078125,2560.931396484375,7664.6240234375,1849.867431640625,0.013504447415471077,0.026537831872701645,14.899191856384277,4.729648590087891,15.387743949890137,4.102901458740234,19.20720863342285,4.300783157348633,23.869165420532227,4.83775520324707,21.619789123535156,4.383716583251953,20.780973434448242,4.171884059906006,19.535001754760742,3.411188840866089,0.06929750740528107,0.061946410685777664,0.06785304844379425,0.024773485958576202,0.008369045332074165,0.017795924097299576
bonafide_8,James May - All Souls Moon,74,185.0,0,Bona-fide (Human),-171.7779998779297,49.742740631103516,95.75440979003906,28.946863174438477,28.31937599182129,16.829456329345703,37.49295425415039,13.719622611999512,11.964882850646973,13.621996879577637,9.694978713989258,12.72078800201416,0.634534478187561,11.758790016174316,2.6704607009887695,7.126881122589111,-8.88695240020752,10.073346138000488,1.5700972080230713,11.937036514282227,-4.477465629577637,9.470683097839355,-4.866580009460449,8.968683242797852,-2.060746669769287,7.342430591583252,-9.530750274658203,6.940891265869141,-5.96527099609375,6.569787979125977,3.334899425506592,5.738765239715576,5.210641860961914,9.272330284118652,11.508442878723145,10.853705406188965,-3.350771903991699,7.223199367523193,-7.359360694885254,4.86338472366333,-0.0660659670829773,8.974771499633789,0.2695455253124237,5.81052303314209,-0.2882966697216034,3.3411481380462646,0.134804829955101,2.544764518737793,-0.11356328427791595,2.367480754852295,0.06010084226727486,2.019327402114868,-0.10147901624441147,1.717767596244812,0.09607907384634018,1.2717981338500977,0.03214037045836449,1.9367425441741943,-0.04994729533791542,1.7476760149002075,0.10498121380805969,1.3267691135406494,-0.09433425217866898,1.6625933647155762,0.02469136007130146,1.3530737161636353,-0.033207572996616364,1.1415530443191528,0.003318874863907695,1.263220191001892,0.06413396447896957,1.0111088752746582,0.030708303675055504,1.165250301361084,0.06877385824918747,1.5858895778656006,-0.02376161515712738,1.2883926630020142,0.011757118627429008,0.7947410941123962,2023.3629150390625,858.24755859375,2531.58837890625,468.63275146484375,4647.732421875,1874.2840576171875,7759.47998046875,1367.9578857421875,0.013208495453000069,0.025776183232665062,13.807442665100098,5.086561679840088,12.946488380432129,4.5709547996521,19.717180252075195,4.350191116333008,24.780729293823242,4.3957648277282715,23.777999877929688,4.642623424530029,22.099058151245117,3.855133533477783,20.39617156982422,3.15549635887146,0.07519305497407913,0.06259608268737793,0.10022956132888794,0.04529649764299393,0.005453199148178101,0.013122942298650742
bonafide_8,James May - All Souls Moon,77,192.5,0,Bona-fide (Human),-187.00164794921875,56.5468864440918,105.70872497558594,32.16136169433594,29.035329818725586,17.33714485168457,32.428443908691406,11.415348052978516,8.34068775177002,16.274799346923828,3.8931665420532227,11.724099159240723,1.084511637687683,9.519177436828613,6.468048572540283,8.79277229309082,-2.69052791595459,8.700733184814453,-0.5741074085235596,7.506053447723389,-6.587809085845947,7.17725133895874,-7.838897705078125,9.640287399291992,-2.0203135013580322,7.3751139640808105,-0.6789937615394592,6.354211807250977,-2.7608370780944824,5.528346061706543,-1.3985214233398438,4.59074592590332,-4.723994255065918,6.6871418952941895,3.9251534938812256,4.977508068084717,-4.243349075317383,6.025417327880859,-4.004680156707764,4.336109161376953,0.3221529424190521,10.754115104675293,-0.38175711035728455,7.187149524688721,0.15288352966308594,3.2339136600494385,-0.045029062777757645,2.194444179534912,-0.027314918115735054,3.007229804992676,0.06967878341674805,2.1459641456604004,0.07044526934623718,1.4033000469207764,-0.06730713695287704,1.5351976156234741,-0.04061534255743027,1.6612075567245483,-0.05078945308923721,1.1416476964950562,-0.01986914873123169,1.0835365056991577,0.04288988932967186,1.632676601409912,0.10121244192123413,1.0691319704055786,0.018430819734930992,1.1980705261230469,-0.021231720224022865,0.9815604090690613,0.03932349011301994,0.7814411520957947,-0.04717981442809105,1.1489949226379395,0.008097413927316666,0.7418397068977356,0.013428349047899246,0.9726058840751648,-0.03787725418806076,0.873662531375885,1995.53759765625,1111.238037109375,2480.38330078125,594.5396728515625,4337.744140625,2321.98095703125,7536.8203125,1634.6971435546875,0.018223993480205536,0.03305960074067116,15.15037727355957,4.6754255294799805,13.791494369506836,4.3522491455078125,18.239694595336914,4.119114875793457,23.42517852783203,5.383464336395264,23.565750122070312,5.194408893585205,21.498598098754883,3.725743055343628,19.73762321472168,3.4195311069488525,0.07694950699806213,0.06737260520458221,0.09009567648172379,0.049574241042137146,0.015368307940661907,0.04997725039720535
bonafide_8,James May - All Souls Moon,80,200.0,0,Bona-fide (Human),-198.69837951660156,68.56700897216797,103.95305633544922,33.35183334350586,36.88203811645508,15.611482620239258,38.841407775878906,10.157820701599121,2.1180341243743896,16.94163703918457,6.010156154632568,12.753503799438477,6.39580774307251,10.49620532989502,7.612224578857422,9.820520401000977,-4.741692543029785,11.387267112731934,3.7646284103393555,7.053751468658447,-1.6177186965942383,9.096028327941895,-5.62945032119751,10.116342544555664,-3.553541421890259,9.404630661010742,-0.8456169962882996,6.029782295227051,-1.7259674072265625,5.020881652832031,-0.3989204168319702,5.611577987670898,-2.1976101398468018,4.163710117340088,5.243943214416504,5.365384578704834,-3.828641176223755,6.602749824523926,-3.031153440475464,5.4205474853515625,0.06573363393545151,9.8308687210083,-0.11095286160707474,6.189380168914795,0.0680781900882721,2.8318214416503906,0.047086600214242935,1.6092066764831543,-0.20148375630378723,2.6480965614318848,-0.04888676106929779,2.4150404930114746,0.03413110226392746,1.6371424198150635,0.09838175028562546,1.4727340936660767,-0.081815205514431,1.8611758947372437,-0.04726380854845047,1.3227146863937378,0.02967788465321064,1.2301875352859497,-0.08625664561986923,1.3673293590545654,0.12131603807210922,1.3255561590194702,0.007925708778202534,1.0312334299087524,-0.035347070544958115,0.8510108590126038,-0.02386402152478695,0.7872585654258728,-0.01871788315474987,0.7481583952903748,0.05649258568882942,1.036447525024414,0.04633088782429695,0.9946585297584534,-0.010042614303529263,0.8001982569694519,1821.801513671875,930.7315673828125,2397.40478515625,532.5472412109375,4040.017578125,2176.888671875,7324.728515625,1636.47216796875,0.01422063261270523,0.03467639163136482,15.739974975585938,5.140637397766113,14.959344863891602,4.137716293334961,20.525732040405273,5.062943458557129,25.094480514526367,4.110140323638916,23.9864501953125,5.114339351654053,20.957435607910156,3.860820770263672,19.520200729370117,3.533224582672119,0.06333640962839127,0.056886088103055954,0.10380960255861282,0.06666186451911926,0.006705462001264095,0.020823506638407707
bonafide_8,James May - All Souls Moon,83,207.5,0,Bona-fide (Human),-222.9322509765625,57.3709716796875,115.62670135498047,24.286258697509766,26.818843841552734,11.194546699523926,34.57392883300781,10.389511108398438,13.205086708068848,10.570501327514648,12.26799201965332,7.88822078704834,8.990556716918945,6.335099220275879,5.662136554718018,6.9122772216796875,2.3372347354888916,6.937297344207764,-2.6510283946990967,8.160398483276367,-6.608981609344482,5.257562160491943,1.718183994293213,6.154183864593506,-5.338451385498047,8.166976928710938,-0.44274017214775085,7.245883464813232,0.4909481406211853,8.953840255737305,0.8203534483909607,9.359332084655762,-1.1646840572357178,8.147860527038574,5.056004047393799,12.020883560180664,-0.6236119270324707,14.890351295471191,-5.768218040466309,9.588590621948242,-0.12311454862356186,12.020331382751465,-0.05203169211745262,4.594126224517822,-0.04208612069487572,2.2445387840270996,-0.010868853889405727,2.127657890319824,-0.021436281502246857,1.4603909254074097,-0.06036597117781639,1.265726923942566,-0.04463109001517296,1.1160887479782104,0.003972867038100958,1.0675283670425415,0.02080392837524414,1.0251840353012085,-0.003839300712570548,1.1253182888031006,0.052402038127183914,0.9098920822143555,0.02523532696068287,1.01204252243042,-0.007490069605410099,1.2436672449111938,-0.0010459688492119312,1.107434630393982,-0.00981142744421959,1.1133803129196167,-0.10148510336875916,1.1417672634124756,-0.038594286888837814,1.1000218391418457,0.02750439941883087,1.2160747051239014,-0.024249305948615074,1.4694052934646606,0.0038990136235952377,1.4201468229293823,1563.8756103515625,663.4578247070312,2192.063232421875,636.366455078125,3531.146240234375,1924.697998046875,6570.81689453125,2232.349365234375,0.00825499091297388,0.02044193632900715,18.312501907348633,5.512391090393066,10.9744291305542,3.4422552585601807,18.42140769958496,4.720793724060059,24.12248992919922,5.803899765014648,27.399484634399414,5.568613529205322,26.607160568237305,5.896172046661377,22.48430633544922,5.144990921020508,0.068115234375,0.025807194411754608,0.07356533408164978,0.05113723874092102,0.002699189819395542,0.006497992668300867
bonafide_8,James May - All Souls Moon,86,215.0,0,Bona-fide (Human),-581.4627685546875,95.8050537109375,133.52545166015625,16.868568420410156,52.206783294677734,27.597230911254883,58.7470703125,8.735724449157715,36.41240692138672,11.58068561553955,27.794118881225586,6.625488758087158,21.984102249145508,5.105004787445068,15.356757164001465,5.0509443283081055,10.322239875793457,4.480696201324463,8.65412712097168,3.8614113330841064,3.1328186988830566,6.054134845733643,-0.5146775841712952,4.343347549438477,-8.33880615234375,5.474364280700684,-3.2087841033935547,3.9419209957122803,-1.3099113702774048,3.471817970275879,2.6098086833953857,4.446010112762451,0.14651700854301453,3.955885648727417,-7.563638210296631,4.702752113342285,-10.354363441467285,3.0231668949127197,-1.2731623649597168,4.038332939147949,-1.368412733078003,2.61582612991333,-0.16687904298305511,1.6107232570648193,0.1420324742794037,1.1815783977508545,-0.10692616552114487,0.8507335186004639,0.07608752697706223,0.6349195241928101,0.03675621375441551,0.641142725944519,0.037862371653318405,0.6119604706764221,0.04160585626959801,0.5987513661384583,-0.01593303307890892,0.6070754528045654,0.037982869893312454,0.5847301483154297,0.052512239664793015,0.6214905381202698,0.016973240301012993,0.6740062832832336,0.07794632762670517,0.5918166041374207,0.029853863641619682,0.5638425350189209,-0.008897601626813412,0.6360268592834473,-0.03603927046060562,0.6220733523368835,0.00834827870130539,0.5570510029792786,0.06089036166667938,0.5726818442344666,0.05421319231390953,0.5453157424926758,0.010789906606078148,0.5434921383857727,489.0866394042969,219.59832763671875,1211.0784912109375,309.6568603515625,592.0135498046875,624.8207397460938,2221.758056640625,1620.8546142578125,9.97247698251158e-05,0.00027002993738278747,21.96184730529785,4.373296737670898,10.289924621582031,1.851574420928955,20.654184341430664,3.4556307792663574,22.162080764770508,4.013842582702637,19.24015235900879,4.791498184204102,19.605274200439453,4.964343070983887,19.506345748901367,4.806057453155518,0.0138414166867733,0.009556485339999199,0.011113890446722507,0.007436205167323351,1.3773452337773051e-05,3.1934305297909304e-05
bonafide_9,Johnny Lokke - Promises & Lies,0,0.0,0,Bona-fide (Human),-295.408935546875,239.73513793945312,79.55484008789062,52.87195587158203,-59.71560287475586,38.98688507080078,42.37643051147461,28.133214950561523,-29.079843521118164,19.597766876220703,10.791899681091309,8.473480224609375,-8.493979454040527,7.389998435974121,2.8357574939727783,4.250672817230225,-2.8754239082336426,4.349118232727051,-0.22657102346420288,3.7783024311065674,-2.8434648513793945,4.027353763580322,-5.196483612060547,4.469669342041016,-0.39684733748435974,3.500560760498047,-6.600202560424805,5.548267841339111,-2.7391576766967773,3.1912624835968018,-6.103610515594482,5.044607162475586,-7.998199462890625,6.271132469177246,0.1152871623635292,3.8716719150543213,-3.60662579536438,4.089621067047119,-3.6034319400787354,4.1426568031311035,2.4045565128326416,13.021340370178223,0.6285971999168396,3.8707005977630615,-0.25470614433288574,2.4952571392059326,0.25980067253112793,1.6736317873001099,-0.09523730725049973,1.6618982553482056,0.04074091464281082,0.8482815623283386,0.0076519339345395565,0.9470025897026062,0.02885650284588337,0.7058261036872864,0.03388847038149834,0.7851815819740295,0.005549542140215635,0.7413744926452637,-0.02541741356253624,0.7656328082084656,-0.04809721186757088,0.5567855834960938,-0.02750098519027233,0.6464676856994629,-0.05550762638449669,0.7291200160980225,-0.030500752851366997,0.4314258396625519,-0.03784170001745224,0.5547668933868408,-0.036964014172554016,0.6036481261253357,0.008736636489629745,0.6081553101539612,-0.028810523450374603,0.5845463275909424,-0.0554279088973999,0.6375246644020081,1827.110595703125,1172.93896484375,1281.513671875,736.7183227539062,3167.27490234375,1883.16259765625,4209.04345703125,2461.104248046875,0.25889113545417786,0.42604321241378784,16.496049880981445,5.493735313415527,10.1033935546875,3.132474422454834,13.334559440612793,3.907198190689087,15.872464179992676,5.063948631286621,14.852066040039062,3.8792316913604736,14.183178901672363,2.6856231689453125,28.22745704650879,10.637198448181152,0.13214562833309174,0.0855756625533104,0.040322039276361465,0.0264215599745512,0.0002746583486441523,0.002390437526628375
bonafide_9,Johnny Lokke - Promises & Lies,3,7.5,0,Bona-fide (Human),-157.92103576660156,56.57767105102539,130.33119201660156,33.7590217590332,-83.31533813476562,16.904056549072266,55.074527740478516,17.457828521728516,-29.93062973022461,22.657861709594727,11.024070739746094,12.285050392150879,-7.665359020233154,7.402852535247803,4.029677867889404,6.863456726074219,-1.4169950485229492,5.56846284866333,0.8327254056930542,4.449646949768066,-3.6373331546783447,5.1422224044799805,-6.759875774383545,6.12284517288208,-1.5086561441421509,4.173704624176025,-7.441632270812988,5.669251918792725,-3.08022403717041,4.540211200714111,-5.690808296203613,5.434481620788574,-9.66796875,6.948777198791504,-1.3680498600006104,4.72914981842041,-4.757413387298584,4.586038112640381,-4.430964946746826,4.530685901641846,-1.6619290113449097,7.198426246643066,0.05041398108005524,3.7478151321411133,0.4502643942832947,3.1586272716522217,-0.3352225124835968,1.2728763818740845,0.22032813727855682,1.6690847873687744,-0.0018143124179914594,1.3301987648010254,0.03494653105735779,1.088963508605957,0.010518785566091537,0.9567117094993591,0.0434308759868145,1.0472955703735352,-0.00916395802050829,0.8517595529556274,0.003952781204134226,0.8400927782058716,0.046938207000494,0.9884257912635803,-0.0037548388354480267,0.7170926928520203,0.07452772557735443,0.8281593918800354,0.030239811167120934,0.7713918685913086,0.06420604139566422,0.8634811639785767,0.09654310345649719,0.8182995319366455,-0.009077511727809906,0.8209137320518494,-0.028056828305125237,0.8206437230110168,-0.022868512198328972,0.8715243339538574,2134.40185546875,476.77008056640625,1567.342529296875,241.07928466796875,3775.687744140625,721.9745483398438,5018.93115234375,894.2230834960938,0.00781316589564085,0.004658052232116461,19.671218872070312,5.7740302085876465,9.987419128417969,3.5171828269958496,14.557574272155762,4.246400833129883,17.12591552734375,4.453638076782227,15.905997276306152,2.889272451400757,15.199422836303711,2.0419230461120605,35.00163269042969,3.3097805976867676,0.15280716121196747,0.05025433003902435,0.05629660561680794,0.011984694749116898,2.3025653717922978e-05,1.5219588021864183e-05
bonafide_9,Johnny Lokke - Promises & Lies,7,17.5,0,Bona-fide (Human),-21.44649887084961,15.908388137817383,83.41331481933594,12.238740921020508,-29.085472106933594,9.817005157470703,38.80995178222656,6.3959856033325195,-0.9819599390029907,6.047651767730713,11.314396858215332,5.03884220123291,11.238509178161621,5.78810453414917,7.772497653961182,5.7793426513671875,7.278728008270264,4.892422676086426,8.684947967529297,5.762393474578857,3.468033790588379,5.663914680480957,5.32277774810791,6.129136562347412,2.4914021492004395,5.77979040145874,4.959144115447998,4.899292469024658,0.627306342124939,5.668674468994141,1.2395539283752441,4.735085487365723,-10.810261726379395,4.6768412590026855,2.10180926322937,5.055848121643066,-0.744171679019928,4.037106513977051,2.9745914936065674,4.059223651885986,0.136630117893219,2.914738655090332,0.09241971373558044,2.2491629123687744,-0.03259997069835663,1.717467188835144,-0.01599685288965702,1.3034276962280273,-0.06001729890704155,1.0725451707839966,-0.027232911437749863,0.9536407589912415,-0.0014340921770781279,1.0308082103729248,0.01769639365375042,1.02944016456604,0.014169585891067982,0.9418283700942993,-0.0014538831310346723,0.8705750107765198,-0.02130258083343506,0.9414008855819702,0.018065379932522774,1.2928720712661743,0.013843867927789688,0.9927390813827515,0.008712063543498516,0.9735701680183411,0.04150189459323883,0.9589515924453735,0.004316623788326979,0.915051281452179,0.021779706701636314,0.8797628283500671,0.0334993414580822,1.0155651569366455,0.025634026154875755,0.7524464130401611,0.01460297778248787,0.8080227375030518,2433.6748046875,275.2476501464844,2283.903564453125,144.4340057373047,4628.6416015625,429.68731689453125,7205.94677734375,706.880126953125,0.0342169813811779,0.01804031804203987,21.371253967285156,5.770196437835693,13.179265022277832,3.8216497898101807,15.81928539276123,3.8842880725860596,16.218360900878906,4.0680413246154785,16.24684715270996,2.8741447925567627,15.092260360717773,1.8400338888168335,22.8437557220459,1.7596396207809448,0.12091968953609467,0.03420998901128769,0.18261778354644775,0.04097861051559448,0.002285507507622242,0.0014873453183099627
bonafide_9,Johnny Lokke - Promises & Lies,11,27.5,0,Bona-fide (Human),-21.795766830444336,15.123825073242188,86.00222778320312,10.52129077911377,-29.007205963134766,10.392472267150879,39.08838653564453,6.726552963256836,-4.523748874664307,6.907684803009033,6.546730995178223,5.0078816413879395,7.05645227432251,5.30794095993042,5.906042098999023,5.4600911140441895,8.187261581420898,5.9496541023254395,10.069047927856445,6.853066921234131,7.468259811401367,6.535884857177734,10.422056198120117,6.2714009284973145,7.33201265335083,5.55649995803833,3.784362316131592,6.037549018859863,0.8259901404380798,7.257557392120361,0.7089966535568237,6.886254787445068,-9.079005241394043,4.993927478790283,3.5431840419769287,6.00439977645874,-0.7396408319473267,5.783299446105957,-0.27902743220329285,5.229888916015625,0.09707028418779373,2.75254225730896,0.021280646324157715,2.3913323879241943,0.03712432458996773,2.0384202003479004,-0.08466461300849915,1.469847321510315,-0.028613755479454994,1.2781263589859009,0.06935977190732956,0.9018468260765076,0.014854424633085728,0.9718160033226013,-0.00326295243576169,1.1593109369277954,-0.05337335914373398,1.1694306135177612,-0.02463414892554283,1.405992031097412,-0.0758853480219841,1.3107151985168457,-0.09929284453392029,1.3075952529907227,-0.03009428270161152,1.097259759902954,0.011887437663972378,1.2194453477859497,0.013169665820896626,1.5260645151138306,0.015452587977051735,1.4859429597854614,-0.002868056297302246,1.0049477815628052,-0.04660098999738693,1.2616548538208008,-0.05565554276108742,1.2693977355957031,-0.03756756708025932,1.054585337638855,2375.7412109375,261.91790771484375,2247.713623046875,155.3234100341797,4541.0634765625,416.732421875,6991.2626953125,745.109619140625,0.030708273872733116,0.016847727820277214,21.52887535095215,5.0584940910339355,13.29948902130127,3.9595935344696045,15.007149696350098,3.775252342224121,18.481529235839844,4.134547710418701,15.930654525756836,2.9086620807647705,15.864818572998047,2.1957240104675293,23.26659393310547,1.863105297088623,0.12074562162160873,0.033481474965810776,0.1880209743976593,0.0420050173997879,0.0018621725030243397,0.0013380112359300256
bonafide_9,Johnny Lokke - Promises & Lies,15,37.5,0,Bona-fide (Human),-8.477327346801758,19.53550910949707,87.19674682617188,15.123298645019531,-35.905364990234375,13.417499542236328,36.85568618774414,11.327255249023438,-4.853763103485107,7.000880718231201,8.114466667175293,6.684665203094482,10.725886344909668,8.751264572143555,16.118459701538086,6.917543888092041,6.80146598815918,6.5876874923706055,10.87559700012207,6.572605133056641,1.9597843885421753,6.873836994171143,3.447998285293579,5.733874320983887,2.0323407649993896,6.010728359222412,1.1243659257888794,6.3164873123168945,-2.226958751678467,6.2257843017578125,0.7872987389564514,5.897529602050781,-8.461833953857422,5.12954568862915,5.741782188415527,7.05539608001709,1.0251119136810303,8.219664573669434,3.067318916320801,6.2560811042785645,-0.004227850120514631,3.1967897415161133,0.0007956337067298591,2.024315118789673,-0.025318695232272148,1.969454288482666,0.03356711193919182,1.4951456785202026,0.11184516549110413,1.1823924779891968,-0.010698565281927586,1.0052956342697144,-0.027352236211299896,1.11320960521698,0.03405318036675453,1.2239384651184082,0.0031514433212578297,1.0596083402633667,0.11154717952013016,1.1686429977416992,0.0990542471408844,1.2107740640640259,0.00339480466209352,1.1734988689422607,0.0021229286212474108,1.0681147575378418,0.03265892341732979,1.213194489479065,0.04672343656420708,1.1199530363082886,0.0695795863866806,1.1055870056152344,0.04189581423997879,0.8701950907707214,0.07375601679086685,1.1328791379928589,0.014251040294766426,0.9584464430809021,0.01555858738720417,0.987909197807312,2363.201171875,285.2763977050781,2159.0380859375,186.9641876220703,4388.48681640625,504.4708557128906,6847.15966796875,772.3543701171875,0.027194932103157043,0.0155633594840765,21.70315933227539,5.664703845977783,12.73157787322998,3.7461485862731934,14.862944602966309,3.724329948425293,17.461078643798828,4.491199970245361,17.222660064697266,3.3002305030822754,16.92038345336914,2.9160094261169434,24.23819923400879,2.3600380420684814,0.12741653621196747,0.032282453030347824,0.22342650592327118,0.051690105348825455,0.0016544322716072202,0.001235859701409936
bonafide_9,Johnny Lokke - Promises & Lies,19,47.5,0,Bona-fide (Human),-19.471920013427734,18.78919219970703,78.65474700927734,10.486681938171387,-29.045068740844727,11.016493797302246,34.92838668823242,6.573357582092285,1.0837346315383911,8.208622932434082,7.816257953643799,6.395286560058594,5.836816787719727,8.134081840515137,11.981009483337402,7.133403301239014,12.871278762817383,8.09765911102295,14.716554641723633,7.206869125366211,2.857976198196411,5.205170154571533,5.285669326782227,5.740466117858887,1.4088996648788452,5.185544490814209,0.5306819677352905,6.290447235107422,-5.086632251739502,6.558666229248047,-0.17999239265918732,4.861608982086182,-5.470404624938965,6.288928985595703,10.18723201751709,6.932882785797119,2.0371172428131104,5.223544597625732,2.32566499710083,4.724361896514893,0.20314837992191315,3.85903000831604,0.10704230517148972,2.1529111862182617,0.013575130142271519,2.0338828563690186,-0.00553111219778657,1.3043338060379028,-0.0043539381586015224,1.5017465353012085,0.05581692233681679,1.0788664817810059,0.0531095452606678,1.2824569940567017,0.033909231424331665,1.41171133518219,-0.06183992326259613,1.15946364402771,-0.060815028846263885,1.2656655311584473,-0.027297506108880043,1.0123848915100098,-0.006951778195798397,1.1222878694534302,-0.010860200971364975,1.0620687007904053,0.04787181317806244,1.0826767683029175,0.02096649818122387,0.996954619884491,0.0220487117767334,0.9328254461288452,-0.02362188510596752,0.9444108009338379,-0.009103955700993538,1.2296414375305176,0.02863529697060585,0.9222140312194824,0.00024627536186017096,0.8635547161102295,2475.90576171875,263.695556640625,2299.5478515625,166.099365234375,4700.26953125,518.1260375976562,7451.33544921875,680.156494140625,0.03214051201939583,0.018943727016448975,21.933704376220703,5.0973029136657715,12.679655075073242,3.972496271133423,15.153766632080078,3.744649887084961,19.10801887512207,5.080427169799805,17.575565338134766,3.5036065578460693,17.77634620666504,3.4448354244232178,22.449970245361328,1.8786959648132324,0.1309950053691864,0.03063308820128441,0.2023516297340393,0.0498654730618,0.002592401346191764,0.0017371639842167497
bonafide_9,Johnny Lokke - Promises & Lies,22,55.0,0,Bona-fide (Human),-18.320585250854492,17.791269302368164,78.47246551513672,8.346049308776855,-28.942773818969727,11.148306846618652,37.905086517333984,7.297287940979004,4.3099284172058105,8.790464401245117,9.594072341918945,5.380331039428711,7.246515274047852,6.1698174476623535,12.716947555541992,7.038705825805664,8.153325080871582,6.955519676208496,10.157678604125977,6.757680892944336,0.7294780015945435,5.967330455780029,5.579305171966553,5.240516662597656,1.6367446184158325,5.744232654571533,1.213950514793396,5.554290294647217,-3.375579833984375,5.383859634399414,1.3923968076705933,5.661662578582764,-7.144961833953857,5.774178504943848,8.563607215881348,6.113227367401123,1.8520009517669678,5.48973274230957,1.5932947397232056,5.824190616607666,0.05369145795702934,3.6281497478485107,-0.04216373339295387,1.791060209274292,-0.06583379209041595,2.0378305912017822,-0.06266539543867111,1.396915316581726,-0.10063396394252777,1.242480993270874,-0.02882757969200611,0.9739190936088562,0.09005183726549149,0.9586120843887329,0.10965080559253693,1.3768482208251953,-0.002038631122559309,1.146776795387268,-0.028643855825066566,1.3446608781814575,-0.049256063997745514,1.2167223691940308,0.021847104653716087,1.0623105764389038,0.012270051054656506,1.2348406314849854,0.021004358306527138,0.9849485158920288,-0.04188144579529762,0.8444510698318481,0.0004219500988256186,1.0968589782714844,-0.019073721021413803,1.0388412475585938,0.07878469675779343,1.0823744535446167,0.012107513844966888,0.9890666604042053,-0.0407368466258049,1.2478666305541992,2495.466796875,222.61293029785156,2305.08056640625,150.23851013183594,4733.21728515625,502.05291748046875,7454.0771484375,602.5040893554688,0.03261081874370575,0.016046641394495964,21.30517578125,4.911756992340088,13.369806289672852,4.039770603179932,15.139911651611328,3.850558280944824,16.750110626220703,3.736532211303711,16.77179718017578,3.1143808364868164,17.683156967163086,3.0048530101776123,22.533477783203125,1.7021586894989014,0.13137704133987427,0.031458865851163864,0.1975262612104416,0.044715944677591324,0.0026839436031877995,0.0017240582965314388
bonafide_9,Johnny Lokke - Promises & Lies,26,65.0,0,Bona-fide (Human),-27.66077423095703,33.738136291503906,91.64710998535156,11.366592407226562,-17.634355545043945,15.418469429016113,41.11896896362305,7.958017826080322,0.9641209244728088,11.272440910339355,9.915452003479004,7.644753932952881,7.161032199859619,7.108205795288086,12.777442932128906,5.8622822761535645,5.090487957000732,6.704787254333496,16.130924224853516,5.340689182281494,5.3833489418029785,5.508135795593262,7.7224907875061035,5.261305332183838,3.260697603225708,4.380264759063721,5.363039493560791,5.456636428833008,1.2945122718811035,4.358784198760986,0.1439214050769806,5.124819755554199,-6.403375625610352,4.287652969360352,4.549466133117676,5.062838554382324,0.3659042716026306,5.99025297164917,-0.5586602687835693,4.057762145996094,-0.05148668587207794,5.855581283569336,0.09326916933059692,2.1570990085601807,-0.14740979671478271,3.120911121368408,0.006273768376559019,1.3161042928695679,-0.037106242030858994,1.5188772678375244,0.000772785278968513,1.1502918004989624,0.026897244155406952,1.282277226448059,-0.015753962099552155,1.0342100858688354,0.07108946144580841,1.1420176029205322,0.07378000766038895,0.9699378609657288,0.06370781362056732,0.934922993183136,0.03290544077754021,0.9533283710479736,0.006603775080293417,0.7169331312179565,-0.01020838599652052,0.7881054878234863,0.01988239400088787,0.7692211270332336,-0.0073928977362811565,0.8207840919494629,0.005465292371809483,0.6921195387840271,0.03186442703008652,0.8140869140625,0.07557412981987,0.9959379434585571,0.07534311711788177,0.7375326752662659,2173.239990234375,286.9348449707031,2295.978515625,201.57131958007812,4466.7939453125,601.1038208007812,7068.42333984375,704.5424194335938,0.018418487161397934,0.012277685105800629,21.62247085571289,5.194734573364258,11.595054626464844,3.8257882595062256,13.818023681640625,3.645496129989624,16.767654418945312,4.874067306518555,15.107524871826172,2.54447340965271,15.13343620300293,2.14626145362854,23.398550033569336,2.2314255237579346,0.0828518345952034,0.028288783505558968,0.23351310193538666,0.04668927565217018,0.00132404372561723,0.0010740517172962427
bonafide_9,Johnny Lokke - Promises & Lies,30,75.0,0,Bona-fide (Human),-18.024736404418945,29.499614715576172,92.06951904296875,10.618423461914062,-21.130786895751953,14.89340591430664,34.80806350708008,9.68874740600586,-2.838007688522339,9.506672859191895,8.129277229309082,6.6663312911987305,12.990368843078613,9.598374366760254,14.828120231628418,8.08457088470459,1.3751916885375977,7.461251258850098,18.725021362304688,5.814524173736572,6.4068217277526855,5.92279052734375,8.950328826904297,6.073052883148193,2.75049090385437,5.494597434997559,3.245817184448242,4.629281520843506,0.5794621109962463,4.175897121429443,3.142158031463623,7.5991435050964355,-6.451040744781494,5.645572185516357,5.532360076904297,5.307848930358887,-3.122368812561035,6.119283199310303,-1.5888258218765259,4.917163372039795,-0.16352567076683044,5.657009124755859,0.14577952027320862,1.8463865518569946,0.14547672867774963,2.5801451206207275,-0.02001550979912281,1.4239404201507568,-0.01853249780833721,1.3963733911514282,-0.05364939197897911,0.9894915223121643,0.008581733331084251,1.1019675731658936,0.09005627036094666,1.3591268062591553,-0.07073160260915756,1.2022531032562256,0.004590047523379326,0.9753873944282532,0.03008635900914669,0.9498675465583801,0.0733330175280571,0.7293494939804077,0.06259215623140335,0.828955352306366,0.03836734965443611,0.7647185921669006,-0.027629002928733826,0.6582382917404175,-0.07932058721780777,0.8514416813850403,-0.055133748799562454,0.8935083746910095,-0.017094483599066734,0.8680326342582703,-0.06588365137577057,0.8534783720970154,-0.06239005923271179,0.8897528052330017,2170.839111328125,293.0809326171875,2255.62744140625,203.85726928710938,4273.34375,583.9074096679688,7110.7919921875,708.0859375,0.017577556893229485,0.01305063720792532,22.559606552124023,5.743548393249512,12.18273639678955,4.023355484008789,13.883251190185547,3.823647975921631,18.14459991455078,4.825467586517334,17.59234046936035,4.016395092010498,15.815643310546875,2.4966001510620117,24.34185028076172,2.488886594772339,0.09178104996681213,0.026234207674860954,0.26354774832725525,0.05751834809780121,0.001463437918573618,0.001217814744450152
bonafide_9,Johnny Lokke - Promises & Lies,34,85.0,0,Bona-fide (Human),-16.517932891845703,15.669194221496582,80.3612289428711,12.693595886230469,-30.084426879882812,10.53258228302002,37.51416015625,7.988883972167969,-1.590497612953186,7.781314373016357,12.033854484558105,5.660205841064453,6.459187984466553,7.079092979431152,10.570280075073242,7.448038101196289,5.962955951690674,6.776923179626465,12.645200729370117,7.034353256225586,4.141712665557861,6.115528106689453,2.983889579772949,5.447463512420654,-0.14679385721683502,5.007547378540039,0.719831109046936,5.478658676147461,-1.1995385885238647,5.411778926849365,0.36143678426742554,5.696201324462891,-6.53889799118042,4.869378089904785,7.59306526184082,5.868321418762207,3.8229031562805176,4.919057846069336,2.439831256866455,5.6616315841674805,-0.010667390190064907,3.052912473678589,-0.10164552927017212,1.9544405937194824,-0.02254668064415455,1.9641187191009521,0.019106652587652206,1.0914087295532227,0.014215747825801373,1.383139967918396,-0.04393761232495308,1.0302485227584839,-0.11527218669652939,1.2477171421051025,-0.061046943068504333,1.3604501485824585,0.05394037440419197,1.2515125274658203,0.002734307898208499,1.2580654621124268,-0.02073916234076023,1.0225245952606201,0.07759181410074234,1.01577627658844,0.02808219939470291,0.8599057793617249,-0.015952516347169876,0.9497222304344177,-0.12832152843475342,1.071152925491333,-0.03384638577699661,1.1263463497161865,0.009470082819461823,0.8067938685417175,0.025022197514772415,1.1494295597076416,-0.031245995312929153,1.0184192657470703,0.01557812001556158,1.0411361455917358,2499.631103515625,280.7613525390625,2286.4599609375,166.97967529296875,4823.337890625,529.4694213867188,7255.99169921875,732.7235717773438,0.03745460510253906,0.021069908514618874,21.333580017089844,5.528190612792969,12.358933448791504,4.1188883781433105,14.215387344360352,3.9080944061279297,16.591278076171875,3.941169023513794,16.25446319580078,3.272928476333618,15.764474868774414,2.676654100418091,23.316991806030273,2.2829906940460205,0.13038240373134613,0.03690866753458977,0.1886935830116272,0.046210356056690216,0.002498852089047432,0.0022583112586289644
bonafide_9,Johnny Lokke - Promises & Lies,38,95.0,0,Bona-fide (Human),-14.830412864685059,17.02191162109375,79.66155242919922,11.43502140045166,-30.55582618713379,10.612183570861816,34.91318893432617,7.172311782836914,-2.684135675430298,7.477200031280518,8.284225463867188,7.289565563201904,6.944591045379639,8.797796249389648,14.526856422424316,7.500413417816162,11.583439826965332,10.328420639038086,13.275433540344238,7.127984046936035,2.88979172706604,6.141131401062012,4.517945766448975,6.194648265838623,-1.2534207105636597,5.677319049835205,-1.7964303493499756,6.715268611907959,-3.731916904449463,9.615184783935547,0.6791990995407104,5.16148042678833,-4.362748146057129,6.696340084075928,10.185758590698242,6.953597068786621,1.1786211729049683,6.178341865539551,0.16430290043354034,4.888764381408691,0.01049762312322855,3.348757743835449,-0.0844338908791542,2.19708514213562,0.06993208825588226,2.081904411315918,0.018242986872792244,1.3790309429168701,0.04658391699194908,1.1938130855560303,0.018096009269356728,1.091848611831665,-0.06625815480947495,1.364182472229004,-0.04780763015151024,1.4392931461334229,-0.04294861853122711,1.2394657135009766,0.00044629309559240937,1.320727825164795,-0.0159554872661829,0.9367852210998535,0.002390068955719471,1.1521934270858765,-0.004025413654744625,1.035697102546692,-0.02564300037920475,1.0396714210510254,-0.05973593518137932,1.235366940498352,-0.07245846837759018,0.9670447111129761,-0.049955859780311584,0.9526941180229187,0.040215615183115005,1.0597403049468994,0.048926517367362976,0.9653881788253784,-0.010195445269346237,0.9752563238143921,2461.40283203125,284.8768310546875,2264.707763671875,176.6896514892578,4715.12353515625,598.824951171875,7230.77001953125,698.3045043945312,0.031074536964297295,0.019758591428399086,21.43222999572754,5.337505340576172,13.321076393127441,3.833379030227661,15.146347045898438,3.9305877685546875,19.44403839111328,4.713597774505615,18.443342208862305,4.000474452972412,17.988929748535156,3.386336088180542,22.826353073120117,1.7144783735275269,0.1276177316904068,0.029499957337975502,0.21750542521476746,0.05619087442755699,0.0021792654879391193,0.0018315963679924607
bonafide_9,Johnny Lokke - Promises & Lies,42,105.0,0,Bona-fide (Human),-13.787755966186523,14.451330184936523,75.8277359008789,9.503049850463867,-26.79451560974121,9.74733829498291,32.96259689331055,7.010375499725342,-3.33788800239563,7.798791408538818,12.327570915222168,6.632523059844971,3.695591926574707,7.083510398864746,12.98995304107666,7.686803817749023,7.382889270782471,7.067820072174072,15.150976181030273,6.504693031311035,4.663283824920654,6.674906253814697,5.881834030151367,4.988523483276367,-2.2016444206237793,6.807295322418213,-3.02437686920166,6.621975421905518,-3.516874074935913,5.77351188659668,-0.8615849614143372,4.675625801086426,-7.598006725311279,5.9498090744018555,7.829061985015869,6.06002140045166,5.383718967437744,5.917252540588379,2.278420925140381,5.184383392333984,0.047075361013412476,2.751520872116089,0.11632709205150604,1.6458455324172974,0.06646224856376648,1.9727457761764526,-0.06041160225868225,1.2561396360397339,0.08152452856302261,1.2767664194107056,0.025754543021321297,1.1619210243225098,-0.08783193677663803,1.204249382019043,0.046116217970848083,1.3414890766143799,0.05142182856798172,1.3142584562301636,0.033776409924030304,1.2535330057144165,0.018102942034602165,0.9300704002380371,-0.046509433537721634,0.9160358905792236,-0.09856390208005905,0.9392584562301636,-0.13889996707439423,1.0388015508651733,-0.09356626868247986,0.9631952047348022,-0.06863193958997726,0.9654344320297241,-0.03641897067427635,1.1660267114639282,0.030590733513236046,1.1115926504135132,0.03533770143985748,0.9650265574455261,-0.0004279878339730203,0.8260802626609802,2559.55859375,241.741455078125,2348.431396484375,132.6142120361328,5020.5263671875,477.72607421875,7497.54248046875,500.79937744140625,0.034173935651779175,0.018842650577425957,21.395896911621094,5.558023452758789,12.656764030456543,4.063623905181885,14.89859390258789,3.432779550552368,19.74618911743164,4.923018455505371,18.290592193603516,3.3790605068206787,16.749238967895508,2.3951196670532227,22.928152084350586,1.878250241279602,0.12808340787887573,0.030684342607855797,0.2062612771987915,0.04865116998553276,0.002652825089171529,0.0015704261604696512
bonafide_9,Johnny Lokke - Promises & Lies,45,112.5,0,Bona-fide (Human),-33.621795654296875,34.5255241394043,95.34534454345703,12.274679183959961,-17.781457901000977,14.866982460021973,41.78902053833008,7.180888652801514,0.6657001376152039,9.213833808898926,10.51490592956543,7.550012111663818,9.544836044311523,6.47800350189209,12.845685005187988,5.428061485290527,6.1919426918029785,6.0696916580200195,15.372118949890137,4.545224189758301,5.381652355194092,5.1476898193359375,7.8864593505859375,4.517777919769287,3.2598984241485596,4.686764240264893,4.629156589508057,5.103355407714844,1.1603257656097412,4.448396682739258,0.9926402568817139,4.654748916625977,-6.626237869262695,4.518740653991699,4.398733139038086,5.051729202270508,-0.631290078163147,4.68935489654541,-1.2772653102874756,4.171687602996826,-0.43559157848358154,5.817172050476074,0.03500128537416458,2.2588119506835938,0.16794507205486298,2.6624362468719482,0.030088504776358604,1.299910068511963,0.07992539554834366,1.3630191087722778,0.04392180219292641,1.062178373336792,0.032074831426143646,1.0053712129592896,0.10341404378414154,1.1165872812271118,0.13175295293331146,1.0814018249511719,0.06493550539016724,0.8182351589202881,-0.048029035329818726,0.8854182958602905,-0.01311997976154089,0.8042799234390259,0.025043059140443802,0.7854407429695129,0.005408445838838816,0.6262264847755432,-0.06497808545827866,0.7684929966926575,-0.0361504964530468,0.7758048176765442,-0.012051277793943882,0.6803601384162903,-0.03953743353486061,0.77919602394104,0.008204166777431965,0.6825435161590576,0.026966750621795654,0.7484815120697021,2078.710693359375,340.2064208984375,2247.774169921875,206.2873077392578,4275.08837890625,621.6229858398438,6872.7802734375,764.326416015625,0.016987571492791176,0.013252818025648594,22.30462646484375,5.469291687011719,12.883106231689453,4.437368392944336,14.16663932800293,3.284498453140259,16.298377990722656,3.6206231117248535,14.64575481414795,2.4341588020324707,14.867593765258789,1.9843477010726929,23.685155868530273,2.4035024642944336,0.0780097097158432,0.02941690944135189,0.2313115894794464,0.03849027305841446,0.0011420671362429857,0.0011838956270366907
bonafide_9,Johnny Lokke - Promises & Lies,49,122.5,0,Bona-fide (Human),-20.52987289428711,31.590377807617188,92.46088409423828,10.693828582763672,-21.77265739440918,14.278470993041992,36.90839385986328,10.067989349365234,-2.165384531021118,9.767462730407715,12.06381607055664,6.752204418182373,13.730904579162598,10.007331848144531,14.584601402282715,7.298676013946533,2.0610525608062744,7.240705490112305,17.526384353637695,6.856703758239746,3.967833995819092,5.118164539337158,6.927411079406738,5.588194370269775,2.3794326782226562,5.206905841827393,2.3963654041290283,5.196189880371094,1.2485326528549194,4.175936222076416,3.4450693130493164,5.602147579193115,-6.00282096862793,6.378981113433838,4.470800399780273,4.92297887802124,-2.1477231979370117,5.041894435882568,-2.050480365753174,5.127527713775635,0.034903384745121,5.666005611419678,-0.0182347409427166,1.8758602142333984,0.006299566477537155,2.461005210876465,-0.0682629719376564,1.2777525186538696,-0.030344923958182335,1.4681155681610107,-0.12837159633636475,1.0675199031829834,-0.015483670867979527,1.2681076526641846,0.00999434757977724,1.1131685972213745,-0.035749707370996475,1.1689423322677612,-0.02293452061712742,1.207603096961975,0.000838348176330328,0.9271881580352783,-0.017026962712407112,1.0443931818008423,0.016556408256292343,0.8339360952377319,0.014277811162173748,0.8668184876441956,0.009710336104035378,0.584542453289032,-0.043820660561323166,0.8459786176681519,-0.02111835405230522,0.9650799632072449,-0.020467832684516907,0.8354066610336304,-0.01954343542456627,0.741061270236969,-0.008047033101320267,0.8406144380569458,2176.365478515625,278.61163330078125,2254.744873046875,201.9868927001953,4334.3544921875,555.2338256835938,7036.572265625,748.2348022460938,0.018466811627149582,0.011924616992473602,21.722902297973633,5.686790466308594,12.39700698852539,4.4088640213012695,13.992792129516602,3.778421640396118,16.761905670166016,4.295064449310303,16.50786781311035,3.4626660346984863,15.613333702087402,2.480238437652588,24.316448211669922,2.4715869426727295,0.09115035086870193,0.027005506679415703,0.24653367698192596,0.04889847710728645,0.0013463646173477173,0.0009430030477233231
bonafide_9,Johnny Lokke - Promises & Lies,53,132.5,0,Bona-fide (Human),-21.04123306274414,18.552989959716797,95.75658416748047,10.188908576965332,-32.95989227294922,9.568807601928711,37.43905258178711,8.445724487304688,-4.816115856170654,7.5050811767578125,12.428829193115234,5.213649272918701,10.019700050354004,9.39016056060791,8.482629776000977,6.575953960418701,1.8199059963226318,5.375419616699219,9.652596473693848,8.289637565612793,-0.6892356872558594,4.608253479003906,4.088095664978027,5.132658004760742,2.2594118118286133,5.234094142913818,0.4593990445137024,4.735454559326172,-0.0017941793194040656,7.734596252441406,0.5493834018707275,5.3960161209106445,-7.894978046417236,4.283368110656738,2.461667776107788,4.364527225494385,-1.954506516456604,4.194848537445068,-1.2104458808898926,5.115917205810547,-0.31829458475112915,2.5931122303009033,0.055655285716056824,1.9557275772094727,-0.05887031927704811,1.7691599130630493,0.0041566756553947926,1.2210662364959717,-0.00921663735061884,1.2991617918014526,-0.009007062762975693,0.8476555943489075,-0.03497092053294182,0.9486876726150513,-0.06061846390366554,0.7449080944061279,-0.07916022837162018,0.8830788731575012,-0.04684948921203613,0.8277982473373413,-0.01993526704609394,0.8651806116104126,0.011036748997867107,1.0103956460952759,0.021968582645058632,0.9029948115348816,-0.014343887567520142,0.7206822633743286,-0.049695007503032684,0.7661608457565308,-0.05962148308753967,0.6142916679382324,-0.06318176537752151,0.7402803897857666,0.0005677188164554536,0.7545170783996582,0.06269073486328125,0.7877567410469055,0.04846253991127014,0.9198049902915955,2246.144287109375,217.7790069580078,2143.90625,154.3008270263672,4292.28515625,363.8661193847656,6659.09326171875,630.7606201171875,0.025630934163928032,0.013737144879996777,21.380653381347656,5.1761040687561035,12.067594528198242,4.131855487823486,14.33538818359375,3.5512771606445312,15.933330535888672,4.059898376464844,15.427338600158691,2.628709316253662,14.946880340576172,1.6416254043579102,25.107057571411133,2.3368334770202637,0.1120808944106102,0.02956121601164341,0.18637120723724365,0.050304919481277466,0.001348197227343917,0.0011152713559567928
bonafide_9,Johnny Lokke - Promises & Lies,57,142.5,0,Bona-fide (Human),-38.70644760131836,21.420440673828125,93.31204223632812,10.88076114654541,-25.80488395690918,12.515763282775879,45.06222152709961,8.493988990783691,0.08656410127878189,7.57379674911499,12.693547248840332,8.446216583251953,5.162741184234619,6.159050464630127,7.44443416595459,6.893608093261719,4.483545780181885,6.951622486114502,6.375406265258789,7.028512954711914,-0.738431990146637,7.679250240325928,4.272050857543945,7.927761077880859,3.6805925369262695,5.672059059143066,1.2472821474075317,5.658141613006592,-1.2094181776046753,6.418100357055664,-2.676947593688965,5.987324237823486,-8.451172828674316,4.707663536071777,3.6130828857421875,5.448362350463867,2.6857259273529053,5.530608177185059,3.059622049331665,5.995946884155273,0.10560058802366257,2.9396421909332275,0.03862932696938515,1.980001449584961,0.05475804954767227,1.891349196434021,0.0063539170660078526,1.4472116231918335,-0.023308921605348587,1.1573286056518555,-0.044943518936634064,1.1746952533721924,-0.0191364623606205,1.104430913925171,-0.010916321538388729,1.1259989738464355,-0.025855127722024918,1.0526082515716553,-0.04382165148854256,1.0077238082885742,-0.031544677913188934,0.8674618005752563,0.04541587084531784,1.0871063470840454,0.025272788479924202,0.9835636019706726,-0.026442117989063263,0.8618836998939514,-0.03976084664463997,0.8900684118270874,-0.02362941764295101,0.868205726146698,-0.06530380249023438,0.7770857810974121,-0.04183458536863327,1.0720784664154053,-0.04597454518079758,0.9501943588256836,-0.04346706345677376,0.9466696977615356,2207.32373046875,274.4820556640625,2201.91943359375,207.15878295898438,4418.24462890625,478.909912109375,6722.0478515625,826.4993896484375,0.02113792672753334,0.015574954450130463,21.093374252319336,5.59598970413208,11.546960830688477,3.959784507751465,15.599372863769531,3.7626514434814453,18.05198097229004,4.138408660888672,17.526065826416016,3.0219080448150635,16.162302017211914,2.5580902099609375,24.651962280273438,3.0013136863708496,0.0977851003408432,0.03415271267294884,0.18863321840763092,0.05795050412416458,0.0012733439216390252,0.0011840523220598698
bonafide_9,Johnny Lokke - Promises & Lies,61,152.5,0,Bona-fide (Human),-39.360809326171875,21.696439743041992,99.32096099853516,11.888437271118164,-29.650602340698242,12.159209251403809,42.54303741455078,8.63607406616211,-1.0039846897125244,8.724164009094238,10.80379867553711,6.06126594543457,5.378787040710449,6.529560089111328,5.703065872192383,6.652982234954834,5.064604759216309,5.3200154304504395,7.48341703414917,5.4540300369262695,1.0935364961624146,5.470276832580566,6.315823554992676,5.510464668273926,4.240600109100342,4.92209005355835,0.8484812378883362,5.36956262588501,-1.5962728261947632,5.782689571380615,-1.1019808053970337,6.010141849517822,-6.97875452041626,5.067969799041748,6.192811012268066,5.5593485832214355,4.114222049713135,6.077086925506592,1.930110216140747,5.89614200592041,0.09494256228208542,3.1548779010772705,-0.016050586476922035,2.475513458251953,0.008426319807767868,2.1935884952545166,0.013836586847901344,1.4477620124816895,-0.05399903655052185,1.1967765092849731,0.012427272275090218,1.0928994417190552,0.037006720900535583,1.0259348154067993,0.0648546889424324,1.1036046743392944,0.007830899208784103,0.8710008859634399,0.0519731231033802,0.9272160530090332,0.07480479031801224,0.9264495372772217,0.07066524773836136,0.9767044186592102,0.03390232101082802,0.8768762946128845,0.06495222449302673,1.0021837949752808,0.0418427400290966,1.0853829383850098,0.08177825808525085,1.1273106336593628,0.04401649907231331,0.9812302589416504,0.03375576063990593,1.1293853521347046,0.014543644152581692,1.2181040048599243,0.012670415453612804,1.1851783990859985,2119.68017578125,253.7875213623047,2123.26953125,197.85305786132812,4196.08349609375,432.9114685058594,6456.92041015625,799.6176147460938,0.01730789616703987,0.011468270793557167,21.33587646484375,5.344160556793213,12.747443199157715,4.110232353210449,15.878436088562012,3.3857016563415527,18.584056854248047,3.894416093826294,17.062166213989258,2.8363568782806396,16.367080688476562,2.1083004474639893,25.409801483154297,2.779684543609619,0.09661639481782913,0.02839680202305317,0.18005698919296265,0.049325112253427505,0.001074093161150813,0.00103509402833879
bonafide_9,Johnny Lokke - Promises & Lies,65,162.5,0,Bona-fide (Human),-48.039161682128906,17.451135635375977,92.84957885742188,12.484258651733398,-27.04354476928711,12.024656295776367,45.80487823486328,9.37480640411377,0.699033796787262,7.661236763000488,9.494380950927734,6.293430328369141,7.671106815338135,5.654317855834961,9.148900985717773,5.2422051429748535,10.434541702270508,6.7964253425598145,12.029105186462402,6.070952415466309,2.2885043621063232,4.796425819396973,4.262102127075195,5.752879619598389,-1.0703829526901245,5.688584327697754,-5.136944770812988,7.0207695960998535,-3.710090398788452,8.424768447875977,0.16755153238773346,7.166657447814941,-5.462679386138916,5.528474807739258,3.9394917488098145,4.320385456085205,0.5202208757400513,5.206527233123779,1.087477684020996,4.939106464385986,-0.2099132537841797,2.9690356254577637,0.23613116145133972,2.0014376640319824,-0.040884096175432205,1.8118280172348022,-0.026290666311979294,1.6294493675231934,-0.0018819349352270365,1.2790136337280273,-0.033180542290210724,1.0901048183441162,-0.039715662598609924,0.9569316506385803,-0.051645852625370026,0.8131064772605896,-0.004237615503370762,0.8283321261405945,-0.026262084022164345,0.8673120737075806,-0.03260095790028572,0.7926817536354065,-0.0059635816141963005,0.9831329584121704,0.03562090918421745,0.8770602941513062,0.02221875637769699,0.9366567730903625,-0.009811429306864738,1.1185246706008911,-0.01644163951277733,1.1645578145980835,-0.03068346530199051,0.9351387619972229,-0.05102052539587021,0.7030318379402161,-0.01019611582159996,0.8233635425567627,0.04987110197544098,0.8710594177246094,2165.422119140625,316.812255859375,2166.736572265625,179.2602996826172,4265.56787109375,459.7350158691406,6615.1796875,778.868408203125,0.01727014034986496,0.01306388434022665,21.90506362915039,4.9255828857421875,13.213996887207031,4.533123970031738,18.29050636291504,4.236744403839111,21.341028213500977,4.706679821014404,20.03287124633789,3.15129017829895,17.43465805053711,2.5229766368865967,25.58537483215332,2.7267603874206543,0.10147660225629807,0.03564300388097763,0.1723833978176117,0.04365072026848793,0.0012062075547873974,0.0011204006150364876
bonafide_9,Johnny Lokke - Promises & Lies,68,170.0,0,Bona-fide (Human),-36.63822555541992,15.97775936126709,98.64302825927734,11.438871383666992,-24.620487213134766,9.733010292053223,48.57697677612305,7.593328952789307,1.381317138671875,6.991189479827881,10.914471626281738,6.484908103942871,4.977492809295654,5.768885135650635,4.470728397369385,6.080740451812744,3.209834337234497,6.71414852142334,4.784650802612305,6.844603538513184,-0.858568549156189,6.980739116668701,3.746169090270996,6.454754829406738,2.6191952228546143,5.4705047607421875,0.04410877823829651,5.412074565887451,-2.495955467224121,5.462271690368652,-2.5656182765960693,6.1430344581604,-8.446574211120605,5.598532676696777,5.624102592468262,4.622120380401611,3.81264066696167,5.598247051239014,4.384166717529297,4.862214088439941,-0.08039887994527817,2.920454978942871,0.0036274194717407227,2.1993415355682373,-0.14139023423194885,1.7804831266403198,-0.009187345393002033,1.495193600654602,-0.04249611496925354,1.2278739213943481,-0.035226061940193176,1.2689242362976074,0.021604124456644058,1.0156584978103638,0.03418738767504692,0.9852347373962402,0.07518350332975388,1.1858958005905151,-0.006498229689896107,1.2531312704086304,-0.0208956990391016,1.178593397140503,-0.04361607879400253,1.0517786741256714,0.0033224027138203382,0.9728342890739441,-0.02442198619246483,0.8430634140968323,-0.01646309904754162,0.8121439218521118,-0.05573960021138191,0.9144700765609741,-0.03398605063557625,0.7984206080436707,0.004130879882723093,0.7955113053321838,-0.0357210673391819,1.0234302282333374,-0.09039716422557831,0.8533194661140442,2085.080078125,251.48666381835938,2146.594970703125,174.48101806640625,4207.1494140625,388.44927978515625,6446.8017578125,735.4403076171875,0.01577737182378769,0.010671752505004406,21.66783905029297,5.467825412750244,12.702384948730469,3.997250556945801,15.549226760864258,3.560234785079956,17.473020553588867,3.679112672805786,15.89207935333252,2.646052360534668,15.570944786071777,1.9476715326309204,25.10346031188965,2.682325601577759,0.08728253096342087,0.029528271406888962,0.19767744839191437,0.046298179775476456,0.000993557390756905,0.000991862267255783
bonafide_9,Johnny Lokke - Promises & Lies,72,180.0,0,Bona-fide (Human),-16.070323944091797,17.158979415893555,89.4959487915039,12.540444374084473,-33.423831939697266,9.812479972839355,40.786556243896484,7.163792133331299,-5.0211052894592285,7.363034725189209,8.621658325195312,6.7410054206848145,4.5147318840026855,6.028199672698975,10.522791862487793,6.223642349243164,7.359704971313477,5.997386455535889,12.227986335754395,6.289270401000977,4.65962028503418,5.486844539642334,7.033170223236084,6.154581546783447,4.452389240264893,6.321319103240967,0.94840008020401,5.954899311065674,-2.96553373336792,5.828104496002197,-1.8272608518600464,5.802475929260254,-7.752608299255371,5.1168293952941895,6.376113414764404,6.053399562835693,3.0401384830474854,5.28019905090332,3.513395309448242,6.101646900177002,0.0187772735953331,2.8599936962127686,-0.01194517221301794,1.9626926183700562,0.08231228590011597,1.7013145685195923,-0.07225204259157181,1.181238055229187,0.09509497880935669,1.1327255964279175,-0.10663075745105743,1.1800318956375122,-0.10659302771091461,0.9917722940444946,0.053331200033426285,1.1715019941329956,0.003347428748384118,1.1142385005950928,0.07503431290388107,0.9077053070068359,0.05321153625845909,1.0114703178405762,0.07797347754240036,1.0445424318313599,0.016632063314318657,1.1328494548797607,0.006562282796949148,1.013105869293213,-0.019088706001639366,1.013160228729248,-0.032698433846235275,1.0418838262557983,0.020347949117422104,0.8780316114425659,-0.0673624649643898,1.0737900733947754,-0.023414477705955505,0.9846609234809875,0.05036730319261551,0.9564239382743835,2336.962646484375,256.65142822265625,2173.395751953125,165.31004333496094,4466.59423828125,407.9239807128906,6766.60986328125,736.4796142578125,0.02583925612270832,0.014717436395585537,21.3380069732666,5.150991439819336,12.50740909576416,4.062602996826172,14.799153327941895,3.883901357650757,18.135087966918945,3.4970815181732178,17.006633758544922,2.6748454570770264,16.379634857177734,2.3054096698760986,24.586856842041016,2.4542672634124756,0.11895751953125,0.035443030297756195,0.20398086309432983,0.04960890859365463,0.0015326939756050706,0.0016617532819509506
bonafide_9,Johnny Lokke - Promises & Lies,76,190.0,0,Bona-fide (Human),-13.587288856506348,15.11468505859375,75.20672607421875,8.766166687011719,-28.33896255493164,10.416609764099121,33.81977081298828,6.400782108306885,-4.109468936920166,6.7392377853393555,13.725135803222656,6.027476787567139,10.17373275756836,7.4117865562438965,15.162068367004395,7.4524970054626465,4.234663963317871,6.219595432281494,13.060399055480957,6.684768199920654,5.237875461578369,5.832930564880371,4.99237585067749,6.646594524383545,0.7909786105155945,5.383579254150391,1.1237236261367798,5.889543533325195,-1.133175015449524,4.908587455749512,-2.1042470932006836,5.170283794403076,-6.292943954467773,5.541585445404053,7.258777618408203,5.900970458984375,1.73729407787323,6.065929889678955,0.5410447120666504,5.897254467010498,0.240826815366745,2.8690755367279053,0.03663118556141853,1.7601803541183472,0.0016849349485710263,2.0371222496032715,-0.10762811452150345,1.2275917530059814,-0.08918274939060211,1.2907038927078247,-0.0709339901804924,1.084077000617981,-0.026202308014035225,1.3005486726760864,0.012356020510196686,1.352392554283142,-0.05099288746714592,1.2978719472885132,-0.000811974226962775,1.200738549232483,-0.008355612866580486,0.9879888296127319,0.02482951059937477,1.2263215780258179,0.010798798874020576,1.0648925304412842,0.04019327834248543,1.135786771774292,-0.010780313052237034,0.9274255633354187,0.0053162239491939545,0.9030741453170776,0.029398007318377495,0.956290602684021,0.02692476473748684,1.0063279867172241,0.014861021190881729,0.9936015009880066,0.05484003573656082,1.0130418539047241,2575.270751953125,216.5820770263672,2349.113037109375,143.548095703125,5030.1962890625,456.3574523925781,7444.2080078125,558.4151611328125,0.03681289032101631,0.018083492293953896,21.16213035583496,4.984851360321045,12.892928123474121,4.0940046310424805,15.378780364990234,3.8102774620056152,17.899255752563477,4.533371925354004,18.38863182067871,3.3301970958709717,16.64322280883789,2.5603747367858887,22.809486389160156,1.744665265083313,0.12998679280281067,0.03168109431862831,0.19557583332061768,0.04322972893714905,0.0026139181572943926,0.0017121989512816072
bonafide_9,Johnny Lokke - Promises & Lies,80,200.0,0,Bona-fide (Human),-16.745071411132812,17.41549301147461,78.08271789550781,9.51433277130127,-30.390396118164062,11.102296829223633,34.46480941772461,6.849311351776123,-3.482221841812134,7.228132247924805,9.275639533996582,6.208301067352295,9.623435020446777,7.297920227050781,14.43537425994873,7.398590087890625,9.003223419189453,7.589563369750977,12.251184463500977,6.041808128356934,3.6315274238586426,5.7665886878967285,4.328139305114746,5.297808647155762,1.0345548391342163,4.274214744567871,0.7714570164680481,4.99557638168335,-2.4691038131713867,4.9741950035095215,0.006952851079404354,5.458258628845215,-6.539141654968262,5.401069164276123,6.788351058959961,6.296393871307373,0.18312905728816986,6.127505302429199,0.09923659265041351,6.137307167053223,0.05104856193065643,3.534364700317383,-0.016857551410794258,1.8645799160003662,0.11218041181564331,2.192570209503174,0.028971143066883087,1.2812979221343994,0.05859386548399925,1.1269803047180176,0.0641607865691185,1.258758306503296,0.011543742381036282,1.1103438138961792,-0.03114067204296589,1.3512004613876343,-0.09840301424264908,1.138995885848999,-0.07573127746582031,1.1461971998214722,0.005057237576693296,0.9165409803390503,-0.07669574022293091,1.0629007816314697,-0.004220298025757074,0.8784911632537842,-0.013221104629337788,1.0679482221603394,0.011241418309509754,0.9301360845565796,-0.029314734041690826,1.2040282487869263,-0.09022266417741776,0.9378323554992676,-0.014872260391712189,1.136104702949524,-0.02357623167335987,0.958793044090271,-0.06087016686797142,0.9308421015739441,2539.480712890625,242.43284606933594,2302.60595703125,163.9589080810547,4836.646484375,516.7656860351562,7382.74853515625,658.88818359375,0.03845927491784096,0.018635917454957962,21.30344009399414,5.169142246246338,12.889573097229004,3.686033248901367,14.990950584411621,3.497525215148926,17.937803268432617,4.571162700653076,17.087421417236328,3.4019155502319336,16.95768165588379,2.873105764389038,22.65981674194336,1.8291949033737183,0.136962890625,0.03205708786845207,0.18787746131420135,0.050113994628190994,0.002729724859818816,0.0018805520376190543
bonafide_9,Johnny Lokke - Promises & Lies,84,210.0,0,Bona-fide (Human),-28.473365783691406,28.887392044067383,97.46095275878906,11.483892440795898,-20.912540435791016,12.938200950622559,41.47224807739258,6.707213878631592,1.5922731161117554,10.568115234375,6.608696937561035,7.95472526550293,6.394307613372803,8.054412841796875,9.992362022399902,6.1492438316345215,6.056034564971924,6.550958633422852,16.816511154174805,4.9721360206604,4.576093673706055,5.519056797027588,9.98991584777832,5.333533763885498,5.88852596282959,5.830789089202881,6.575763702392578,5.350690841674805,1.6958153247833252,3.994250535964966,-0.04141989350318909,4.613627910614014,-7.44143009185791,4.404843807220459,3.934701442718506,4.512236595153809,-1.3191354274749756,4.763909816741943,-1.9716888666152954,3.9041852951049805,-0.23348957300186157,5.518246650695801,0.16997596621513367,2.1647732257843018,-0.045226793736219406,2.317868232727051,-2.6398234695079736e-05,1.2055894136428833,0.09505254775285721,1.5649676322937012,-0.09623745083808899,1.3084428310394287,-0.10074333846569061,1.11127507686615,0.016378751024603844,0.9476962089538574,0.07678217440843582,0.9544159173965454,0.037738483399152756,0.9066344499588013,-0.0430326983332634,0.9921155571937561,0.057488296180963516,0.9541918635368347,0.10899882763624191,0.6096172332763672,-0.018239734694361687,0.855808675289154,-0.01612401008605957,0.6834359169006348,-0.03519097715616226,0.7469225525856018,-0.04461095482110977,0.6841952800750732,0.0028481129556894302,0.6744937300682068,-0.007003507111221552,0.6631677746772766,-0.03431767225265503,0.669460654258728,2057.6875,299.11859130859375,2198.250244140625,187.43060302734375,4139.55908203125,541.3382568359375,6769.7001953125,715.8914794921875,0.016083961352705956,0.011799399740993977,21.828689575195312,4.944650650024414,11.623920440673828,4.14846658706665,13.550115585327148,3.400202751159668,17.929519653320312,4.442574977874756,14.78139877319336,2.9451799392700195,15.270842552185059,2.2649130821228027,23.92538070678711,2.3001677989959717,0.08108633756637573,0.023532558232545853,0.2383662611246109,0.04028435796499252,0.001042105257511139,0.0009403175208717585
bonafide_9,Johnny Lokke - Promises & Lies,88,220.0,0,Bona-fide (Human),-21.997873306274414,32.13682174682617,96.09230041503906,10.487232208251953,-24.277494430541992,14.10783863067627,35.61640930175781,9.28188419342041,-2.473814010620117,10.658515930175781,10.334936141967773,6.014658451080322,15.196541786193848,10.449121475219727,12.435498237609863,6.3508806228637695,4.460346221923828,6.510857582092285,16.624561309814453,6.016682147979736,6.564364910125732,5.621110916137695,8.45953369140625,6.636242389678955,2.8728485107421875,6.203174114227295,3.686434745788574,4.376363277435303,0.6382668018341064,4.713032245635986,3.984980821609497,7.812467575073242,-5.73217248916626,6.562190532684326,4.618753433227539,4.447067737579346,-0.3582732677459717,4.456776142120361,-3.631807327270508,5.67736291885376,0.07249240577220917,5.583150386810303,-0.06316309422254562,2.0352954864501953,0.088177889585495,2.444981813430786,-0.010050778277218342,1.308706521987915,-0.017087265849113464,1.3529952764511108,-0.016380460932850838,1.036148190498352,-0.00018859350529965013,1.129330039024353,-0.07791457325220108,1.0037262439727783,0.005841257516294718,0.8657980561256409,0.0858742892742157,1.1915884017944336,0.07407484203577042,0.9248289465904236,-0.049124136567115784,0.8603478074073792,0.019997593015432358,0.6996963024139404,0.08075924217700958,0.7638179659843445,0.023245254531502724,0.7812578082084656,-0.08247831463813782,0.9948212504386902,0.012788785621523857,0.9181919097900391,0.012607790529727936,0.7176544666290283,-0.004256098531186581,0.7295271158218384,-0.005696097854524851,0.7391032576560974,2095.052001953125,290.9735107421875,2197.0029296875,197.6991424560547,4165.87744140625,554.2984008789062,6793.22705078125,757.8345336914062,0.016754161566495895,0.011766420677304268,21.543323516845703,4.65825891494751,12.023879051208496,4.127458572387695,14.170592308044434,3.872373580932617,16.91449737548828,4.752005100250244,16.641847610473633,3.6483089923858643,15.581133842468262,2.3868298530578613,24.166301727294922,2.121777057647705,0.0894775390625,0.026356687769293785,0.24823443591594696,0.04175190627574921,0.0012284094700589776,0.0013516226317733526
bonafide_9,Johnny Lokke - Promises & Lies,91,227.5,0,Bona-fide (Human),-17.612598419189453,19.315811157226562,93.61565399169922,10.234956741333008,-33.052154541015625,12.371593475341797,36.59351348876953,8.702261924743652,-2.567150354385376,7.16413688659668,13.053568840026855,5.878901481628418,12.875205993652344,12.703309059143066,8.514281272888184,7.780282497406006,3.8633480072021484,5.691067218780518,12.161189079284668,6.96250581741333,2.4387786388397217,4.63423490524292,1.68502676486969,4.8542304039001465,-0.7151246666908264,4.810208797454834,1.855499029159546,4.492862701416016,3.0680665969848633,7.0555830001831055,4.067714691162109,7.006402969360352,-7.76885986328125,4.50692892074585,3.6144235134124756,4.565325736999512,-0.48299267888069153,5.648153781890869,0.787479043006897,5.225059986114502,0.07936210930347443,3.189263343811035,-0.03062313050031662,1.808100700378418,-0.04289528355002403,2.0297179222106934,0.008496337570250034,1.2406878471374512,-0.05797737091779709,1.2546398639678955,-0.08479391783475876,1.0461928844451904,-0.06394439935684204,1.2061079740524292,0.06061112508177757,1.0270413160324097,0.0415240079164505,1.0169789791107178,-0.08096175640821457,0.7598694562911987,-0.013668675906956196,0.836358904838562,-0.07208579033613205,0.9637468457221985,-0.01848428323864937,0.8436673283576965,0.026433683931827545,0.7629708051681519,-0.0055087716318666935,0.800361156463623,0.002273418242111802,1.0005594491958618,0.01888348162174225,0.758289635181427,0.02899220958352089,0.8305204510688782,-0.005145499017089605,0.8600414991378784,0.05027739331126213,0.8188998699188232,2252.456298828125,239.60025024414062,2169.45068359375,183.74929809570312,4322.93994140625,470.3424377441406,6717.3623046875,757.8092651367188,0.025581959635019302,0.014862687326967716,21.896291732788086,5.619201183319092,12.011040687561035,3.9322257041931152,14.523420333862305,3.738105535507202,15.54376220703125,3.7007484436035156,16.218259811401367,2.5957417488098145,15.353129386901855,1.9307180643081665,24.20160484313965,2.1924796104431152,0.1097886860370636,0.027504542842507362,0.2032555490732193,0.04709812253713608,0.0014270772226154804,0.001272170920856297
bonafide_9,Johnny Lokke - Promises & Lies,95,237.5,0,Bona-fide (Human),-27.893749237060547,18.65662384033203,85.41310119628906,10.463983535766602,-25.654129028320312,9.61034107208252,38.22091293334961,8.68101978302002,0.14239579439163208,7.8142828941345215,12.70798397064209,5.950817584991455,11.602540016174316,5.656763553619385,9.977473258972168,6.324519157409668,9.503643989562988,6.708741188049316,8.027809143066406,5.505309581756592,2.324174404144287,4.692633628845215,5.541706085205078,5.130788326263428,3.2291746139526367,5.4791460037231445,0.34358546137809753,5.051645755767822,-2.616424560546875,4.831684112548828,-1.6419769525527954,4.914994239807129,-9.312360763549805,4.5195488929748535,2.1330783367156982,5.022566318511963,-1.168944239616394,4.84152364730835,0.725653350353241,4.533121585845947,0.03598268702626228,3.307051658630371,-0.05031301826238632,2.3266899585723877,-0.14208729565143585,1.9762628078460693,0.00935235433280468,1.705704689025879,-0.04011005908250809,1.1785130500793457,0.023854432627558708,1.0738641023635864,-0.02391146868467331,0.9247812628746033,0.051923565566539764,1.1046143770217896,0.02798936702311039,1.3652796745300293,0.026804782450199127,1.207190752029419,-0.06282939016819,0.9472485780715942,-0.01642928272485733,1.0639201402664185,0.020166780799627304,1.0581064224243164,-0.021751368418335915,1.0446690320968628,0.011698747053742409,0.8779077529907227,-0.010335657745599747,0.9247998595237732,-0.030635204166173935,0.9177526235580444,-0.03763094171881676,0.9935815930366516,-0.046631820499897,0.9298302531242371,-0.01292712613940239,0.8186650276184082,2363.223876953125,269.5997619628906,2312.482421875,162.2292938232422,4643.29638671875,467.8854064941406,7200.01513671875,750.9163208007812,0.028826333582401276,0.015548118390142918,21.134944915771484,5.317739963531494,12.874135971069336,3.714571237564087,15.958910942077637,3.518137216567993,17.715906143188477,4.4079484939575195,17.328702926635742,3.1859278678894043,16.44700813293457,2.1125004291534424,22.59032440185547,1.8564200401306152,0.10942473262548447,0.0298138577491045,0.18350131809711456,0.0420750193297863,0.001962246373295784,0.0013664389261975884
bonafide_9,Johnny Lokke - Promises & Lies,99,247.5,0,Bona-fide (Human),-21.412429809570312,16.378034591674805,79.95211029052734,9.77165699005127,-23.944395065307617,11.136215209960938,37.327823638916016,7.593752861022949,7.402996063232422,12.30953311920166,6.263831615447998,8.602978706359863,2.808467149734497,11.664329528808594,12.012738227844238,7.3926215171813965,8.086591720581055,7.616819381713867,15.685401916503906,6.951910018920898,4.034167289733887,4.554143905639648,7.605447292327881,6.040904521942139,1.9349883794784546,5.061583042144775,1.0833771228790283,5.722198963165283,-5.725564479827881,6.685800552368164,-4.2747721672058105,6.955801963806152,-12.263275146484375,6.240695476531982,2.696876049041748,6.055003643035889,-0.6949799060821533,7.226593494415283,1.0111279487609863,6.918837070465088,-0.0332222506403923,2.9299306869506836,-0.13931934535503387,2.01189923286438,0.038526374846696854,1.9683237075805664,-0.026716364547610283,1.3720035552978516,-0.03905949369072914,1.287778615951538,0.12910783290863037,1.1896157264709473,0.13425765931606293,1.1470122337341309,0.0797504261136055,1.4732155799865723,-0.10748519003391266,1.1172765493392944,0.006183906923979521,1.3055777549743652,0.022724423557519913,0.9193757772445679,-0.016559859737753868,1.0488066673278809,-0.015745587646961212,0.9039351940155029,-0.015108777210116386,1.2185651063919067,0.02829810418188572,1.0698745250701904,0.057925745844841,1.0442328453063965,-0.02997470833361149,1.114906907081604,-0.02234196662902832,1.0806618928909302,-0.027293672785162926,1.0872926712036133,-0.07254340499639511,1.0252660512924194,2432.581787109375,275.5018005371094,2347.175048828125,179.1720428466797,4696.08251953125,650.3407592773438,7607.75048828125,636.61669921875,0.027453886345028877,0.018078915774822235,21.551393508911133,4.894977569580078,14.381364822387695,3.8442437648773193,16.15370750427246,3.538853168487549,21.331771850585938,5.583367347717285,17.79514503479004,2.9550397396087646,18.24137306213379,3.2344491481781006,22.486909866333008,1.851422667503357,0.11509422212839127,0.029947293922305107,0.21368969976902008,0.05254291370511055,0.0026899350341409445,0.0024429145269095898
bonafide_9,Johnny Lokke - Promises & Lies,103,257.5,0,Bona-fide (Human),-26.0040283203125,12.995902061462402,89.17108154296875,10.880352973937988,-29.458162307739258,13.436752319335938,44.361690521240234,8.283287048339844,2.883491277694702,8.614021301269531,9.612401962280273,8.342344284057617,2.7691071033477783,8.817096710205078,14.23678970336914,7.342840671539307,11.661781311035156,6.990537643432617,17.091815948486328,5.387904644012451,3.3712124824523926,6.318633079528809,6.3493828773498535,5.026042938232422,-0.463447630405426,6.640323638916016,-3.150197744369507,6.940985202789307,-7.38037633895874,7.211289405822754,-3.9462413787841797,6.045895576477051,-6.200140953063965,7.050232410430908,8.395710945129395,8.10731315612793,1.0209320783615112,7.365468502044678,-0.24652685225009918,5.888364315032959,-0.01372586376965046,2.466968536376953,0.0901947021484375,2.0754666328430176,0.013101458549499512,2.160569190979004,0.07860817015171051,1.6961263418197632,0.08400514721870422,1.0828211307525635,-0.006726490333676338,1.2111847400665283,-0.03208570182323456,1.0872395038604736,-0.010377578437328339,1.2784452438354492,-0.029269712045788765,1.0650120973587036,0.018563512712717056,1.0025461912155151,0.03927610442042351,1.0268758535385132,0.062981016933918,0.9127994775772095,0.05515511333942413,0.9801905155181885,0.023475099354982376,1.1607130765914917,0.011342748068273067,1.0993213653564453,0.02024642378091812,0.9283091425895691,-0.027615321800112724,1.1656290292739868,-0.03629389777779579,1.3722269535064697,-0.016338910907506943,1.142042875289917,0.01908637396991253,1.0686750411987305,2254.7197265625,248.27621459960938,2191.987060546875,211.69691467285156,4396.91064453125,544.2239990234375,6873.47802734375,809.3692016601562,0.0185165386646986,0.011420844122767448,21.605775833129883,5.318117618560791,13.133894920349121,4.075255870819092,17.330087661743164,3.8638100624084473,21.49496078491211,4.191760540008545,19.314542770385742,4.04637336730957,17.945846557617188,2.7395315170288086,24.53531265258789,2.528757333755493,0.10727041959762573,0.025218242779374123,0.21869660913944244,0.051632363349199295,0.001372086233459413,0.0015490661608055234
bonafide_9,Johnny Lokke - Promises & Lies,107,267.5,0,Bona-fide (Human),-28.033260345458984,16.53150749206543,79.23692321777344,9.886360168457031,-23.82162857055664,11.117843627929688,44.824607849121094,9.042604446411133,9.280637741088867,11.206228256225586,16.635669708251953,6.432562828063965,9.301210403442383,7.246729373931885,0.09895225614309311,8.191032409667969,4.15521764755249,8.26623249053955,12.845458984375,7.204057216644287,10.968962669372559,6.288925647735596,3.2591803073883057,8.047040939331055,-4.25407600402832,8.290568351745605,2.310823678970337,6.798274040222168,-6.423757076263428,9.264204025268555,4.4286603927612305,7.452593803405762,-8.164005279541016,6.9943528175354,3.721200466156006,7.073173999786377,-0.2994697690010071,7.267588138580322,4.194404125213623,8.58665943145752,0.06088881194591522,2.6753735542297363,-0.126719132065773,1.9694310426712036,0.033655282109975815,1.5228910446166992,0.06844934821128845,1.5467051267623901,0.09383253008127213,1.3229347467422485,0.11726923286914825,0.8742772340774536,0.06598411500453949,1.160404086112976,0.03293129801750183,0.9890319108963013,-0.00264157191850245,1.1417547464370728,0.009706523269414902,1.2331807613372803,-0.02883809804916382,1.0905617475509644,-0.0891771987080574,1.2892735004425049,-0.06674360483884811,1.2467156648635864,-0.048073600977659225,1.2153526544570923,-0.07315129041671753,1.2645584344863892,-0.0358736552298069,1.2304767370224,0.0023027691058814526,1.0478750467300415,0.03185734897851944,1.2653779983520508,-0.005066447891294956,1.3623859882354736,-0.05195820331573486,0.9863213300704956,2451.95751953125,247.009765625,2342.170654296875,171.74337768554688,4788.49609375,439.12078857421875,7576.59716796875,915.1670532226562,0.02163509465754032,0.013341051526367664,21.19390296936035,5.176854610443115,13.228610038757324,4.048198223114014,17.69244384765625,4.265845775604248,18.987972259521484,3.864668846130371,21.365760803222656,3.603145122528076,19.100065231323242,3.2533864974975586,24.568992614746094,2.6106958389282227,0.12741202116012573,0.03404301032423973,0.21541807055473328,0.050273992121219635,0.0032436177134513855,0.002344652311876416
bonafide_9,Johnny Lokke - Promises & Lies,111,277.5,0,Bona-fide (Human),-255.70899963378906,226.41677856445312,31.037826538085938,29.65471649169922,-21.740903854370117,17.00698471069336,22.530332565307617,14.220014572143555,-1.15690279006958,9.604777336120605,1.4492424726486206,15.40618896484375,1.3268240690231323,15.164841651916504,0.2508039176464081,8.961040496826172,0.8553218245506287,7.143557071685791,9.066505432128906,6.255124568939209,9.748261451721191,4.755153656005859,12.601378440856934,8.885753631591797,1.1404534578323364,5.399041175842285,4.507602691650391,4.363547325134277,0.03564820438623428,7.024702072143555,5.6814045906066895,5.3796000480651855,2.4944934844970703,4.633087635040283,4.522568702697754,5.460123538970947,-1.7828010320663452,4.403724193572998,4.415252208709717,6.892568111419678,-2.4616940021514893,3.924044370651245,-0.3186621367931366,1.783387303352356,0.24823005497455597,1.6485764980316162,-0.10739642381668091,1.057450532913208,0.00034670918830670416,1.0204399824142456,-0.10284489393234253,1.103421926498413,-0.12414448708295822,0.8918604850769043,-0.05857942998409271,0.8148185610771179,-0.06089365854859352,0.8672361373901367,-0.08392028510570526,0.8291897177696228,-0.07194509357213974,0.5567137598991394,-0.11250891536474228,1.1226755380630493,-0.0494944304227829,1.0110315084457397,-0.03353254497051239,0.8530893921852112,0.09274180978536606,0.9364573955535889,0.018421627581119537,0.6891202926635742,0.0049212221056222916,0.6445179581642151,-0.08753170818090439,0.7141494154930115,0.0019523600349202752,0.743738055229187,0.0695185512304306,0.7179282903671265,3203.93798828125,726.7490844726562,2398.832763671875,209.16305541992188,5719.208984375,1156.9329833984375,8109.6435546875,827.4749755859375,0.08760514855384827,0.079569511115551,15.433794975280762,7.553157329559326,10.219293594360352,3.5842390060424805,14.350905418395996,3.543487787246704,15.038366317749023,3.748042583465576,17.014726638793945,3.418959140777588,17.982757568359375,2.2743968963623047,23.47307777404785,2.7792835235595703,0.21685791015625,0.09338553994894028,0.11108691245317459,0.13462994992733002,0.023668166249990463,0.04043516144156456
bonafide_10,Johnny Lokke - Whisper To A Scream,0,0.0,0,Bona-fide (Human),-175.67337036132812,190.07492065429688,64.40347290039062,47.6026496887207,-6.598491668701172,13.763200759887695,30.360292434692383,15.83718490600586,11.15262222290039,10.643731117248535,3.767592430114746,5.926536560058594,-2.005385398864746,5.121834754943848,5.591399192810059,10.495306968688965,2.5429539680480957,9.605535507202148,9.342552185058594,10.8477144241333,-0.17599742114543915,5.616665840148926,4.6477437019348145,5.918868541717529,-0.9516253471374512,4.791431427001953,-0.4545018970966339,4.6649298667907715,-3.869764566421509,5.8285441398620605,2.070507764816284,6.361051082611084,-3.0251028537750244,5.576711177825928,-0.7369504570960999,4.6782941818237305,-1.146145224571228,3.6726653575897217,-1.7209066152572632,4.401278495788574,2.1868374347686768,13.891983985900879,0.4343591332435608,4.0093536376953125,-0.0467122383415699,2.257718801498413,0.12015314400196075,1.2462364435195923,0.09654494374990463,1.0872467756271362,0.01375169400125742,1.0429482460021973,0.008618619292974472,0.9817493557929993,0.049001242965459824,1.3046520948410034,0.002313412958756089,1.36875319480896,0.08840373158454895,1.079005241394043,0.027996497228741646,0.8705023527145386,0.053402043879032135,0.7497765421867371,0.05410384386777878,0.9516838788986206,0.0341985784471035,0.9034053087234497,-0.004678713157773018,0.904751718044281,0.024248071014881134,1.1226228475570679,-0.01221449300646782,0.8275269269943237,0.007946621626615524,0.8726047277450562,-0.015637632459402084,0.6846485733985901,-0.029719460755586624,0.6820826530456543,2999.183349609375,1473.13720703125,2553.286376953125,321.75665283203125,5668.81494140625,2057.48291015625,8260.7744140625,1278.8541259765625,0.11331586539745331,0.15562523901462555,19.251996994018555,8.024652481079102,9.619508743286133,3.1673951148986816,13.071413040161133,3.52618408203125,15.637516021728516,3.6816318035125732,14.454980850219727,2.2271296977996826,14.99077033996582,1.9136013984680176,19.39630126953125,2.5267772674560547,0.1798773854970932,0.17555521428585052,0.1239684522151947,0.08589369803667068,0.057644322514534,0.10285128653049469
bonafide_10,Johnny Lokke - Whisper To A Scream,3,7.5,0,Bona-fide (Human),-62.45017623901367,18.905858993530273,91.13658905029297,11.597933769226074,-5.66510009765625,13.404903411865234,39.45265197753906,4.551838397979736,16.390708923339844,4.738597869873047,7.32706356048584,7.170815944671631,-1.8223419189453125,4.847115993499756,11.922643661499023,6.051541328430176,6.97053337097168,5.444729328155518,14.060647010803223,5.17388916015625,1.6429266929626465,3.8357198238372803,7.2806243896484375,5.307685375213623,-1.3872225284576416,4.951712608337402,-2.2282047271728516,5.058934688568115,-8.264479637145996,4.95585298538208,-1.4009329080581665,4.195502758026123,-5.450414657592773,4.611252784729004,-0.12854573130607605,4.2024664878845215,-1.8255934715270996,4.604934215545654,-2.671520709991455,4.109366416931152,0.21018150448799133,4.050490379333496,0.16329291462898254,2.3921077251434326,-0.21760576963424683,2.238431692123413,-0.07668943703174591,0.7941949963569641,0.03138421103358269,0.9127976298332214,-0.07984870672225952,1.1884360313415527,-0.014617395587265491,0.9322999119758606,-0.0017819857457652688,1.1530284881591797,0.0318433903157711,1.080316185951233,0.0324876606464386,0.9734262228012085,0.03665242716670036,0.7404142022132874,0.036201175302267075,1.024256944656372,0.028634915128350258,0.9990563988685608,0.023805055767297745,1.0674699544906616,0.04317236691713333,1.0323779582977295,0.037840504199266434,0.7889572978019714,0.03870822861790657,0.90901780128479,0.009648152627050877,0.8402633666992188,0.006093224976211786,0.8626334071159363,0.019293714314699173,0.770938515663147,2132.34814453125,286.8983154296875,2469.919921875,240.6360626220703,4658.79833984375,864.4467163085938,7734.9560546875,695.9683227539062,0.019013239070773125,0.01093981135636568,24.211620330810547,5.1932172775268555,10.025924682617188,2.941409111022949,14.420475959777832,4.054977893829346,15.09756851196289,3.8720669746398926,14.532134056091309,2.277498960494995,14.558844566345215,1.7111657857894897,19.920513153076172,1.7993055582046509,0.0702243372797966,0.017981097102165222,0.1717650443315506,0.04102317988872528,0.0021668255794793367,0.0015657206531614065
bonafide_10,Johnny Lokke - Whisper To A Scream,6,15.0,0,Bona-fide (Human),-57.853450775146484,23.02680206298828,104.50495147705078,15.346382141113281,-19.841659545898438,14.404806137084961,36.81961441040039,7.852860927581787,14.357454299926758,7.021103858947754,2.2537171840667725,7.548752784729004,-0.3838469088077545,8.497994422912598,11.335160255432129,6.343392848968506,5.412991523742676,6.2553391456604,12.903114318847656,6.144927978515625,1.958793044090271,5.1107916831970215,3.9961395263671875,5.723412990570068,2.789867877960205,6.537353992462158,-1.5439608097076416,5.260841369628906,-7.207004070281982,5.633864879608154,-1.9726206064224243,5.612951755523682,-9.024985313415527,6.036126613616943,-1.481770634651184,6.864260673522949,-3.608811616897583,6.4101715087890625,0.16664837300777435,5.679110050201416,-0.22771012783050537,4.553021430969238,0.151494562625885,3.17991042137146,0.003230289090424776,2.7902586460113525,0.00956749077886343,1.6076329946517944,0.0742819607257843,1.1994000673294067,-0.005036601331084967,1.2547160387039185,0.044811636209487915,1.3901015520095825,-0.035869866609573364,1.1250557899475098,0.02302151545882225,1.1483324766159058,0.04937666282057762,1.0574427843093872,-0.015729747712612152,0.9580855965614319,-0.04434050992131233,0.9495936632156372,-0.031764689832925797,1.0259348154067993,-0.005399724002927542,1.041953682899475,0.012556076049804688,1.129598617553711,-0.069387286901474,0.9866433143615723,0.0077819605357944965,1.0799416303634644,-0.024225177243351936,1.2838234901428223,-0.02509973756968975,1.2983283996582031,-0.02915879525244236,1.005332589149475,1975.3756103515625,336.0788269042969,2203.825927734375,293.13909912109375,4018.534423828125,925.4522094726562,6829.11572265625,1099.9478759765625,0.01635180599987507,0.01306699775159359,24.823482513427734,6.043862342834473,10.784204483032227,3.648155689239502,14.03498649597168,3.5640201568603516,16.86366844177246,4.248016357421875,16.227737426757812,3.2410032749176025,15.85209846496582,2.447702169418335,21.68694496154785,2.381470203399658,0.0769788920879364,0.02108587697148323,0.17677843570709229,0.04272099956870079,0.0015197008615359664,0.002244217088446021
bonafide_10,Johnny Lokke - Whisper To A Scream,10,25.0,0,Bona-fide (Human),-61.544437408447266,34.36174774169922,95.43795776367188,18.819143295288086,-14.390389442443848,18.88824462890625,37.61161422729492,8.58273983001709,16.735610961914062,8.1242036819458,5.18604850769043,8.695352554321289,0.3940104842185974,6.216598987579346,11.573596000671387,6.4911651611328125,4.368188858032227,7.616276741027832,11.594257354736328,6.934134483337402,1.652747631072998,6.063295841217041,4.761474609375,5.36592435836792,0.5313273668289185,5.852644443511963,-2.0643551349639893,5.900228500366211,-6.6325459480285645,6.370449066162109,-0.23740626871585846,5.671010971069336,-7.886872291564941,4.9819769859313965,-1.1305665969848633,5.174773216247559,-5.408872127532959,5.211244106292725,-1.6413718461990356,5.697824478149414,-0.10497506707906723,5.36997127532959,0.0569855272769928,3.3266549110412598,-0.06377232819795609,2.8899974822998047,0.03604370728135109,1.6802008152008057,-0.021723434329032898,1.3748910427093506,0.023742547258734703,1.4515328407287598,0.04562421515583992,1.2379974126815796,-0.007003325037658215,1.0936429500579834,0.033790819346904755,1.2614442110061646,-0.009913148358464241,1.2151968479156494,0.09657280892133713,1.2912101745605469,0.020243680104613304,1.1402932405471802,0.007760957349091768,1.075073480606079,0.015246552415192127,1.1420865058898926,0.007457991596311331,1.1093864440917969,-0.021742191165685654,0.9563391804695129,-0.018998444080352783,0.9600105285644531,-0.004439827520400286,1.0238546133041382,0.005083950236439705,1.0249121189117432,-0.02012433297932148,0.9196284413337708,2090.510986328125,494.1206359863281,2318.061279296875,312.9329833984375,4285.2568359375,1157.76171875,7258.03515625,1080.65771484375,0.02027299627661705,0.020912829786539078,24.451705932617188,6.241283893585205,11.567538261413574,3.7541661262512207,15.40108871459961,4.083802700042725,17.22843360900879,3.8538694381713867,16.558147430419922,3.4065520763397217,16.60123062133789,2.3295488357543945,20.813373565673828,2.7405264377593994,0.0830213725566864,0.03807167336344719,0.17804250121116638,0.0425240658223629,0.002510170917958021,0.0043815490789711475
bonafide_10,Johnny Lokke - Whisper To A Scream,13,32.5,0,Bona-fide (Human),-52.82834243774414,19.858999252319336,93.67062377929688,12.53454875946045,-16.747955322265625,12.098490715026855,39.59919357299805,7.575024604797363,14.847461700439453,5.981001853942871,2.9112439155578613,6.690855979919434,-0.13119232654571533,6.497197151184082,11.347210884094238,5.733819961547852,3.439359664916992,5.936789512634277,10.40545654296875,6.616682529449463,2.7400906085968018,6.150960922241211,4.978473663330078,5.948310852050781,0.8316681981086731,6.16196870803833,-1.7045259475708008,4.876212120056152,-8.30579662322998,5.725400924682617,-1.7127138376235962,4.7681474685668945,-10.30263900756836,5.52332067489624,-1.0237900018692017,5.173547744750977,-1.4526182413101196,6.4799346923828125,-1.7752023935317993,4.867149829864502,0.09510131925344467,4.095279693603516,0.07647981494665146,2.4011926651000977,-0.034874748438596725,2.26289963722229,0.0019802297465503216,1.4687941074371338,-0.06012865528464317,1.1276617050170898,-0.0454878956079483,1.3992584943771362,0.018409529700875282,1.0924161672592163,0.030158519744873047,1.1492942571640015,0.016868121922016144,1.048095464706421,0.048131994903087616,1.2593986988067627,0.05702586844563484,0.929752767086029,-0.010829852893948555,1.1635478734970093,-0.0017645226325839758,1.3427250385284424,-0.015026935376226902,0.997231662273407,0.023892592638731003,1.0848394632339478,0.031206179410219193,0.7878043055534363,-0.015419770032167435,0.9769856929779053,0.07035312056541443,0.8839837908744812,0.0027913120575249195,1.0476555824279785,0.016223616898059845,0.7731916904449463,2150.1884765625,287.47125244140625,2335.219970703125,241.1278533935547,4374.6298828125,834.439453125,7334.84716796875,878.9695434570312,0.02055888995528221,0.012714293785393238,22.22927474975586,5.25068473815918,10.688704490661621,3.875732660293579,14.310626029968262,3.7185239791870117,16.608028411865234,4.011480808258057,16.4780330657959,3.031428098678589,16.14496612548828,2.6782774925231934,21.278600692749023,2.4605462551116943,0.08775950968265533,0.022607406601309776,0.17509880661964417,0.04614575579762459,0.0018606061348691583,0.0015054064569994807
bonafide_10,Johnny Lokke - Whisper To A Scream,16,40.0,0,Bona-fide (Human),-56.53437042236328,24.717206954956055,96.92681121826172,17.4166202545166,-18.70374870300293,18.392635345458984,40.144657135009766,11.165260314941406,13.598492622375488,8.582849502563477,3.6036252975463867,8.927919387817383,2.5848467350006104,8.624382972717285,10.885710716247559,7.868290424346924,1.9219692945480347,8.30246639251709,12.537434577941895,6.97504997253418,3.1891887187957764,7.950949668884277,5.0629963874816895,6.4421586990356445,2.019373655319214,6.446216106414795,-1.0181875228881836,7.110074520111084,-5.54793643951416,7.449197292327881,2.4079549312591553,6.71603536605835,-8.174310684204102,4.684981346130371,-0.8206538558006287,5.595293998718262,-3.4619874954223633,4.725984573364258,-4.321370601654053,4.901597499847412,0.20542268455028534,5.035987377166748,0.11370471119880676,3.3446171283721924,0.00883718766272068,2.9216768741607666,-0.06355413049459457,2.1444599628448486,-0.08472665399312973,1.4397984743118286,0.0420675128698349,1.5228241682052612,0.06867610663175583,1.5519357919692993,0.006933852564543486,1.3502415418624878,-0.08722537010908127,1.433463215827942,-0.0761704370379448,1.2687749862670898,0.03637314587831497,1.354867696762085,-0.04076549783349037,1.2573769092559814,-0.09717684239149094,1.140756368637085,0.03198600187897682,1.1965035200119019,0.10372502356767654,1.1784706115722656,-0.017646169289946556,1.2781343460083008,0.00434751296415925,0.8837233781814575,0.05861883610486984,0.9899201989173889,0.029412364587187767,0.9158037900924683,-0.01910213939845562,0.8470613956451416,2082.958251953125,356.54498291015625,2270.1923828125,314.4578857421875,4247.67333984375,927.1388549804688,7047.93701171875,1161.1259765625,0.016329236328601837,0.012027758173644543,22.177732467651367,4.896793365478516,12.509028434753418,4.119804859161377,15.88231086730957,3.9253733158111572,18.33079719543457,4.545619010925293,16.862773895263672,3.377228260040283,16.919889450073242,2.8008012771606445,21.965869903564453,3.0466537475585938,0.08327455818653107,0.026352060958743095,0.1862153261899948,0.04287508502602577,0.0016115912003442645,0.0017208839999511838
bonafide_10,Johnny Lokke - Whisper To A Scream,20,50.0,0,Bona-fide (Human),-70.17172241210938,33.37381362915039,101.71983337402344,15.756988525390625,-14.334795951843262,19.134273529052734,44.66701889038086,8.043885231018066,19.243520736694336,7.013840198516846,2.3473377227783203,9.510019302368164,2.1568856239318848,5.801488399505615,10.669788360595703,6.107253074645996,6.957062721252441,5.602830410003662,13.55929946899414,4.501613616943359,2.143069267272949,6.062351226806641,5.647701740264893,4.778907299041748,2.243718385696411,6.597695350646973,-4.645523548126221,6.39693021774292,-7.826640605926514,4.653543949127197,1.2993241548538208,6.204181671142578,-7.634157180786133,4.155760765075684,-1.8923330307006836,4.521782875061035,-2.042004108428955,4.798037052154541,-0.6911964416503906,4.669088840484619,-0.014635139144957066,5.46422815322876,0.02790023386478424,3.158362627029419,0.13380372524261475,2.681199312210083,-0.10210347920656204,1.2966569662094116,0.021016346290707588,1.2266020774841309,0.0985601618885994,1.2700423002243042,0.024874968454241753,1.2906352281570435,0.003765297122299671,1.0485584735870361,0.032794173806905746,0.9911952018737793,-0.023842941969633102,0.7788711786270142,0.07429882138967514,0.7575281858444214,0.011630628257989883,0.8596336841583252,-0.03728892281651497,1.001246690750122,0.054671067744493484,0.9793692827224731,0.014707446098327637,0.8419869542121887,-0.06720969825983047,0.8507477045059204,-0.025285672396421432,0.7165680527687073,-0.03156660124659538,0.7613754868507385,-0.058894261717796326,0.8342872262001038,-0.031103607267141342,0.8646169304847717,1942.045654296875,393.5068664550781,2221.527587890625,315.5271301269531,3966.047119140625,952.48486328125,6798.361328125,1180.4466552734375,0.01373983547091484,0.011466615833342075,24.06008529663086,5.162024974822998,10.749589920043945,3.328334331512451,14.20048999786377,4.4220075607299805,15.465167999267578,3.3592817783355713,15.292168617248535,2.861989736557007,15.914639472961426,2.5549352169036865,22.140039443969727,3.7241015434265137,0.0786607563495636,0.03862087428569794,0.18337209522724152,0.04412851855158806,0.0012757607037201524,0.0017582651926204562
bonafide_10,Johnny Lokke - Whisper To A Scream,23,57.5,0,Bona-fide (Human),-62.733158111572266,33.02901077270508,104.09696960449219,15.69635009765625,-13.93006706237793,19.130149841308594,36.078224182128906,8.781354904174805,13.61198616027832,8.436198234558105,6.393975257873535,8.624634742736816,3.1849801540374756,8.635924339294434,14.912871360778809,6.9353790283203125,4.476677417755127,5.690065383911133,10.017477989196777,6.565712928771973,3.276702404022217,6.454644203186035,2.8404757976531982,6.000654220581055,-0.32931196689605713,5.547152519226074,0.12001574784517288,7.2104411125183105,-5.972501754760742,5.447661399841309,-1.9747273921966553,5.4801788330078125,-10.051836967468262,5.708896160125732,-2.7247252464294434,5.128363132476807,-3.1618382930755615,5.153059959411621,-0.23360224068164825,5.720056056976318,0.1408008486032486,5.74094295501709,-0.04413514584302902,3.1635375022888184,-0.03531116992235184,2.6091411113739014,-0.017036931589245796,1.8563915491104126,-0.029790595173835754,1.2465314865112305,0.02909097447991371,1.340031385421753,-0.0027447696775197983,1.33462393283844,0.0349147766828537,1.2328182458877563,-0.05210128799080849,1.0111719369888306,-0.017831172794103622,1.1876599788665771,0.08359858393669128,1.167072057723999,0.034073635935783386,1.0319933891296387,0.14160174131393433,1.1054704189300537,0.024318601936101913,1.1139121055603027,-0.0491599515080452,0.8913705945014954,0.04146479070186615,1.051147222518921,-0.01805764064192772,0.8885813355445862,-0.02790505811572075,0.8077166676521301,-0.014528166502714157,0.8644773960113525,-0.08967853337526321,0.9642965793609619,1918.070068359375,341.35125732421875,2246.7490234375,318.7158203125,4056.317138671875,992.8885498046875,6906.67529296875,1104.5478515625,0.014002819545567036,0.011282341554760933,24.071884155273438,5.469960689544678,10.117626190185547,3.048635959625244,14.9177827835083,4.248904228210449,16.204818725585938,3.7632203102111816,16.48295021057129,3.6989283561706543,15.361562728881836,2.210628032684326,20.821678161621094,2.7134439945220947,0.06992368400096893,0.02277698740363121,0.18901175260543823,0.04534435272216797,0.0012295464985072613,0.0014826135011389852
bonafide_10,Johnny Lokke - Whisper To A Scream,27,67.5,0,Bona-fide (Human),-48.10499954223633,21.805267333984375,95.73177337646484,14.447016716003418,-26.761411666870117,15.93381404876709,32.481414794921875,10.086874008178711,10.733966827392578,6.890026569366455,4.066623687744141,7.036856651306152,6.659958362579346,10.198534965515137,14.173640251159668,7.5653395652771,1.3674324750900269,5.4705729484558105,7.597305774688721,7.094030857086182,2.0426676273345947,6.354725360870361,1.965248703956604,6.363820552825928,-0.5540267825126648,5.9313201904296875,2.8761770725250244,6.514175891876221,-3.261789321899414,6.343028545379639,-0.6854792237281799,6.204024314880371,-10.558014869689941,5.186549186706543,-4.726889133453369,6.149702548980713,-5.457620143890381,6.883976936340332,-1.8869445323944092,5.677910327911377,-0.18902738392353058,4.014622211456299,0.11420296877622604,2.8455746173858643,-0.27876073122024536,2.662846088409424,-0.011496658436954021,1.630706548690796,0.01888493075966835,1.213700532913208,-0.058474812656641006,1.183625340461731,0.08482959866523743,1.7904564142227173,0.004526209086179733,1.4498122930526733,0.007133046630769968,0.9256358742713928,0.030916472896933556,1.1238459348678589,0.019963661208748817,1.1284854412078857,-0.018314845860004425,1.1947287321090698,-0.025934042409062386,1.1128644943237305,-0.005836385302245617,1.1153620481491089,0.051985129714012146,0.9782670140266418,0.0873798355460167,1.2853150367736816,0.022481894120573997,0.8877617120742798,0.033299848437309265,1.0388405323028564,0.0433933287858963,1.1553047895431519,-0.041733965277671814,1.0004135370254517,2170.544189453125,315.2616882324219,2256.144287109375,311.96942138671875,4284.0107421875,960.3348999023438,7093.54541015625,1110.7225341796875,0.020508691668510437,0.01327673438936472,22.917261123657227,5.774319648742676,12.951547622680664,3.826690435409546,15.147812843322754,3.630882978439331,17.842166900634766,3.9550957679748535,18.16465950012207,3.273615837097168,16.600248336791992,2.128617286682129,21.54523277282715,2.7594923973083496,0.09320520609617233,0.019399184733629227,0.17513996362686157,0.045989733189344406,0.0019687607418745756,0.0030345642007887363
bonafide_10,Johnny Lokke - Whisper To A Scream,30,75.0,0,Bona-fide (Human),-46.74191665649414,20.85658836364746,100.35545349121094,14.448991775512695,-18.241884231567383,18.095914840698242,33.823116302490234,8.549492835998535,12.495244979858398,7.333212375640869,4.582256317138672,7.5526604652404785,1.6888147592544556,9.905781745910645,12.815668106079102,8.355704307556152,3.962700128555298,5.304670333862305,10.037293434143066,6.384856224060059,3.317312479019165,5.372646808624268,3.4859440326690674,5.889411926269531,-0.025854816660284996,5.835813522338867,1.1648892164230347,7.479784965515137,-6.825124263763428,6.756486892700195,-3.7316629886627197,6.159353733062744,-11.794318199157715,6.073437690734863,-3.6649837493896484,7.079123497009277,-3.276502847671509,6.319936275482178,-0.763961672782898,5.740561485290527,-0.2794068157672882,4.078997611999512,-0.056468650698661804,2.8715031147003174,0.2814512252807617,2.898869037628174,-0.02897806465625763,1.4393298625946045,0.0299940537661314,1.1277097463607788,0.16859814524650574,1.231475830078125,0.023678479716181755,1.520042896270752,-0.03588578477501869,1.3171709775924683,0.028466688469052315,1.0182331800460815,-0.03591383993625641,1.2137614488601685,-0.05777542665600777,1.0121487379074097,-0.028893718495965004,0.8984510898590088,-0.07247279584407806,1.1015589237213135,-0.025088829919695854,1.141563057899475,-0.011239832267165184,1.2075161933898926,-0.044800836592912674,1.1184539794921875,0.01028632465749979,1.1081639528274536,-0.004327306058257818,0.9431670904159546,0.03110266476869583,1.13704514503479,-0.00972673762589693,1.01311457157135,2037.2939453125,308.6819152832031,2256.603271484375,315.46173095703125,4194.88720703125,983.1337280273438,7023.3134765625,1056.9932861328125,0.017255166545510292,0.01161824818700552,23.1597957611084,5.361058712005615,10.522905349731445,3.531712532043457,14.214353561401367,3.872164726257324,16.586606979370117,4.348288059234619,17.522520065307617,4.2027106285095215,16.046470642089844,2.147367238998413,20.98424530029297,2.4475231170654297,0.0834893137216568,0.022966934368014336,0.19496174156665802,0.04027443751692772,0.0014938933309167624,0.0014169503701850772
bonafide_10,Johnny Lokke - Whisper To A Scream,33,82.5,0,Bona-fide (Human),-52.42844772338867,20.81857681274414,95.464111328125,17.648176193237305,-20.38399887084961,15.006587982177734,37.91708755493164,11.16639518737793,13.779210090637207,8.37204647064209,-1.2504545450210571,10.208338737487793,1.4978837966918945,9.706103324890137,12.032801628112793,8.616073608398438,1.5739290714263916,8.165297508239746,11.285819053649902,6.431070804595947,3.0907979011535645,6.1463398933410645,4.843616485595703,6.850733280181885,1.8824288845062256,5.8883514404296875,-0.5847541093826294,6.647794246673584,-5.805849075317383,5.783329486846924,1.7555791139602661,5.290219783782959,-4.825196266174316,5.640763759613037,0.21438369154930115,5.777952194213867,-3.355725049972534,5.374803066253662,-3.7900938987731934,5.502301216125488,0.3261227011680603,4.637587547302246,-0.11852959543466568,3.6640446186065674,0.1399666666984558,2.885068416595459,-0.052156321704387665,2.04701566696167,-0.13107424974441528,1.5923112630844116,-0.05528033524751663,1.6716628074645996,-0.06387518346309662,1.6262259483337402,-0.0063453782349824905,1.7191849946975708,0.004240963142365217,1.2369619607925415,0.055143728852272034,1.3488969802856445,0.10164204239845276,1.2783840894699097,-0.02154562436044216,1.0258084535598755,-0.02711290866136551,1.2286471128463745,0.09538625925779343,1.3830536603927612,-0.045408692210912704,1.09915292263031,-0.041530903428792953,1.0552095174789429,-0.013062631711363792,1.0829883813858032,-0.028068052604794502,1.1629847288131714,-0.005527476314455271,0.9552928805351257,0.05765397474169731,0.9480476975440979,2168.91845703125,384.7438659667969,2295.833251953125,303.379638671875,4323.73779296875,1027.74853515625,7190.7939453125,1121.758544921875,0.020149221643805504,0.015775322914123535,22.47138214111328,5.918737411499023,12.589629173278809,3.3622705936431885,15.82448959350586,3.6429576873779297,18.74588394165039,3.731031656265259,17.100303649902344,2.68542742729187,16.536903381347656,2.043100118637085,21.706195831298828,2.4944489002227783,0.08794261515140533,0.026226207613945007,0.17589491605758667,0.0419318825006485,0.00214736582711339,0.0029825044330209494
bonafide_10,Johnny Lokke - Whisper To A Scream,37,92.5,0,Bona-fide (Human),-60.17898178100586,24.27452850341797,91.62315368652344,11.241661071777344,-7.838254451751709,15.178418159484863,34.74462890625,5.983975410461426,14.141362190246582,6.531321048736572,9.948341369628906,6.717442989349365,0.5039967894554138,5.836846351623535,12.60227108001709,5.013845920562744,4.757528305053711,5.324068069458008,12.131138801574707,6.23380708694458,2.045170783996582,5.293338775634766,6.79017448425293,5.090839862823486,-1.6210654973983765,4.317287921905518,-0.3863886296749115,4.742141246795654,-4.951622486114502,5.140005111694336,1.4139496088027954,4.881121635437012,-5.307859420776367,4.629999160766602,-1.4151628017425537,4.802886009216309,-3.3468058109283447,4.884946823120117,-3.1207637786865234,4.699288368225098,0.02012636885046959,4.2730255126953125,0.025451695546507835,2.3113853931427,-0.023724626749753952,2.5250906944274902,-0.038612037897109985,0.9974971413612366,0.024994418025016785,1.1114782094955444,0.016168098896741867,1.1286776065826416,-0.020483748987317085,0.9755237102508545,-0.03733024001121521,0.9301836490631104,-0.04129268229007721,0.9730436205863953,-0.061342332512140274,1.3023830652236938,-0.026950279250741005,0.8729530572891235,-0.02169247716665268,1.0301638841629028,-0.038573238998651505,0.7815854549407959,-0.04894545301795006,0.8324776887893677,-0.04032051935791969,0.7767977714538574,-0.07901891320943832,0.8239644169807434,-0.06764429807662964,0.9000614285469055,-0.05294647812843323,0.7967989444732666,-0.06368204951286316,0.8515154719352722,-0.002235129941254854,0.808109700679779,2151.046630859375,328.29022216796875,2470.510986328125,228.92591857910156,4687.9580078125,869.2860717773438,7779.01904296875,633.3392944335938,0.020169010385870934,0.014330847188830376,23.030319213867188,4.913053035736084,12.10573673248291,3.643521308898926,14.755500793457031,4.124341011047363,16.803482055664062,4.0089921951293945,15.92546558380127,2.5942444801330566,14.926838874816895,1.635306715965271,19.68034553527832,1.7539780139923096,0.0691053569316864,0.023720011115074158,0.1761791855096817,0.04260612279176712,0.0021400966215878725,0.0017875528428703547
bonafide_10,Johnny Lokke - Whisper To A Scream,40,100.0,0,Bona-fide (Human),-39.634952545166016,21.94582176208496,90.21748352050781,10.039953231811523,-15.362544059753418,12.665745735168457,29.103992462158203,10.163412094116211,6.404879093170166,9.254987716674805,9.873847007751465,6.646980285644531,4.74372673034668,8.38366985321045,16.895193099975586,6.536270618438721,1.0840429067611694,5.90668249130249,9.259846687316895,6.3788886070251465,2.687845468521118,6.5065412521362305,4.913412094116211,5.456878185272217,-0.3298971652984619,5.280686378479004,1.93490731716156,6.991539478302002,-8.695850372314453,5.948390483856201,-0.1527489572763443,5.572301387786865,-7.659774303436279,6.312660217285156,-0.30758652091026306,5.606502532958984,0.3111693561077118,6.878316402435303,-0.426406592130661,6.3258056640625,-0.2161327600479126,2.9281210899353027,-0.06712154299020767,1.9089983701705933,-0.03395618870854378,2.3662781715393066,0.09595862776041031,1.2376495599746704,0.08642688393592834,1.067026972770691,-0.04397352412343025,1.340635895729065,0.020350288599729538,1.1387560367584229,-0.03658456727862358,1.053849220275879,0.00976613350212574,0.9431458115577698,0.017503725364804268,1.3550127744674683,-0.1032802015542984,1.2074171304702759,0.08376645296812057,1.039044737815857,0.07608641684055328,0.8777185678482056,0.05428261309862137,1.1868840456008911,0.06307820975780487,0.9470787644386292,0.037179283797740936,0.9054385423660278,0.04669841751456261,1.0844225883483887,0.03128846362233162,1.0172593593597412,-0.022409280762076378,1.1386971473693848,-0.04514496028423309,1.026370644569397,2237.13134765625,256.200927734375,2409.489501953125,213.26197814941406,4742.9873046875,762.295654296875,7656.79833984375,585.9942016601562,0.021358679980039597,0.0118161141872406,22.21234703063965,5.610090732574463,13.301542282104492,4.061108589172363,14.428824424743652,3.701739549636841,18.020219802856445,3.7017979621887207,17.795679092407227,3.395906686782837,16.296594619750977,2.304314613342285,20.820816040039062,2.1243934631347656,0.08485469222068787,0.021739555522799492,0.19498100876808167,0.04024715721607208,0.00210575177334249,0.001563297351822257
bonafide_10,Johnny Lokke - Whisper To A Scream,43,107.5,0,Bona-fide (Human),-36.89888000488281,20.137598037719727,89.44666290283203,10.073359489440918,-13.226076126098633,12.101115226745605,25.90720558166504,7.438316345214844,4.079071044921875,9.460338592529297,10.294248580932617,6.603459358215332,6.152607440948486,8.804341316223145,18.387292861938477,7.288177490234375,1.590690016746521,5.203474521636963,8.10157585144043,5.832249641418457,2.1460440158843994,5.35897970199585,4.692220687866211,5.650317192077637,-0.11076580733060837,5.920473098754883,3.3833696842193604,5.789667129516602,-8.655607223510742,6.361368179321289,-2.1212384700775146,6.502903938293457,-7.931033134460449,6.652462959289551,-0.971890389919281,5.847324371337891,0.6393833160400391,7.138809680938721,1.2309046983718872,7.448966026306152,-0.0709400326013565,3.1063239574432373,0.028340693563222885,1.994308352470398,0.03659648075699806,1.880362629890442,0.01357537042349577,0.9964685440063477,0.01701788604259491,1.2050764560699463,-0.04760587587952614,1.0785069465637207,-0.11109580099582672,1.4526793956756592,0.015005473978817463,1.3842424154281616,0.022868355736136436,0.8620949387550354,0.022827498614788055,1.0370895862579346,-0.04773658886551857,1.0084742307662964,-0.09904226660728455,1.151962161064148,-0.07196155190467834,0.9651250839233398,-0.011713572777807713,1.0434564352035522,0.04198243468999863,1.150268316268921,0.10895654559135437,1.1852563619613647,0.08209428936243057,1.1484568119049072,-0.027063993737101555,1.0387312173843384,-0.11387521028518677,1.225466012954712,-0.16378162801265717,1.1092007160186768,2266.48388671875,271.24267578125,2452.849609375,205.32443237304688,4916.8974609375,729.4988403320312,7758.2333984375,604.1747436523438,0.02291266992688179,0.013351132161915302,21.612600326538086,5.365243911743164,14.204529762268066,4.121006965637207,15.501739501953125,3.548243284225464,17.884151458740234,4.045334815979004,17.88144302368164,3.544053554534912,15.41954517364502,1.7536325454711914,20.36680030822754,1.9111955165863037,0.08386456221342087,0.02054443396627903,0.19841624796390533,0.04297705367207527,0.002561881672590971,0.002209955593571067
bonafide_10,Johnny Lokke - Whisper To A Scream,47,117.5,0,Bona-fide (Human),-33.74034881591797,20.26818084716797,89.19071960449219,11.546030044555664,-16.718564987182617,12.840400695800781,36.82081985473633,8.000753402709961,9.656529426574707,7.661765098571777,1.8826240301132202,7.976092338562012,-6.649480819702148,7.9860734939575195,11.621739387512207,7.603408336639404,5.174240589141846,6.223167419433594,14.711482048034668,7.502058506011963,3.1383161544799805,6.884106159210205,5.624416351318359,6.690352439880371,-0.7941023707389832,5.66167688369751,0.3138844668865204,5.47413444519043,-8.744518280029297,7.107880115509033,-1.6301119327545166,4.925715446472168,-8.257923126220703,5.66956090927124,-2.4853789806365967,6.905309200286865,-0.24825936555862427,7.488039970397949,1.1919007301330566,7.481139659881592,0.09403589367866516,3.287531852722168,-0.0012968293158337474,2.1824214458465576,-0.05113736167550087,2.1716465950012207,0.1196727454662323,1.5676668882369995,-0.02990185283124447,1.2222832441329956,-0.12517377734184265,1.2085257768630981,-0.12886907160282135,1.1762279272079468,-0.08530295640230179,1.1144843101501465,0.04335468262434006,1.0790234804153442,0.06978295743465424,1.3630403280258179,0.011987118981778622,1.1565921306610107,0.08246855437755585,1.0499740839004517,0.062296126037836075,1.0357248783111572,-0.0455297976732254,0.9334403276443481,-0.1492636799812317,1.2734756469726562,-0.0033711260184645653,0.8664656281471252,0.07408042997121811,1.103046178817749,0.022276096045970917,1.061511754989624,0.06859292089939117,1.2546287775039673,0.0869973823428154,1.2084827423095703,2230.833740234375,307.3227844238281,2345.5185546875,239.49771118164062,4581.6376953125,840.7183227539062,7444.3076171875,750.21875,0.021139541640877724,0.017324471846222878,21.92443084716797,5.879235744476318,12.87852668762207,3.735708475112915,14.555363655090332,3.704679250717163,17.602434158325195,4.526262283325195,17.67579460144043,3.291893243789673,16.75312042236328,2.4109506607055664,21.74640464782715,2.6910781860351562,0.0953843891620636,0.024714963510632515,0.21043479442596436,0.04170568287372589,0.00212466181255877,0.002404063707217574
bonafide_10,Johnny Lokke - Whisper To A Scream,50,125.0,0,Bona-fide (Human),-37.72610092163086,14.999000549316406,95.74409484863281,10.031495094299316,-14.054682731628418,9.127983093261719,39.70511245727539,6.234158039093018,9.42245864868164,5.073400497436523,2.6521153450012207,5.270626544952393,-5.294032573699951,5.266821384429932,6.596659183502197,5.367244243621826,7.572518825531006,6.359874248504639,16.70400619506836,6.929007053375244,3.214630126953125,6.929869651794434,9.02440071105957,5.990481376647949,-4.890065670013428,4.63501501083374,-3.393468141555786,5.654326438903809,-6.8437113761901855,6.179675102233887,0.38779526948928833,5.7679243087768555,-5.5337138175964355,5.357254981994629,-1.6197160482406616,5.914271354675293,3.143716812133789,6.732651710510254,5.245743751525879,5.697656154632568,0.12177538126707077,2.6765522956848145,-0.06762786954641342,2.2870686054229736,0.004810912534594536,1.6955217123031616,0.0012131067924201488,1.2893211841583252,0.01607130654156208,0.8814888596534729,0.04597220942378044,1.0737617015838623,0.0026290747337043285,1.0136725902557373,-0.01644033007323742,1.0462779998779297,-0.005324202589690685,1.1290974617004395,0.005356616340577602,1.3829702138900757,-0.02285013347864151,1.3504605293273926,-0.006838926579803228,1.3176286220550537,0.0027802542317658663,0.8788260221481323,-0.001072049723006785,1.324743390083313,-0.013184498995542526,1.2643495798110962,0.04979794844985008,1.1147258281707764,0.057014938443899155,1.1019291877746582,0.03279665485024452,1.3853352069854736,-0.008258793503046036,1.5513721704483032,0.01508636400103569,1.13065505027771,2054.41796875,239.4365692138672,2290.861328125,186.6973419189453,4272.54638671875,605.5151977539062,7255.04443359375,676.1126098632812,0.015264499932527542,0.009225905872881413,23.611482620239258,5.862992286682129,10.885703086853027,3.3658745288848877,13.759106636047363,3.186473846435547,20.587017059326172,3.6338131427764893,19.311946868896484,3.0697171688079834,18.186819076538086,2.287137269973755,22.293134689331055,1.986192226409912,0.08563006669282913,0.0194935854524374,0.21223314106464386,0.04143347591161728,0.0015323347179219127,0.0011143505107611418
bonafide_10,Johnny Lokke - Whisper To A Scream,54,135.0,0,Bona-fide (Human),-33.70394515991211,14.74036693572998,94.52611541748047,11.76077651977539,-21.550382614135742,10.018351554870605,39.53001022338867,6.676965236663818,11.282794952392578,6.039182186126709,6.599019527435303,6.134365558624268,-1.2285066843032837,6.1081438064575195,6.392696857452393,6.054502010345459,4.075954914093018,4.586501121520996,10.344518661499023,4.537106037139893,-2.691753625869751,4.9491071701049805,7.666173934936523,5.255701541900635,-3.056506395339966,5.154585838317871,-1.0414540767669678,4.535041332244873,-7.671713352203369,5.556207180023193,-2.8853771686553955,5.64326810836792,-5.416019439697266,7.631917953491211,0.546199381351471,7.328353404998779,4.96677827835083,7.247097969055176,5.769730567932129,7.538084506988525,0.11185097694396973,3.2044918537139893,-0.08397205919027328,2.762622117996216,0.10956961661577225,2.1504721641540527,0.002924987580627203,1.3272770643234253,-0.013558256439864635,1.0650724172592163,0.02337806671857834,1.1872763633728027,0.03124157525599003,1.1151725053787231,0.12498459964990616,1.2550296783447266,0.054683174937963486,0.9134958982467651,0.024202261120080948,0.878552258014679,-0.04070444032549858,1.0420575141906738,-0.02448193170130253,1.0517289638519287,0.002331489697098732,1.0263978242874146,0.03851219639182091,0.7413293719291687,0.029535792768001556,0.9577915072441101,0.017509175464510918,1.0031284093856812,-0.019322743639349937,1.2264490127563477,-0.06197463721036911,0.9957258105278015,0.006939080078154802,1.4296348094940186,0.0887569859623909,1.223494052886963,2107.494384765625,243.29209899902344,2241.291259765625,198.99810791015625,4243.98486328125,590.9401245117188,7129.583984375,760.5230102539062,0.017139982432127,0.00985921174287796,23.990060806274414,5.230251789093018,11.255739212036133,3.1697044372558594,15.263062477111816,3.8604328632354736,19.279102325439453,4.09890079498291,19.222238540649414,3.4410808086395264,18.219223022460938,2.698179244995117,22.91353988647461,2.0483007431030273,0.09612132608890533,0.023982886224985123,0.20097392797470093,0.03678545728325844,0.0016383101465180516,0.001246586674824357
bonafide_10,Johnny Lokke - Whisper To A Scream,57,142.5,0,Bona-fide (Human),-28.646005630493164,15.041254043579102,100.8316879272461,13.773978233337402,-15.748510360717773,11.978084564208984,42.273441314697266,7.688372611999512,8.794403076171875,6.218520164489746,4.082756996154785,5.630989074707031,-5.3314900398254395,5.355543613433838,5.679656982421875,6.453726768493652,7.472794532775879,5.074992656707764,15.38144302368164,5.558524131774902,4.4078803062438965,5.094123840332031,12.242620468139648,5.3716888427734375,1.3909754753112793,5.703501224517822,3.7791240215301514,5.7097625732421875,-3.080514430999756,5.081578731536865,1.3827141523361206,4.885752201080322,-4.932183265686035,4.744560241699219,-1.0147416591644287,4.473258972167969,0.6224201321601868,5.292875289916992,1.4336057901382446,4.511698246002197,0.003508152673020959,2.9103190898895264,0.018300233408808708,2.6481165885925293,-0.12404343485832214,2.0818912982940674,-0.017921891063451767,1.2483534812927246,-0.07401294261217117,1.0682859420776367,-0.03292873129248619,0.8819743990898132,-0.005987243726849556,0.8512088656425476,-0.01286137942224741,1.1546989679336548,0.013262417167425156,0.9979690313339233,-0.0010723030427470803,1.0296906232833862,-0.011533443816006184,0.779304563999176,-0.025034260004758835,0.958203136920929,-0.02425643987953663,0.7799546718597412,0.0034793748054653406,0.8388479948043823,-0.004033934324979782,0.8584306240081787,0.0017667909851297736,0.8360524773597717,0.0004848595126532018,0.844362735748291,0.01022358052432537,0.8065186738967896,0.04333138093352318,0.7762100696563721,0.02748504839837551,0.6565793752670288,1978.0369873046875,241.18446350097656,2253.0107421875,230.83914184570312,4192.6943359375,613.2984619140625,7008.7587890625,862.587646484375,0.014395815320312977,0.008221314288675785,23.62798309326172,6.491061687469482,10.157853126525879,3.098771333694458,13.56409740447998,3.3387527465820312,18.376800537109375,4.032400131225586,16.89461326599121,2.764559030532837,16.252578735351562,1.9387093782424927,21.93277931213379,2.2696261405944824,0.07111725956201553,0.01918799802660942,0.23797903954982758,0.04321613162755966,0.001197572099044919,0.0009740219102241099
bonafide_10,Johnny Lokke - Whisper To A Scream,60,150.0,0,Bona-fide (Human),-36.51320266723633,16.570852279663086,91.82495880126953,9.350720405578613,-17.806459426879883,10.741847038269043,38.56595230102539,6.840790748596191,9.552791595458984,6.240450382232666,5.784449100494385,5.447986125946045,-2.0408506393432617,6.129775047302246,6.519352436065674,7.0023193359375,3.5801148414611816,6.133627891540527,11.004724502563477,6.042124271392822,-0.2349538505077362,5.775113582611084,10.035113334655762,6.800899982452393,-1.9701439142227173,6.5321550369262695,-1.6500036716461182,5.851399898529053,-6.856074810028076,7.008569717407227,0.9093388915061951,7.109885215759277,-2.445077896118164,6.311990737915039,-0.007976884953677654,5.911031246185303,0.29988452792167664,8.016873359680176,-1.3010759353637695,7.6326141357421875,-0.014616012573242188,2.8869855403900146,0.0677352324128151,2.189340829849243,0.042084768414497375,1.9606778621673584,0.02337608113884926,1.4610501527786255,0.005616841372102499,1.1852909326553345,0.06958380341529846,1.0408577919006348,0.041188716888427734,1.1679792404174805,0.015703953802585602,1.2324825525283813,-0.004184925928711891,1.0302413702011108,0.017545796930789948,1.1256506443023682,0.020309023559093475,1.1286108493804932,-0.000292689714115113,1.318552017211914,-0.01996617019176483,1.082557201385498,-0.026264650747179985,1.0734965801239014,0.01260458119213581,1.1884509325027466,0.015311946161091328,1.2964481115341187,0.07147164642810822,1.157280445098877,0.0664437785744667,0.9528027176856995,0.05008702725172043,1.235011339187622,0.05681316554546356,1.3179975748062134,2175.9384765625,237.25119018554688,2312.821533203125,199.6224365234375,4447.8525390625,636.7163696289062,7352.69140625,692.715087890625,0.018462102860212326,0.010926890186965466,23.65194320678711,5.557106018066406,10.966095924377441,3.3767035007476807,15.784405708312988,3.7739620208740234,20.226318359375,3.7197320461273193,19.541534423828125,3.375842809677124,18.70976448059082,2.328594446182251,22.88485336303711,2.1185202598571777,0.09598343819379807,0.022117527201771736,0.1956559270620346,0.03513166680932045,0.0018911079969257116,0.0014238046715036035
bonafide_10,Johnny Lokke - Whisper To A Scream,64,160.0,0,Bona-fide (Human),-36.790706634521484,16.79137420654297,95.04850006103516,16.16008758544922,-17.791963577270508,10.310149192810059,40.62655258178711,7.263917922973633,10.411298751831055,5.7601823806762695,6.767874240875244,6.106653690338135,-3.4870808124542236,5.354978561401367,4.645078182220459,5.0045294761657715,5.267731189727783,5.1336469650268555,13.123985290527344,6.100667953491211,5.065936088562012,6.190489292144775,9.730631828308105,6.341646671295166,-4.147349834442139,4.918574810028076,-0.5273540616035461,6.304049015045166,-3.692836046218872,5.9767069816589355,1.634168267250061,4.6902570724487305,-4.898101806640625,4.554722309112549,-3.673525810241699,5.37321662902832,2.109712600708008,4.674554347991943,5.241653919219971,5.506476879119873,0.27424073219299316,3.22688889503479,-0.14448919892311096,2.533230781555176,0.11650224775075912,1.9781231880187988,-0.06095387414097786,1.192167043685913,0.02320227213203907,0.9052850604057312,-0.026798831298947334,0.8734300136566162,-0.01452359464019537,1.0568885803222656,-0.014314907602965832,0.8633455038070679,-0.018492288887500763,0.9258049130439758,0.02092958427965641,1.170859456062317,0.03175002336502075,1.0621788501739502,0.055240992456674576,1.157297134399414,0.023081280291080475,0.9208477735519409,-0.0006675940821878612,0.8760061860084534,-0.050334688276052475,0.897437572479248,-0.038966018706560135,0.7880427837371826,-0.011116515845060349,0.778013288974762,0.0007257859106175601,0.7372655868530273,-0.048197872936725616,0.8501050472259521,-0.01571626588702202,0.9028010964393616,2113.740234375,324.4497375488281,2282.783203125,231.56442260742188,4369.0966796875,682.8287353515625,7204.9501953125,885.4379272460938,0.017465567216277122,0.011301116086542606,23.634384155273438,5.588169574737549,10.38996410369873,3.4647507667541504,14.10702896118164,3.6400551795959473,18.678640365600586,4.429253578186035,19.322111129760742,4.1212477684021,16.791749954223633,2.2974841594696045,22.145797729492188,2.487844705581665,0.09322554618120193,0.02972700633108616,0.2134433388710022,0.047928012907505035,0.0015667034313082695,0.001291685737669468
bonafide_10,Johnny Lokke - Whisper To A Scream,67,167.5,0,Bona-fide (Human),-69.18885040283203,41.412261962890625,88.8756332397461,15.422699928283691,-34.01057434082031,28.962526321411133,37.8592529296875,8.7373685836792,-0.4077385663986206,15.033998489379883,2.283470392227173,6.022735118865967,-9.128581047058105,12.236104965209961,5.074055194854736,11.621509552001953,5.349554538726807,8.19921588897705,5.412976264953613,10.670458793640137,-3.491952896118164,8.446723937988281,4.5029754638671875,9.855380058288574,-1.402827501296997,10.675522804260254,-1.4248987436294556,12.737723350524902,-3.183206558227539,8.964381217956543,3.5987768173217773,10.1032075881958,-2.6981089115142822,9.845518112182617,-5.358808517456055,9.761289596557617,0.85820472240448,8.493603706359863,1.928734540939331,7.426507472991943,-0.10040140151977539,4.283172607421875,0.08431542664766312,3.1001763343811035,-0.15078502893447876,1.9175015687942505,-0.038837023079395294,1.2990134954452515,-0.04941370710730553,1.2994673252105713,-0.0174107663333416,0.9521560072898865,-0.044959656894207,1.3481366634368896,-0.11777104437351227,1.1623291969299316,-0.042645879089832306,1.1587587594985962,-0.011442409828305244,1.0149279832839966,-0.02054969035089016,1.147775650024414,-0.06265617161989212,1.1298155784606934,-0.12919913232326508,1.3106880187988281,-0.1291092485189438,1.8140110969543457,-0.013199307955801487,1.5328644514083862,-0.021863209083676338,1.7428562641143799,-0.020836295560002327,1.7748541831970215,-0.023423252627253532,1.2839950323104858,0.04641728103160858,1.3206987380981445,0.05780312046408653,1.317094087600708,2204.678955078125,280.89727783203125,2128.659912109375,322.2047119140625,4296.57177734375,550.6607055664062,6814.71044921875,991.9794921875,0.013861499726772308,0.009660079143941402,22.62676429748535,6.309154510498047,10.149219512939453,3.465176582336426,13.941134452819824,3.6805009841918945,19.467313766479492,4.593124866485596,19.86383056640625,4.063180923461914,20.02220344543457,3.3773868083953857,24.860971450805664,4.510650634765625,0.11581986397504807,0.045101482421159744,0.1712515503168106,0.06906036287546158,0.001147796050645411,0.0011667575454339385
bonafide_10,Johnny Lokke - Whisper To A Scream,70,175.0,0,Bona-fide (Human),-60.15239715576172,29.873228073120117,106.40296936035156,14.108244895935059,-19.487932205200195,19.181156158447266,36.702537536621094,6.918835163116455,12.36851692199707,8.733488082885742,3.259533405303955,7.792936325073242,0.06294179707765579,8.153547286987305,11.782069206237793,7.360682964324951,6.123062610626221,6.961787700653076,13.31338119506836,6.297396659851074,5.876651287078857,5.632017612457275,4.972323894500732,5.603726387023926,1.5101852416992188,6.842717170715332,-3.7649989128112793,5.7902512550354,-8.055825233459473,6.030448913574219,-1.604080319404602,5.667258262634277,-7.726583480834961,6.9006147384643555,-0.9589876532554626,6.393960475921631,-2.964132785797119,6.264037132263184,-0.23855198919773102,6.284493923187256,-0.39915451407432556,5.253090858459473,-0.0030025376472622156,2.994590997695923,0.28200995922088623,2.358090400695801,0.0480336956679821,1.3795387744903564,0.07475566864013672,1.2896226644515991,0.1301611214876175,1.2061601877212524,0.05961447209119797,1.2787549495697021,0.0652632787823677,1.3104097843170166,0.08681823313236237,1.0966230630874634,0.007605881430208683,1.078671932220459,-0.002275901846587658,1.0330172777175903,0.06938719749450684,0.9552485942840576,0.008309190161526203,1.114670753479004,-0.05792873352766037,1.1340280771255493,-0.0077853999100625515,1.1984363794326782,-0.04272478446364403,1.1709868907928467,0.07328327745199203,0.9966046810150146,0.06669846177101135,1.0195622444152832,0.026911471039056778,1.007968783378601,0.00023687107022851706,0.9895964860916138,1887.380615234375,323.7046813964844,2155.709228515625,287.9342956542969,3834.355712890625,851.1301879882812,6622.955078125,1020.283935546875,0.012970473617315292,0.009782823733985424,23.506502151489258,5.80517578125,10.474122047424316,3.2283058166503906,14.199647903442383,4.284013271331787,16.999603271484375,4.025088787078857,15.894814491271973,2.8307089805603027,16.0626277923584,2.213841438293457,21.725988388061523,2.982203483581543,0.0752360001206398,0.027475202456116676,0.19023898243904114,0.04347633942961693,0.0009389154147356749,0.0011658528819680214
bonafide_10,Johnny Lokke - Whisper To A Scream,74,185.0,0,Bona-fide (Human),-53.340328216552734,33.13294982910156,94.41649627685547,25.5942325592041,-17.657217025756836,15.06243896484375,40.444732666015625,11.55159854888916,10.505071640014648,9.145501136779785,9.813942909240723,11.53955364227295,-0.8253344893455505,9.783097267150879,11.703021049499512,8.315024375915527,2.5740199089050293,7.789401531219482,12.926024436950684,7.338425636291504,4.600917339324951,6.253539562225342,2.2295968532562256,5.798187255859375,-2.4368131160736084,6.854240894317627,-2.247035026550293,6.482708930969238,-7.602091312408447,6.960773468017578,1.3408180475234985,5.905933380126953,-8.31015682220459,6.307401180267334,-0.6234235167503357,7.511377334594727,-4.395778179168701,7.455276966094971,-1.6651114225387573,6.5303955078125,-0.019138768315315247,5.215851306915283,0.14136157929897308,3.81644606590271,-0.09919064491987228,2.8238279819488525,-0.07037519663572311,1.9534412622451782,-0.03229030594229698,1.4739031791687012,-0.16717621684074402,1.5092577934265137,-0.04540491849184036,1.8507052659988403,0.03620051592588425,1.6780673265457153,0.14243853092193604,1.4170252084732056,0.049693990498781204,1.152660608291626,-0.01747080497443676,1.1739927530288696,0.03809376060962677,1.019502878189087,0.049766380339860916,1.089751958847046,-0.005596015136688948,1.2574344873428345,0.05908295139670372,1.1913193464279175,-0.12083619087934494,1.024660348892212,0.02711299993097782,1.3263084888458252,0.03331824764609337,1.3274005651474,0.057760223746299744,1.254577398300171,-0.11460226774215698,1.162334680557251,2167.916015625,524.1307983398438,2285.673828125,346.22637939453125,4492.76318359375,1101.3447265625,7145.08544921875,1291.453369140625,0.02127435989677906,0.020620480179786682,23.029762268066406,5.660815238952637,11.063577651977539,3.732652425765991,15.133880615234375,3.8428072929382324,16.881227493286133,4.094376087188721,17.23188018798828,3.760350227355957,17.11456871032715,3.0713088512420654,22.316465377807617,2.895930528640747,0.09070276468992233,0.03670887276530266,0.1901715099811554,0.047215335071086884,0.002503341995179653,0.003679008223116398
bonafide_10,Johnny Lokke - Whisper To A Scream,77,192.5,0,Bona-fide (Human),-43.10231018066406,17.83295249938965,94.86959075927734,14.397435188293457,-14.1700439453125,11.924460411071777,33.845558166503906,7.442353248596191,8.242855072021484,9.134334564208984,5.735824108123779,7.924874782562256,0.39837414026260376,9.53421688079834,14.389244079589844,8.140438079833984,3.554168224334717,7.0380353927612305,11.09211540222168,6.620270729064941,3.3481431007385254,6.687417507171631,3.7243800163269043,6.546450138092041,1.5325233936309814,6.353701591491699,-0.6145172119140625,6.72303581237793,-7.253896713256836,5.812716960906982,-1.2713568210601807,5.434675216674805,-8.747282028198242,5.278073310852051,-0.8070679903030396,6.597949028015137,-3.0802111625671387,5.412010669708252,-1.3912527561187744,5.686112880706787,0.14091680943965912,3.6700870990753174,0.10494261980056763,2.684126138687134,-0.10251788049936295,1.9150692224502563,-0.031834833323955536,1.310396671295166,-0.0007842470076866448,1.3829269409179688,-0.024737242609262466,1.326529622077942,0.005017532035708427,1.3764632940292358,0.027464253827929497,1.1711504459381104,0.05122118815779686,1.114913821220398,0.04240043833851814,1.1699796915054321,0.02468210645020008,1.1501471996307373,0.033278968185186386,0.9282740354537964,0.04490454122424126,1.2555919885635376,0.015895335003733635,1.268767237663269,-0.005506780464202166,1.0292646884918213,-0.0148689616471529,1.0405101776123047,-0.039183344691991806,0.9866281747817993,0.018943248316645622,1.0337222814559937,0.04274274781346321,0.9822014570236206,0.0640382245182991,1.1118372678756714,2169.853271484375,324.5496520996094,2355.306884765625,263.5610046386719,4541.2626953125,948.4063110351562,7340.97802734375,907.9428100585938,0.022071316838264465,0.013820157386362553,23.262495040893555,5.7807159423828125,10.524785041809082,2.9673655033111572,14.004405975341797,3.579141855239868,16.264659881591797,3.8911051750183105,17.17940902709961,3.260139226913452,15.590163230895996,2.271822690963745,21.239524841308594,2.396757125854492,0.08746112138032913,0.024433108046650887,0.18794263899326324,0.0442989356815815,0.002032581949606538,0.0018958665896207094
bonafide_10,Johnny Lokke - Whisper To A Scream,81,202.5,0,Bona-fide (Human),-52.91769790649414,21.652753829956055,99.34355926513672,17.84550666809082,-20.322717666625977,17.160120010375977,37.94116973876953,12.103090286254883,9.688854217529297,8.54891300201416,-0.35403579473495483,10.456018447875977,1.045064091682434,9.799633979797363,13.949894905090332,7.762045860290527,5.750695705413818,8.260480880737305,10.51944637298584,7.70118522644043,3.047048807144165,6.745176315307617,5.013394355773926,6.768914699554443,0.6558581590652466,6.621070861816406,-0.4915270507335663,6.268651962280273,-5.120609760284424,5.778412342071533,1.7823182344436646,5.925586223602295,-6.3034749031066895,5.69606351852417,1.2491471767425537,4.929411888122559,-2.4676575660705566,5.911402702331543,-1.7024816274642944,5.760975360870361,0.06251535564661026,4.493027687072754,-0.05946463719010353,3.5767011642456055,0.02608088217675686,3.106991767883301,-0.015424281358718872,2.295628547668457,0.04746384918689728,1.761142373085022,0.09150764346122742,1.6265592575073242,-0.08667221665382385,1.7092595100402832,0.04467462748289108,1.386659860610962,0.0819447860121727,1.4722628593444824,0.0248889047652483,1.4425524473190308,-0.05310961231589317,1.2130849361419678,0.05343034490942955,1.386253833770752,-0.005416265223175287,1.3604934215545654,0.08476997911930084,0.9745559096336365,0.038437653332948685,1.1763420104980469,-0.07279989123344421,1.2183964252471924,-0.04966306686401367,1.0921368598937988,-0.0037761616986244917,0.9611138701438904,-0.01643175631761551,1.1807066202163696,-0.01606208272278309,1.056932806968689,2112.3359375,411.16668701171875,2248.4814453125,327.00970458984375,4263.17529296875,1073.826171875,6921.13037109375,1203.899169921875,0.01959158480167389,0.018877359107136726,22.695205688476562,5.820688247680664,12.080963134765625,3.699951410293579,14.819525718688965,4.1222310066223145,18.107791900634766,3.7013728618621826,17.234895706176758,3.140406608581543,16.36890983581543,2.2382943630218506,21.780948638916016,2.744694471359253,0.08368145674467087,0.02767874114215374,0.17892999947071075,0.041471827775239944,0.002241344191133976,0.004061190877109766
bonafide_10,Johnny Lokke - Whisper To A Scream,84,210.0,0,Bona-fide (Human),-57.635379791259766,24.649883270263672,93.24082946777344,16.427034378051758,-8.996928215026855,20.342243194580078,40.29389953613281,9.75665283203125,16.978469848632812,8.3209228515625,7.507791996002197,10.888306617736816,-1.0497560501098633,5.584484100341797,11.577184677124023,5.925504207611084,5.272433757781982,5.7854790687561035,14.472241401672363,6.8683390617370605,1.876438856124878,5.887860298156738,5.413593292236328,5.514709949493408,1.3785814046859741,6.760777473449707,-1.6167067289352417,4.925141334533691,-8.839631080627441,5.963736534118652,0.2897031605243683,4.95857048034668,-6.922638893127441,4.175428867340088,-1.6408662796020508,5.344109058380127,-2.730415105819702,4.914646148681641,-1.3026914596557617,5.647263526916504,0.10759932547807693,4.280145168304443,-0.035308901220560074,3.0044662952423096,-0.03751719370484352,2.748128890991211,0.04197720065712929,1.3651853799819946,0.0075141568668186665,1.298145055770874,0.005673011299222708,1.3098031282424927,0.003399694338440895,1.0073310136795044,0.03276749327778816,1.13041090965271,-0.00820163730531931,1.0119518041610718,-0.03414151445031166,1.2327605485916138,-0.011527529917657375,1.004833698272705,-0.004733060020953417,0.9715287089347839,0.006420963443815708,0.8686184883117676,-0.051882222294807434,0.9327897429466248,-0.025296583771705627,0.9729633331298828,0.03924930468201637,0.9828939437866211,-0.0249232966452837,0.7939051389694214,-0.006625850219279528,0.8228322863578796,-0.0003141705528832972,0.9413440823554993,0.019105006009340286,0.8775730729103088,2112.22119140625,394.735595703125,2382.687255859375,337.5323486328125,4526.01025390625,1090.8564453125,7375.2216796875,1052.00341796875,0.01809876039624214,0.014158903621137142,23.877552032470703,6.295975685119629,10.729281425476074,3.2537758350372314,14.278181076049805,4.004006862640381,16.114011764526367,3.865921974182129,15.187359809875488,2.970869541168213,16.000133514404297,2.9766757488250732,21.097436904907227,3.3007538318634033,0.08147063106298447,0.036785852164030075,0.19379471242427826,0.054040197283029556,0.0021393047645688057,0.0031100891064852476
bonafide_10,Johnny Lokke - Whisper To A Scream,87,217.5,0,Bona-fide (Human),-59.30635452270508,30.881132125854492,95.69989013671875,16.416351318359375,-12.73094654083252,18.71533203125,41.93522644042969,9.81077766418457,18.277494430541992,8.480627059936523,4.922643661499023,8.924513816833496,-1.6297050714492798,6.689060688018799,13.568836212158203,8.14106273651123,3.503948926925659,6.317992687225342,13.344780921936035,6.838720321655273,0.49061354994773865,5.406436443328857,3.6150240898132324,4.864522933959961,2.164842367172241,7.1646409034729,-4.951282501220703,5.852770805358887,-9.278496742248535,4.940588474273682,0.14266656339168549,5.893374443054199,-7.190411567687988,5.376299858093262,-1.7406587600708008,4.512758731842041,-3.721611976623535,4.854360103607178,1.3657981157302856,6.2464280128479,0.18400533497333527,4.850171089172363,-0.06465999037027359,3.0444998741149902,-0.0383513905107975,2.737233877182007,0.09257560968399048,1.377841591835022,0.02119034342467785,1.4592583179473877,0.007156985811889172,1.2994697093963623,-0.06740857660770416,1.0470502376556396,0.036159515380859375,1.027633547782898,-0.004769452847540379,1.1668119430541992,0.0014665877679362893,1.2424949407577515,0.015421640127897263,0.9139186143875122,-0.00879812240600586,1.0459201335906982,0.0741211399435997,0.9720885753631592,-0.01074066013097763,1.0016838312149048,-0.006385260261595249,0.905223548412323,-0.008041571825742722,1.0842219591140747,-0.06312686204910278,1.0230132341384888,-0.017402788624167442,0.8577197194099426,-0.03486163541674614,0.9029752612113953,0.034629445523023605,0.9397737383842468,2095.572998046875,405.1184997558594,2309.824951171875,319.2386779785156,4300.21044921875,1115.6177978515625,7184.46337890625,990.4678955078125,0.017619892954826355,0.01625901460647583,23.2744083404541,5.041947841644287,10.179242134094238,3.3681581020355225,14.46893310546875,3.7223305702209473,16.21918487548828,3.777435302734375,15.71249771118164,2.9093849658966064,17.252534866333008,3.2774291038513184,21.975481033325195,3.372159719467163,0.08771204203367233,0.03479357063770294,0.18481914699077606,0.04266389459371567,0.0020810579881072044,0.0038837480824440718
bonafide_10,Johnny Lokke - Whisper To A Scream,91,227.5,0,Bona-fide (Human),-49.72214126586914,22.822940826416016,88.20822143554688,10.316603660583496,-13.102354049682617,14.501494407653809,45.21638870239258,5.9387898445129395,19.102783203125,4.293924331665039,3.4547784328460693,7.933800220489502,-4.534478187561035,5.4569220542907715,16.274545669555664,6.640528202056885,5.858449459075928,4.424773216247559,12.140891075134277,4.807098865509033,1.023232340812683,4.815090179443359,5.854957103729248,4.206835746765137,1.3608354330062866,5.7939252853393555,-4.14927339553833,5.063161373138428,-9.413617134094238,5.399381160736084,0.5935814380645752,4.513896942138672,-6.505188941955566,4.420970439910889,-1.9372496604919434,4.439774990081787,-1.4404197931289673,4.083836078643799,2.2221832275390625,5.792592525482178,-0.23946380615234375,3.060080051422119,0.0680251270532608,2.186969041824341,0.14226001501083374,2.0184097290039062,0.06664684414863586,1.0831180810928345,-0.020601913332939148,0.6109182834625244,0.08935599774122238,1.058491826057434,0.06206689774990082,0.7613793611526489,0.005079485941678286,0.8054048418998718,0.020779799669981003,0.8396213054656982,-0.0058898585848510265,0.7261006236076355,0.053281527012586594,0.7856490612030029,0.019344404339790344,0.8358292579650879,-0.06719640642404556,1.033679723739624,0.04836059361696243,0.9775953888893127,0.0928385928273201,1.0575847625732422,0.025532927364110947,0.8724668622016907,-0.015690702944993973,0.7165223956108093,-0.021011846140027046,0.6856962442398071,-0.013015980832278728,0.7736859917640686,-0.02436397224664688,0.7925130128860474,2196.429443359375,252.2891082763672,2351.046630859375,229.2455596923828,4423.578125,775.1163330078125,7440.17041015625,655.5458984375,0.019015002995729446,0.009815748780965805,24.22290802001953,5.838011264801025,9.815606117248535,3.2701480388641357,13.938021659851074,3.6291110515594482,15.584236145019531,3.360321283340454,14.755646705627441,2.291048288345337,17.25585174560547,2.935673236846924,21.663536071777344,2.3867082595825195,0.0953165665268898,0.03273571655154228,0.1863049417734146,0.040640365332365036,0.0018146896036341786,0.0013059652410447598
bonafide_10,Johnny Lokke - Whisper To A Scream,94,235.0,0,Bona-fide (Human),-47.087615966796875,24.89228630065918,86.59508514404297,10.54051399230957,-9.84046459197998,16.795703887939453,43.53363800048828,7.744556903839111,16.613353729248047,7.323134899139404,6.30920934677124,8.49030876159668,-4.227578639984131,6.966947555541992,13.77882194519043,6.938571453094482,5.423126220703125,5.025239944458008,13.733986854553223,5.316060543060303,-0.5262708067893982,6.29935884475708,4.6418609619140625,5.161657333374023,1.4222434759140015,6.821066856384277,-3.55458927154541,4.799026012420654,-9.9080810546875,4.653172492980957,0.5563446283340454,5.77747106552124,-7.638928413391113,5.04954719543457,-2.9372060298919678,4.48352575302124,-2.720637559890747,4.390542030334473,0.14382369816303253,6.005496978759766,-0.007954937405884266,4.189535140991211,0.10161115229129791,2.0039753913879395,0.009985999204218388,2.2288596630096436,-0.10132698714733124,1.3633573055267334,0.04205793887376785,1.0956827402114868,-0.004131469409912825,1.0526041984558105,0.12396343797445297,1.2061723470687866,0.009595632553100586,1.076167106628418,0.015127808786928654,0.8562624454498291,0.010526995174586773,1.0639055967330933,0.08465590327978134,0.9468700289726257,0.04538942128419876,0.8489516377449036,0.0013791300589218736,0.9338993430137634,0.0791928619146347,0.7357262969017029,0.014280191622674465,0.8550122380256653,-0.00359704764559865,0.9340791702270508,-0.00034104895894415677,0.8908964991569519,-0.018671734258532524,0.8537023663520813,0.043134626001119614,0.767070472240448,-0.018163565546274185,0.7958651781082153,2237.233154296875,274.893310546875,2408.94921875,249.9013671875,4639.2587890625,859.5170288085938,7562.09228515625,673.029052734375,0.02076057530939579,0.012394655495882034,23.601530075073242,5.2548828125,9.67570972442627,3.008866548538208,14.609676361083984,3.8317689895629883,15.923311233520508,3.4561541080474854,15.051929473876953,2.4623095989227295,16.794675827026367,2.973489761352539,22.015071868896484,2.8982551097869873,0.0942450612783432,0.032932866364717484,0.1933460235595703,0.04438648372888565,0.00215864647179842,0.0020243069157004356
bonafide_10,Johnny Lokke - Whisper To A Scream,98,245.0,0,Bona-fide (Human),-305.0212707519531,189.0213623046875,49.31669616699219,42.551979064941406,-5.368796348571777,15.58491039276123,36.2865104675293,16.55501937866211,6.840007305145264,10.748111724853516,2.633592128753662,9.902911186218262,-0.2758572995662689,6.878404140472412,6.189617156982422,5.241706848144531,6.623398780822754,4.941298007965088,12.582829475402832,6.603703022003174,4.581911563873291,5.699553489685059,7.054843425750732,5.009623050689697,2.661353588104248,4.97600793838501,-0.3569514751434326,4.206298351287842,-1.7424054145812988,9.65256404876709,2.569483518600464,7.243180274963379,-3.5681049823760986,5.997220993041992,-4.08681583404541,4.017880439758301,-4.724588871002197,5.225069999694824,-4.959103107452393,4.229240894317627,-2.2040910720825195,5.564209461212158,-0.4102582335472107,3.3472166061401367,0.05460020527243614,2.4223899841308594,-0.21406187117099762,1.1475731134414673,-0.11553095281124115,0.6823402047157288,-0.06272759288549423,0.863823413848877,0.004227184224873781,0.9275599122047424,-0.044429853558540344,0.7190120220184326,-0.03833065181970596,0.7958448529243469,-0.043183304369449615,0.7990362644195557,0.02311699092388153,0.7351315021514893,-0.002022475004196167,0.6755503416061401,-0.05112993344664574,0.6866827607154846,0.014687069691717625,0.5809917449951172,0.1245374083518982,0.7723092436790466,0.02664773538708687,0.7858424782752991,0.02313113957643509,0.7791566252708435,-0.005967032164335251,0.7698994874954224,-0.03776650130748749,0.8631024360656738,-0.011073498986661434,0.6274997591972351,2923.7294921875,807.880126953125,2497.3623046875,332.53106689453125,5620.1162109375,1364.9093017578125,8056.45849609375,1253.6708984375,0.05853017047047615,0.048302046954631805,19.69146728515625,7.2508978843688965,12.50064754486084,3.9823644161224365,14.269204139709473,3.4759786128997803,16.055566787719727,3.091034173965454,15.515682220458984,2.4161510467529297,18.4741268157959,3.0400521755218506,21.97947883605957,2.628227472305298,0.16475197672843933,0.07400485128164291,0.07116882503032684,0.09527041763067245,0.009568355977535248,0.009853711351752281
bonafide_11,Meaxic - You Listen,0,0.0,0,Bona-fide (Human),-404.5960388183594,154.88919067382812,74.9913558959961,62.17789840698242,-5.134572982788086,12.08092212677002,54.22280502319336,43.19116973876953,12.213268280029297,14.878870964050293,6.52142333984375,6.221800327301025,-1.2098054885864258,11.8660249710083,3.7031495571136475,6.804076194763184,6.530950546264648,7.123572826385498,-0.11789632588624954,6.039872169494629,2.248335123062134,4.638728141784668,0.5357548594474792,4.414055824279785,-5.460851669311523,8.715617179870605,-3.7019007205963135,6.622901916503906,-3.7792160511016846,5.640673637390137,-5.295612335205078,7.289120674133301,-5.002472877502441,6.65799617767334,0.7816628217697144,5.720390796661377,-5.082483768463135,6.577487945556641,-2.294065475463867,5.628093719482422,1.4519178867340088,8.479118347167969,0.6064961552619934,4.210716247558594,-0.09571848064661026,1.6745471954345703,0.39715811610221863,2.368159294128418,0.08268968015909195,1.8455276489257812,0.03515937179327011,0.845870852470398,0.0013392589753493667,1.3590576648712158,-0.021339619532227516,1.1077828407287598,0.045615795999765396,1.0775301456451416,-0.007955120876431465,0.8614009022712708,0.04601454734802246,0.9296147227287292,0.01851867325603962,0.5945459604263306,0.009319543838500977,0.78585284948349,0.01640375517308712,0.6574175357818604,0.0019244839204475284,0.5510185956954956,-0.009480993263423443,0.7675129175186157,-0.023454396054148674,0.6350147128105164,-0.013436902314424515,0.9443921446800232,-0.028876252472400665,0.642846941947937,-0.020686833187937737,0.8618444800376892,2157.88232421875,1280.592041015625,2064.61474609375,696.4429321289062,4341.3828125,2251.994384765625,6459.31298828125,2524.510009765625,0.02809319458901882,0.03979102149605751,19.663976669311523,10.098522186279297,15.42349910736084,4.8051347732543945,18.063676834106445,4.68860387802124,20.03483009338379,5.169482707977295,16.753517150878906,4.078824996948242,19.154720306396484,4.222315311431885,29.02276611328125,7.660696506500244,0.1081271693110466,0.08398523926734924,0.03986136242747307,0.03880942240357399,0.005490285810083151,0.011235404759645462
bonafide_11,Meaxic - You Listen,5,12.5,0,Bona-fide (Human),-248.62782287597656,26.591947555541992,121.23532104492188,21.714014053344727,-20.61871337890625,8.665173530578613,95.69480895996094,6.616140365600586,2.041316032409668,6.609535217285156,14.019648551940918,8.435660362243652,-8.717498779296875,8.242030143737793,9.183418273925781,8.459519386291504,7.64461612701416,6.548750877380371,-4.74056339263916,7.952371120452881,-7.23997163772583,5.766563415527344,-2.0328774452209473,6.177699089050293,-9.876360893249512,8.55931282043457,-3.7622182369232178,8.535635948181152,-6.693173885345459,7.4653000831604,-6.334832191467285,8.065085411071777,-7.649487018585205,6.62625789642334,0.6319972276687622,6.669460773468018,-9.235084533691406,7.708044528961182,-3.065849542617798,5.924740314483643,0.15689755976200104,4.422389984130859,0.1774759590625763,3.5828843116760254,-0.23389318585395813,1.4410135746002197,0.034016046673059464,1.190572738647461,-0.04289604723453522,1.1509240865707397,-0.004677688702940941,1.1127375364303589,0.013944617472589016,1.1453704833984375,-0.05550714209675789,1.475380301475525,-0.0026602039579302073,1.1614667177200317,-0.004845180083066225,1.278210997581482,0.050886042416095734,1.1396609544754028,0.04605143517255783,0.9790037870407104,0.05550644174218178,1.0201747417449951,0.024099819362163544,0.9030767679214478,0.09807415306568146,0.940728485584259,0.03829455003142357,0.8741409182548523,0.0456240214407444,1.0128304958343506,0.019181154668331146,1.1327669620513916,0.06530743092298508,1.0922529697418213,0.049583639949560165,0.9386094212532043,1383.1417236328125,307.3065490722656,1727.408447265625,223.13299560546875,3356.6376953125,637.11865234375,4978.8056640625,599.8818359375,0.0007201376720331609,0.0008657007711008191,25.32810401916504,5.159005641937256,12.851913452148438,3.418593645095825,19.600521087646484,3.9546608924865723,22.508609771728516,3.6614208221435547,20.38390350341797,2.8472700119018555,21.530899047851562,2.562045097351074,36.04458999633789,2.4415013790130615,0.05285192281007767,0.0220930278301239,0.06181716546416283,0.01698385365307331,5.310020060278475e-05,8.90897135832347e-05
bonafide_11,Meaxic - You Listen,10,25.0,0,Bona-fide (Human),-243.10800170898438,26.418066024780273,128.2530975341797,25.3791446685791,-21.391578674316406,10.842313766479492,96.54938507080078,6.060461521148682,1.6445984840393066,7.476648330688477,13.187779426574707,6.720076084136963,-11.744154930114746,8.25951862335205,5.290194988250732,10.60840892791748,6.631391525268555,7.8180060386657715,-7.234738826751709,9.396965980529785,-6.770563125610352,6.54530143737793,7.293106555938721,8.099709510803223,-5.330714702606201,5.6341023445129395,-7.4671173095703125,4.746512413024902,-9.572413444519043,6.685559272766113,-8.15634536743164,5.3192267417907715,-11.783272743225098,5.176515579223633,1.2024472951889038,6.818070888519287,-6.595958709716797,7.69230318069458,-10.283084869384766,6.589925765991211,-0.35283350944519043,4.611485004425049,-0.013947485014796257,3.9703729152679443,-0.061465784907341,1.7844372987747192,-0.02931569330394268,1.0772417783737183,0.07170505076646805,1.2189910411834717,0.053091734647750854,1.1809049844741821,0.013398708775639534,1.2221208810806274,-0.13278080523014069,1.6043184995651245,-0.08181566745042801,1.2363823652267456,0.05113020911812782,1.6241822242736816,0.019000884145498276,1.1916719675064087,-0.10261129587888718,1.100022315979004,-0.04067034274339676,0.9375790953636169,0.0011341416975483298,0.8432755470275879,-0.007784468121826649,0.8746629357337952,0.003316364949569106,0.8322600722312927,-0.03178652748465538,0.8013620376586914,-0.0839724913239479,0.9429515600204468,-0.04704739898443222,1.1638065576553345,-0.007759484928101301,1.1020187139511108,1339.480224609375,348.9939880371094,1688.80224609375,255.49151611328125,3243.0400390625,716.4279174804688,4891.9248046875,687.8698120117188,0.0007138564251363277,0.0011427284916862845,27.712305068969727,4.99412727355957,16.947818756103516,3.769742488861084,20.768592834472656,3.494873523712158,22.015178680419922,3.5414958000183105,19.988487243652344,2.8368680477142334,22.287330627441406,2.646376132965088,36.33837890625,2.6412439346313477,0.058822065591812134,0.0261051207780838,0.06910669058561325,0.014574065804481506,4.825893847737461e-05,9.38543162192218e-05
bonafide_11,Meaxic - You Listen,16,40.0,0,Bona-fide (Human),-242.82432556152344,37.23112106323242,99.48187255859375,20.717391967773438,-1.5112639665603638,14.187936782836914,57.308109283447266,23.91875648498535,12.100391387939453,13.73529052734375,3.34535551071167,14.752991676330566,0.4813176989555359,16.58102798461914,2.9826033115386963,6.676966667175293,-8.430431365966797,8.467238426208496,-5.700421333312988,7.1487932205200195,-14.84975814819336,8.570874214172363,-9.87872314453125,6.448984622955322,-10.068330764770508,7.8160552978515625,1.2406768798828125,7.6734466552734375,-12.658082962036133,7.953610420227051,-6.065603733062744,6.091739177703857,-10.915461540222168,6.646144866943359,-7.219139575958252,4.955661296844482,-12.028186798095703,6.8938446044921875,-6.055414199829102,5.736177921295166,-0.14601637423038483,5.231993198394775,0.1668727695941925,3.400294303894043,-0.03468094393610954,1.5201938152313232,0.07736241072416306,2.256899118423462,-0.09422460943460464,1.8115981817245483,0.01229107566177845,1.7465554475784302,-0.09408727288246155,1.5013092756271362,-0.08214922249317169,1.1197904348373413,0.015241890214383602,1.669068694114685,-0.009913400746881962,1.3705154657363892,0.024217627942562103,1.1072616577148438,-0.03365347534418106,0.9280962944030762,-0.028491487726569176,1.1570831537246704,0.047107379883527756,1.069711685180664,-0.04842393100261688,1.1084415912628174,-0.04254710674285889,0.8583089113235474,-0.04283183440566063,0.961779773235321,0.02857280522584915,0.8888081312179565,-0.013274230062961578,0.9271326065063477,0.00754854641854763,0.9069418907165527,1738.919677734375,488.48724365234375,2246.198486328125,407.2253723144531,3908.126953125,1175.269775390625,6909.865234375,1461.135498046875,0.005155956372618675,0.007007282227277756,25.030860900878906,5.182216644287109,12.692095756530762,3.756211042404175,17.527997970581055,3.9837393760681152,21.11469078063965,3.8935787677764893,18.579330444335938,4.259913921356201,17.960046768188477,2.3184943199157715,24.913875579833984,4.566437244415283,0.0517171211540699,0.018665555864572525,0.05242352932691574,0.014599297195672989,0.0015963851474225521,0.0042722211219370365
bonafide_11,Meaxic - You Listen,21,52.5,0,Bona-fide (Human),-165.35694885253906,50.101463317871094,86.17923736572266,22.41518783569336,15.472179412841797,16.31756591796875,46.877567291259766,14.51899242401123,15.495206832885742,7.902194976806641,9.03288745880127,7.749826431274414,-0.6601338982582092,9.891057014465332,2.614773750305176,9.041958808898926,-4.760285377502441,7.2180376052856445,6.173676013946533,9.671357154846191,3.2277698516845703,6.569209575653076,1.6477093696594238,8.008804321289062,-8.747550010681152,8.98493766784668,-4.532642364501953,9.100130081176758,-10.714202880859375,7.2793450355529785,-5.05950403213501,7.803293228149414,-5.972907543182373,7.291432857513428,-6.187346458435059,7.253592491149902,-6.428161144256592,8.665359497070312,-2.917412757873535,6.838027477264404,0.5527476072311401,6.413384914398193,-0.27716121077537537,4.444785118103027,0.06370523571968079,2.6084299087524414,0.03260262310504913,2.3132917881011963,0.12673228979110718,1.5674777030944824,0.061377719044685364,1.4099400043487549,-0.04639546200633049,1.4236888885498047,0.09391555935144424,1.2922451496124268,0.009580723941326141,1.033754587173462,0.022102240473031998,1.2392327785491943,0.028330083936452866,0.88399338722229,0.01535855419933796,1.2834144830703735,0.13349872827529907,0.995275616645813,0.06506644189357758,1.1246916055679321,-0.009071140550076962,1.1223547458648682,0.055156461894512177,1.0830504894256592,-0.012504012323915958,0.9642400145530701,-0.032948076725006104,0.9827584624290466,0.040168434381484985,1.0382519960403442,-0.003765647066757083,0.9931328296661377,2037.2816162109375,659.8223266601562,2531.339599609375,414.51025390625,4724.54443359375,1533.0146484375,7708.787109375,1219.052734375,0.010580416768789291,0.013784181326627731,23.106393814086914,6.166986465454102,13.719708442687988,4.630958557128906,18.81644058227539,4.362738609313965,21.39349937438965,3.9123544692993164,19.165796279907227,4.134951114654541,19.674142837524414,2.824329137802124,21.238880157470703,3.0055456161499023,0.0644870325922966,0.0299626924097538,0.09874407202005386,0.023652007803320885,0.004408646374940872,0.017366953194141388
bonafide_11,Meaxic - You Listen,27,67.5,0,Bona-fide (Human),-100.54682922363281,33.42757797241211,75.48672485351562,20.694944381713867,3.9011552333831787,17.321468353271484,51.942230224609375,10.588170051574707,27.193748474121094,8.401287078857422,9.064472198486328,8.511612892150879,-2.859025239944458,6.3024444580078125,9.997538566589355,8.935115814208984,-8.036840438842773,6.683088779449463,7.649542808532715,6.873556137084961,-1.972328782081604,6.918017864227295,3.518261671066284,7.038442611694336,-1.6663390398025513,6.703496932983398,-3.250213623046875,6.19635009765625,-10.048199653625488,5.981659412384033,-2.4351227283477783,6.643513202667236,-2.2771332263946533,5.807754039764404,-2.3354523181915283,8.619997024536133,0.8549729585647583,6.7555413246154785,-2.187351703643799,8.02377700805664,-0.04684856906533241,5.008874416351318,0.04468965902924538,4.013439655303955,-0.007350448984652758,2.463407039642334,0.043099839240312576,1.8959076404571533,-0.01919260248541832,1.5640645027160645,-0.009867141954600811,1.1911686658859253,0.031812261790037155,1.0527364015579224,0.03793466463685036,1.5527198314666748,0.006638050079345703,1.172675371170044,0.046017590910196304,1.4000579118728638,-0.009389192797243595,1.138546109199524,-0.008242136798799038,1.4018737077713013,-0.0132269486784935,1.010594367980957,0.08662587404251099,1.0178266763687134,-0.021350909024477005,1.1040220260620117,-0.05808236077427864,1.0765577554702759,0.016493313014507294,0.9215238094329834,0.06244046241044998,1.1562049388885498,-0.0016623161500319839,0.9782306551933289,0.02056112326681614,1.1231729984283447,2412.87451171875,545.4945678710938,2525.80908203125,304.87933349609375,5037.07470703125,1226.804931640625,7913.203125,720.0550537109375,0.016645684838294983,0.0241964403539896,23.064638137817383,6.194425106048584,13.325142860412598,4.333252429962158,16.665822982788086,3.6890573501586914,19.888933181762695,3.4940223693847656,19.52526092529297,3.9968433380126953,22.277332305908203,4.758066177368164,23.229690551757812,4.252246856689453,0.11749267578125,0.04298742860555649,0.14143583178520203,0.030016478151082993,0.004972434602677822,0.015216827392578125
bonafide_11,Meaxic - You Listen,32,80.0,0,Bona-fide (Human),-52.87308120727539,35.65235900878906,83.00289916992188,18.939937591552734,-32.743778228759766,15.105125427246094,38.87046432495117,13.84805679321289,4.30682897567749,9.943522453308105,7.136158466339111,8.896607398986816,2.393305540084839,6.357329368591309,5.49622917175293,6.192351818084717,5.775885581970215,8.867515563964844,8.875845909118652,6.046098232269287,3.8891003131866455,6.499930381774902,4.170389652252197,7.904238700866699,1.1079789400100708,5.759899616241455,1.6152552366256714,8.695821762084961,-3.8295319080352783,7.670578956604004,-1.2829434871673584,5.694715976715088,-5.667789936065674,7.988734722137451,-0.022126374766230583,8.567095756530762,-0.5991237759590149,5.842862129211426,0.7176229953765869,5.310450553894043,0.11335050314664841,4.09685754776001,-0.3313380479812622,3.0089528560638428,0.3720434904098511,2.523242712020874,-0.1700601428747177,1.9181934595108032,0.17962299287319183,1.3898522853851318,-0.06534837186336517,1.1879652738571167,0.02272084727883339,1.13291597366333,0.055770035833120346,0.9710761308670044,0.0446978397667408,1.0149983167648315,0.03248591348528862,0.9283819794654846,-0.04130180552601814,0.876947820186615,0.011609135195612907,0.8350074291229248,0.015652773901820183,0.9994829893112183,0.06595458090305328,0.9667450785636902,0.053051188588142395,0.9552380442619324,-0.008315074257552624,0.8230369091033936,-0.04179641976952553,0.8510911464691162,-0.04965970665216446,0.8932969570159912,-0.03297009319067001,0.8111833930015564,-0.00742660416290164,0.9121400713920593,2439.383056640625,351.9080505371094,2247.180908203125,317.350341796875,4687.50927734375,805.9053344726562,7188.4013671875,1257.97705078125,0.027676573023200035,0.020434768870472908,23.7237606048584,5.918153285980225,12.439203262329102,3.924591541290283,15.02908706665039,4.664414405822754,18.97559928894043,4.046045303344727,19.681840896606445,4.036408424377441,17.525634765625,3.1268157958984375,23.3679256439209,3.591564178466797,0.13308829069137573,0.027298564091324806,0.15186582505702972,0.05151335150003433,0.003409110475331545,0.007975464686751366
bonafide_11,Meaxic - You Listen,38,95.0,0,Bona-fide (Human),-38.00651168823242,24.239957809448242,73.77908325195312,13.539742469787598,-26.82161521911621,15.662425994873047,35.399662017822266,8.527470588684082,7.964168071746826,6.861284255981445,1.9442344903945923,9.675460815429688,4.419027328491211,8.021621704101562,3.1860015392303467,6.090078353881836,-1.7621396780014038,7.745776176452637,15.259681701660156,9.58077621459961,4.653061389923096,8.576745986938477,-2.301456928253174,6.776937484741211,-5.030472755432129,5.813085556030273,-3.4937562942504883,4.737079620361328,-8.180757522583008,5.277717113494873,-1.0688897371292114,6.137901306152344,-3.31685733795166,5.084545135498047,1.8854408264160156,8.143753051757812,1.2857245206832886,4.9326701164245605,0.6217255592346191,6.9131340980529785,-0.3370172679424286,2.97634220123291,0.026374807581305504,2.3710436820983887,0.006044149398803711,2.1993191242218018,0.04051299765706062,1.1276181936264038,0.00621735630556941,1.0670382976531982,0.018520629033446312,1.2232751846313477,-0.12419877201318741,1.1870509386062622,-0.031739477068185806,1.0963835716247559,0.042014844715595245,1.066052794456482,-0.0943133533000946,1.1680461168289185,-0.11566086113452911,1.2043020725250244,0.04155533015727997,0.8791599273681641,0.004119608085602522,0.9411751627922058,-0.013757818378508091,0.7779564261436462,-0.06841666251420975,0.980207622051239,-0.041110895574092865,0.9876163601875305,-0.02259635739028454,0.8088260293006897,-0.0782657191157341,0.9335737824440002,-0.0018965823110193014,0.8133890628814697,0.007936994545161724,1.009779453277588,2681.7265625,410.3233642578125,2379.906005859375,329.87005615234375,4950.64306640625,1192.7501220703125,7767.255859375,884.294921875,0.04469304531812668,0.0401359498500824,20.38913917541504,5.931105136871338,10.700288772583008,3.6036813259124756,14.828131675720215,3.7527050971984863,18.435232162475586,3.9917948246002197,18.94283103942871,3.6294620037078857,18.114418029785156,3.0836873054504395,22.670042037963867,3.489934206008911,0.16330069303512573,0.03562236949801445,0.1566113829612732,0.04659555107355118,0.0071696508675813675,0.01573549583554268
bonafide_11,Meaxic - You Listen,43,107.5,0,Bona-fide (Human),-250.51625061035156,25.76051902770996,120.44397735595703,22.552061080932617,-17.251365661621094,11.052915573120117,96.19347381591797,10.166437149047852,5.644424915313721,8.706375122070312,10.522259712219238,6.223797798156738,-9.108922004699707,9.15755844116211,8.811626434326172,7.711143970489502,7.408390522003174,6.453554630279541,-4.725100994110107,6.921417713165283,-1.830634355545044,5.999507904052734,5.403743267059326,5.936296463012695,-9.382407188415527,6.38315486907959,-2.8326704502105713,7.299638271331787,-5.662766456604004,5.493923187255859,-7.011836528778076,7.4560770988464355,-6.626283645629883,6.184473514556885,1.5954076051712036,7.156710624694824,-11.386598587036133,7.091099262237549,-2.214015007019043,6.622920036315918,-0.05748164281249046,4.938044548034668,0.17950570583343506,3.7936058044433594,-0.1535477489233017,2.007751226425171,0.15620867908000946,2.0759685039520264,-0.014845132827758789,1.5404906272888184,0.03533249720931053,0.9273656606674194,0.007076808717101812,1.3681433200836182,-0.10176830738782883,1.3449733257293701,-0.010442242957651615,1.1240284442901611,-0.007056068629026413,1.1702404022216797,0.041290927678346634,1.1491948366165161,-0.004670366179198027,0.7832739353179932,-0.0162216667085886,0.9758209586143494,-0.016004787757992744,0.9417598843574524,0.04760151356458664,0.8608346581459045,0.025137601420283318,1.0463201999664307,-0.05095929652452469,0.8540705442428589,-0.022173918783664703,1.1437865495681763,0.0032207611948251724,1.1419165134429932,-0.046027008444070816,1.0236268043518066,1335.402587890625,342.8028259277344,1734.0350341796875,280.5425109863281,3243.58837890625,714.41748046875,4978.10791015625,875.6039428710938,0.0007707534823566675,0.002022314118221402,26.365283966064453,5.121829509735107,18.49595069885254,4.804983615875244,20.451364517211914,3.828648805618286,21.910585403442383,3.671388864517212,19.423490524291992,2.937063217163086,22.488649368286133,2.6441385746002197,34.347984313964844,3.8105974197387695,0.0436876080930233,0.017557574436068535,0.07160414755344391,0.012291883118450642,0.00012485453044064343,0.000664508028421551
bonafide_11,Meaxic - You Listen,49,122.5,0,Bona-fide (Human),-182.74818420410156,54.52555465698242,101.00730895996094,30.690895080566406,22.221105575561523,16.397159576416016,44.12498092651367,18.524478912353516,21.427873611450195,13.068020820617676,13.617923736572266,9.713886260986328,-2.2916417121887207,10.858355522155762,7.675816059112549,8.247520446777344,-6.340692520141602,9.37443733215332,1.015163540840149,8.010414123535156,-8.41688060760498,10.570696830749512,-2.5713155269622803,8.926527976989746,-8.857322692871094,7.763686180114746,-5.654181480407715,6.722111701965332,-5.45865535736084,7.427179336547852,-2.724100112915039,7.138708114624023,-3.5592782497406006,5.3904805183410645,-1.7594853639602661,6.527713298797607,-1.7603437900543213,6.884877681732178,-1.4175454378128052,5.974819660186768,0.4234980344772339,8.216629981994629,-0.1985139548778534,5.875410556793213,-0.013561981730163097,2.8884010314941406,-0.0009473694954067469,2.4427478313446045,-0.09202982485294342,1.6624207496643066,0.09436515718698502,1.906315565109253,-0.035842861980199814,1.4324374198913574,0.04366118833422661,1.4307876825332642,0.045282214879989624,1.2821494340896606,-0.0433453731238842,1.4795935153961182,-0.044766221195459366,1.4716004133224487,-0.014942098408937454,1.2284513711929321,-0.03443993628025055,1.0986615419387817,0.04009518027305603,1.2877873182296753,-0.022366687655448914,1.3253004550933838,-0.019017837941646576,1.1288056373596191,-0.0008154842653311789,1.0199090242385864,0.020286263898015022,1.1675289869308472,-0.07782768458127975,1.1219565868377686,0.017538245767354965,1.0026686191558838,1783.486328125,854.0263061523438,2409.298828125,538.7576293945312,4188.158203125,1792.7012939453125,7337.68798828125,1672.5994873046875,0.012120918370783329,0.03461067005991936,23.591644287109375,6.699185371398926,12.4537992477417,3.831751585006714,17.465774536132812,4.0241570472717285,20.82502555847168,4.529113292694092,17.691652297973633,3.3474209308624268,18.655792236328125,3.0260097980499268,20.343585968017578,4.00411319732666,0.05237720534205437,0.05065117031335831,0.10556234419345856,0.023057952523231506,0.0058461748994886875,0.024968137964606285
bonafide_11,Meaxic - You Listen,54,135.0,0,Bona-fide (Human),-150.5614471435547,40.56331253051758,90.61204528808594,26.997207641601562,10.409217834472656,17.725051879882812,51.438899993896484,13.807700157165527,19.67633819580078,12.927556037902832,7.30817174911499,10.17885971069336,-0.4254116415977478,13.446380615234375,11.322686195373535,9.31782341003418,-9.108526229858398,11.674964904785156,9.003654479980469,9.723091125488281,2.4407541751861572,7.5180230140686035,-0.46489688754081726,7.568209648132324,2.7027456760406494,8.132554054260254,-0.7450595498085022,8.071390151977539,-3.8229997158050537,6.142992973327637,5.746262073516846,9.947480201721191,-4.095231533050537,7.5721564292907715,-0.5370988249778748,7.710132598876953,-3.088865041732788,7.950787544250488,1.2151062488555908,7.209348201751709,-0.2795971632003784,7.889763832092285,-0.19478340446949005,4.759772300720215,0.35002970695495605,3.2468676567077637,-0.05615638941526413,2.166698455810547,0.005537156481295824,2.113125801086426,0.047640927135944366,1.7399519681930542,-0.03713775426149368,1.7517988681793213,-0.0029066225979477167,1.5432863235473633,0.15149489045143127,1.5754257440567017,-0.16566632688045502,1.50216805934906,-0.07466374337673187,1.3641736507415771,0.01619674824178219,1.2147022485733032,-0.05901029333472252,1.2007818222045898,-0.030065707862377167,1.1139411926269531,0.008386719971895218,0.8901211619377136,0.010402273386716843,1.1586880683898926,0.11354628950357437,1.154051423072815,-0.022271836176514626,1.1953158378601074,0.001218751654960215,1.0314306020736694,0.002478369977325201,1.150848388671875,2057.192138671875,645.713623046875,2462.936767578125,383.828125,4567.08251953125,1446.5078125,7586.21728515625,1148.8583984375,0.011922569014132023,0.01770797185599804,24.791053771972656,6.257063388824463,9.994034767150879,3.2641005516052246,17.578693389892578,4.44566011428833,21.08068084716797,4.204712390899658,19.35764503479004,4.333939552307129,19.71047592163086,3.4099068641662598,23.463783264160156,4.081756591796875,0.07591868937015533,0.04385056719183922,0.10395730286836624,0.021704161539673805,0.0031051160767674446,0.008391388691961765
bonafide_11,Meaxic - You Listen,60,150.0,0,Bona-fide (Human),-113.03221130371094,40.786434173583984,84.03677368164062,21.769384384155273,5.602567195892334,22.7320613861084,39.81656265258789,12.541348457336426,19.11376953125,16.428421020507812,11.744550704956055,6.999072551727295,5.180156707763672,15.126787185668945,10.498154640197754,7.595647811889648,-12.560721397399902,10.197818756103516,11.55825424194336,7.92389440536499,10.025954246520996,8.25610065460205,-2.593768358230591,8.373102188110352,-4.440047740936279,7.573514461517334,-4.258759498596191,6.159687519073486,-11.350211143493652,7.777243614196777,-8.323465347290039,6.520967960357666,-5.409365177154541,9.130768775939941,3.293654441833496,13.394625663757324,8.325148582458496,12.513055801391602,8.46246337890625,9.289497375488281,1.0228607654571533,6.569614887237549,-0.30825650691986084,4.4316935539245605,-0.1067001223564148,4.343179225921631,-0.032394614070653915,1.8996204137802124,-0.0518299899995327,2.2849225997924805,-0.06584290415048599,1.1886968612670898,0.1987229436635971,2.0698273181915283,0.022470809519290924,1.3567090034484863,-0.026681961491703987,1.9283345937728882,0.047004301100969315,1.556503415107727,0.004890459589660168,1.1300920248031616,-0.012969489209353924,1.0597243309020996,0.03705911338329315,1.2484915256500244,-0.05618097260594368,1.104203701019287,-0.06608608365058899,1.3620386123657227,-0.04592213034629822,1.084312915802002,0.023392872884869576,1.1903256177902222,0.06643097847700119,1.500083088874817,0.04413298889994621,1.602927803993225,-0.004687693435698748,1.5679397583007812,2295.589111328125,708.485595703125,2489.4375,530.6406860351562,4783.9599609375,1756.3857421875,7635.51416015625,1216.8656005859375,0.011902266182005405,0.012456190772354603,25.034488677978516,5.861696720123291,12.467763900756836,3.58009672164917,15.312788009643555,3.4362382888793945,22.965282440185547,5.040839672088623,22.283235549926758,4.6536688804626465,22.575063705444336,4.726428508758545,22.08623504638672,3.563281297683716,0.10739926993846893,0.038100071251392365,0.14608433842658997,0.04299219325184822,0.006992789451032877,0.021934567019343376
bonafide_11,Meaxic - You Listen,65,162.5,0,Bona-fide (Human),-70.35713195800781,33.5517692565918,83.66878509521484,13.645020484924316,7.192317962646484,8.332133293151855,35.689735412597656,8.995166778564453,7.708395957946777,10.28390884399414,15.03493881225586,5.635476589202881,7.830305099487305,8.651153564453125,10.525779724121094,6.656866550445557,-4.706139087677002,7.824900150299072,6.746640682220459,6.812037467956543,6.355391979217529,5.724703788757324,6.563352108001709,6.476076126098633,-8.492560386657715,7.887901782989502,-7.922302722930908,6.724247932434082,-10.676807403564453,6.269017219543457,-4.8996968269348145,6.250697135925293,-5.082150936126709,6.218129634857178,0.35015642642974854,7.881518363952637,-0.8320263028144836,9.153103828430176,-1.1227598190307617,10.354352951049805,-0.0021155145950615406,5.357924938201904,-0.02245164103806019,1.8933167457580566,0.005258903373032808,1.2063888311386108,0.02305239625275135,1.6321114301681519,0.002285741036757827,1.4621766805648804,0.006257849745452404,1.1049985885620117,0.00583780137822032,1.5524344444274902,0.03076217509806156,1.0999728441238403,0.0069482596591115,1.0922597646713257,-0.0309298075735569,0.9023488759994507,-0.04250158742070198,0.8760397434234619,-0.026058413088321686,1.029904842376709,-0.07167571038007736,0.87456876039505,-0.06249724328517914,0.6171596646308899,-0.11345910280942917,0.887381374835968,-0.0354861319065094,0.9889253973960876,0.009244095534086227,1.0625932216644287,0.02594068832695484,1.173211932182312,0.09933242201805115,0.9339748024940491,0.10516862571239471,1.2672520875930786,2232.002197265625,310.4184875488281,2568.85107421875,162.27285766601562,5073.212890625,730.8084106445312,7995.19873046875,447.3506164550781,0.014703381806612015,0.008817490190267563,21.134761810302734,5.672509670257568,12.490325927734375,3.4218297004699707,16.385290145874023,3.730475902557373,22.579763412475586,5.050539493560791,21.45482063293457,4.046111583709717,18.948396682739258,2.5948362350463867,20.27900505065918,1.8356831073760986,0.08063196390867233,0.022104555740952492,0.1883658617734909,0.04335058853030205,0.0020698036532849073,0.001221586368046701
bonafide_11,Meaxic - You Listen,71,177.5,0,Bona-fide (Human),-180.36154174804688,50.331172943115234,124.97494506835938,16.642757415771484,-41.87932586669922,23.675979614257812,74.04254150390625,16.944318771362305,-3.829183578491211,11.258939743041992,19.421125411987305,10.067560195922852,2.1209681034088135,5.631363391876221,2.003113031387329,7.887756824493408,7.082956790924072,7.803574085235596,0.7197626829147339,6.3405632972717285,1.3165783882141113,6.633615016937256,4.384500026702881,7.542469024658203,-6.101160526275635,5.246209144592285,-4.364306449890137,7.196323871612549,-9.32039737701416,6.75498628616333,-6.695590972900391,4.836472511291504,-5.191034317016602,5.849335193634033,2.2647509574890137,6.247168064117432,3.4848973751068115,8.010746002197266,1.1865907907485962,7.028798580169678,0.0014695061836391687,6.437649726867676,0.06985756009817123,3.240827798843384,0.05447918549180031,3.4991390705108643,0.07341265678405762,3.2380218505859375,-0.015816202387213707,1.8667482137680054,0.019107775762677193,1.571667194366455,-0.027560342103242874,0.9843496680259705,0.04226023331284523,1.4361759424209595,-0.04033523425459862,1.1655410528182983,-0.04233260452747345,0.8859677314758301,0.01465672068297863,1.2153021097183228,-0.01025646273046732,1.0282182693481445,-0.0412311851978302,0.9184759855270386,0.048160552978515625,0.9943560361862183,0.012657673098146915,0.9774617552757263,-0.014907372184097767,0.7915905117988586,-0.025680162012577057,0.968864381313324,-0.014284403994679451,0.9839445352554321,0.016128305345773697,0.9890188574790955,-0.03734466806054115,1.01360023021698,1635.2960205078125,342.0869140625,1753.9443359375,223.83201599121094,3596.74267578125,583.8958740234375,5053.3740234375,720.6229858398438,0.003575782524421811,0.005241878796368837,25.53621482849121,5.99614953994751,10.810162544250488,3.2645115852355957,14.374932289123535,3.5041117668151855,20.260330200195312,4.721735954284668,18.49729347229004,4.0988898277282715,20.050548553466797,3.7074222564697266,31.934391021728516,5.682746410369873,0.07801423221826553,0.02805422432720661,0.0832367092370987,0.02791573666036129,0.00011837155761895701,0.000290224386844784
bonafide_11,Meaxic - You Listen,76,190.0,0,Bona-fide (Human),-55.33052062988281,17.706432342529297,89.66596221923828,12.448060035705566,-34.032012939453125,15.63263988494873,50.90842056274414,9.120054244995117,7.451089382171631,5.985748767852783,10.375299453735352,6.884746551513672,-1.1715834140777588,6.2184672355651855,-4.527968883514404,5.860496520996094,12.066184997558594,6.364521026611328,6.427645206451416,5.714981555938721,-0.20196664333343506,4.596558570861816,11.3831787109375,5.98447847366333,-4.246320724487305,6.227522373199463,-5.476137638092041,6.308510780334473,-6.844589710235596,5.647510528564453,-2.521897792816162,4.709822177886963,-5.055401802062988,5.164996147155762,-0.21878594160079956,6.107226848602295,0.24874818325042725,5.023808479309082,-0.6219559907913208,5.721930027008057,-0.11059093475341797,3.383265495300293,-0.013811628334224224,2.3580141067504883,-0.0984484851360321,2.76627254486084,-0.008590362966060638,1.8457826375961304,0.009342365898191929,1.0834441184997559,-0.050121333450078964,1.1932373046875,0.02950713410973549,1.0871790647506714,-0.06727655977010727,0.9423685073852539,0.020926596596837044,1.1361416578292847,0.024325503036379814,0.9723442792892456,-0.008324782364070415,0.8771397471427917,0.03969474509358406,1.101566195487976,0.0671740472316742,0.8378344178199768,0.007976347580552101,1.0789909362792969,-0.008256826549768448,1.0729438066482544,0.011020616628229618,0.8724625706672668,0.07236150652170181,0.8780220746994019,0.037422213703393936,0.9481021165847778,-0.04768532142043114,0.8706939220428467,0.00042409368325024843,1.2357561588287354,2309.216064453125,198.44261169433594,2124.97021484375,251.53970336914062,4401.0478515625,443.82672119140625,6476.908203125,1062.2513427734375,0.02122153341770172,0.012154643423855305,21.495010375976562,5.3721418380737305,12.043610572814941,3.97969388961792,14.766965866088867,3.763563632965088,17.112478256225586,3.8045101165771484,18.25176239013672,3.751833200454712,17.562788009643555,2.4740517139434814,25.479734420776367,3.1196630001068115,0.13253670930862427,0.024158116430044174,0.14172041416168213,0.01927080564200878,0.0012919205473735929,0.001153977937065065
bonafide_11,Meaxic - You Listen,82,205.0,0,Bona-fide (Human),-238.51283264160156,83.57154083251953,132.2626953125,17.51439666748047,-42.97023391723633,24.95908546447754,74.21839904785156,20.903690338134766,1.4891499280929565,15.949272155761719,11.651535987854004,7.4910736083984375,-8.210290908813477,13.459240913391113,-1.0432487726211548,8.3596830368042,28.472620010375977,9.138286590576172,14.749507904052734,7.033783912658691,8.016159057617188,8.284324645996094,4.6289238929748535,13.705583572387695,-19.011098861694336,11.185376167297363,-16.401704788208008,10.680132865905762,-1.4274214506149292,8.607932090759277,5.235152721405029,9.331043243408203,-2.8609163761138916,7.894530296325684,2.0820133686065674,9.16153621673584,12.527161598205566,10.284485816955566,3.6231470108032227,11.749078750610352,-1.1116873025894165,4.7926249504089355,0.14768031239509583,1.68755304813385,0.31437450647354126,3.136542558670044,-0.2253342717885971,1.4331698417663574,0.18992987275123596,1.3286259174346924,0.020464684814214706,1.1392325162887573,0.04868496209383011,1.577022910118103,0.0792449563741684,1.1048634052276611,-0.03414541855454445,1.0294448137283325,-0.021391713991761208,1.1994743347167969,0.07038258016109467,1.4013224840164185,0.1068633496761322,1.80628502368927,0.08656834810972214,1.917490839958191,-0.04245360568165779,1.8033322095870972,-0.07602235674858093,1.3683220148086548,-0.1323467344045639,1.6412112712860107,-0.09004217386245728,1.5466879606246948,0.052706558257341385,1.3836572170257568,0.10925811529159546,1.6410118341445923,0.14946971833705902,1.7992055416107178,1661.584228515625,489.8059997558594,1483.7440185546875,243.9549102783203,3406.28369140625,888.85302734375,4414.20703125,874.6491088867188,0.0005496288067661226,0.0015565681969746947,27.591318130493164,5.267967700958252,20.549617767333984,4.683225154876709,20.780263900756836,3.8056890964508057,26.090648651123047,6.677708148956299,27.250423431396484,5.717136859893799,28.26482391357422,5.739956855773926,41.73561477661133,6.760744571685791,0.12313051521778107,0.05975321680307388,0.10364261269569397,0.02456972934305668,1.2359795618976932e-05,3.6478741094470024e-05
bonafide_11,Meaxic - You Listen,87,217.5,0,Bona-fide (Human),-160.02365112304688,30.308748245239258,99.08911895751953,27.30150604248047,12.593903541564941,15.569742202758789,35.63608169555664,12.95165729522705,24.479137420654297,9.944819450378418,4.724727153778076,7.345865726470947,-3.679234743118286,8.8800687789917,-5.202668190002441,7.746863842010498,-5.145070552825928,7.781565189361572,5.17144775390625,8.250070571899414,-11.40554141998291,7.891780853271484,2.0568301677703857,7.288844108581543,-6.540481090545654,5.978926658630371,-4.030117988586426,5.864988803863525,-12.106879234313965,5.7091755867004395,-8.923019409179688,6.1841020584106445,-13.477500915527344,7.5590901374816895,-2.8985064029693604,6.397570610046387,-3.5992918014526367,6.821078300476074,-2.697540044784546,11.10954475402832,-0.16594788432121277,5.519473075866699,0.05668853968381882,4.816945552825928,-0.06038544699549675,2.967738151550293,0.014699481427669525,2.007692575454712,0.0228579044342041,1.5743762254714966,0.012620695866644382,1.3088096380233765,0.014294086024165154,1.3506144285202026,-0.0544043630361557,1.2457191944122314,0.03694949671626091,1.035527229309082,0.033644549548625946,1.2852327823638916,0.03972015902400017,1.1183658838272095,-0.05425837263464928,1.139922857284546,-0.06048384681344032,1.0531461238861084,0.04831584170460701,1.0762557983398438,-0.038194313645362854,0.9679386615753174,-0.010466448031365871,1.1504135131835938,-0.004624530207365751,1.0586609840393066,0.03648686036467552,0.9866916537284851,0.05603999271988869,0.9495567083358765,0.04156730696558952,1.6045359373092651,2002.134521484375,944.8807373046875,2498.163818359375,411.738525390625,4263.4248046875,1690.1470947265625,7885.9873046875,1158.1229248046875,0.013618143275380135,0.03373702988028526,28.478046417236328,6.329610347747803,14.823700904846191,4.505577087402344,19.016231536865234,4.073412895202637,23.068504333496094,4.104011058807373,20.483787536621094,3.4235098361968994,19.66001319885254,2.576547622680664,20.912078857421875,2.7797694206237793,0.07018590718507767,0.06320510804653168,0.10325997322797775,0.021440843120217323,0.013460326939821243,0.04731228947639465
bonafide_11,Meaxic - You Listen,93,232.5,0,Bona-fide (Human),-46.64797592163086,18.260007858276367,73.41983032226562,14.017373085021973,-16.631454467773438,12.396784782409668,43.44525909423828,10.200209617614746,15.242551803588867,5.938708782196045,-2.588740587234497,7.717086315155029,-3.2703022956848145,8.652552604675293,2.0580592155456543,5.936644077301025,-0.48922306299209595,7.293871879577637,12.556262969970703,7.939735412597656,-1.5706026554107666,4.546326637268066,5.1029052734375,5.225265026092529,1.6480833292007446,6.0157856941223145,-0.28068697452545166,5.012328147888184,-5.690053462982178,4.060281276702881,0.4059619903564453,5.715010166168213,-4.780487060546875,6.0775837898254395,-0.8235061168670654,5.90504264831543,-1.3782095909118652,5.495426654815674,-3.8892900943756104,6.642123699188232,-0.03287777304649353,3.423109531402588,-0.0857599675655365,2.290569543838501,0.041563935577869415,2.171461343765259,0.11613554507493973,1.5681575536727905,0.07326436787843704,0.9642965793609619,0.004445093683898449,1.2214922904968262,-0.15550190210342407,1.308424472808838,-0.004726814106106758,0.9063585996627808,0.08849696815013885,1.2582602500915527,0.010027620941400528,1.3102060556411743,0.013366129249334335,0.7860055565834045,0.004876973573118448,0.8132835030555725,-0.0032655794639140368,1.0016546249389648,-0.007762030232697725,0.9294880628585815,0.00921525340527296,0.6395331025123596,0.017238464206457138,0.9469572305679321,0.015130307525396347,1.0674608945846558,-0.028397737070918083,1.0738811492919922,-0.050768498331308365,0.8360570073127747,0.012140185572206974,0.8805442452430725,2658.369384765625,449.21209716796875,2475.251220703125,288.1814880371094,5034.58251953125,1084.2540283203125,8071.0634765625,668.9202270507812,0.0345119908452034,0.024651605635881424,21.116931915283203,5.727384567260742,12.654606819152832,4.318603038787842,15.551831245422363,3.555663585662842,18.582252502441406,4.1506500244140625,17.133283615112305,2.7752246856689453,18.131736755371094,3.2895829677581787,23.016345977783203,3.0583744049072266,0.13571280241012573,0.03477107360959053,0.15376991033554077,0.031699083745479584,0.007332940120249987,0.01835685595870018
bonafide_11,Meaxic - You Listen,98,245.0,0,Bona-fide (Human),-23.088523864746094,17.028892517089844,71.76321411132812,14.016403198242188,-23.031476974487305,12.444803237915039,31.178430557250977,6.407341003417969,5.797383785247803,10.294570922851562,2.694357395172119,6.785486221313477,7.933178901672363,10.167219161987305,6.391350269317627,5.90917444229126,-5.846707344055176,7.081961631774902,15.031085014343262,7.8546576499938965,13.813331604003906,10.217243194580078,0.8834283351898193,6.448367118835449,-1.9228646755218506,5.819093704223633,-6.62161922454834,5.207906246185303,-9.184718132019043,7.373287200927734,-0.8242732882499695,5.061352729797363,0.4460567831993103,8.513611793518066,2.2562198638916016,7.370129108428955,3.885267496109009,7.853078842163086,3.438141345977783,7.886360168457031,0.09291218966245651,3.1303863525390625,-0.06277661770582199,2.332113027572632,-0.01821959763765335,2.21132493019104,-0.027751529589295387,1.0305829048156738,-0.02959672175347805,1.1720534563064575,-0.11104851961135864,0.8346642255783081,0.05783785879611969,1.1015020608901978,0.019075708463788033,1.028700351715088,0.08946511149406433,1.3071186542510986,0.1137130856513977,1.0435742139816284,0.09543055295944214,1.0966976881027222,-0.011083245277404785,0.9254977107048035,-0.0209927037358284,0.873732328414917,0.029233502224087715,0.8507295250892639,-0.004983716644346714,0.7754963040351868,0.029889412224292755,0.8369278907775879,0.04848449304699898,0.8566081523895264,-0.09696820378303528,0.9137505292892456,-0.052579306066036224,0.8642057776451111,0.041756920516490936,0.9508247375488281,2630.53271484375,370.746337890625,2421.51318359375,268.93206787109375,5013.3984375,974.2181396484375,7971.32275390625,748.7823486328125,0.02400529757142067,0.020373517647385597,20.737186431884766,5.091212272644043,14.416069030761719,3.8103699684143066,14.980171203613281,3.309807062149048,22.825645446777344,4.9465484619140625,21.396133422851562,3.462573528289795,20.77519416809082,3.1468422412872314,22.411779403686523,2.4621992111206055,0.1378580778837204,0.032589055597782135,0.23121348023414612,0.044600024819374084,0.004821100737899542,0.01388018298894167
bonafide_11,Meaxic - You Listen,104,260.0,0,Bona-fide (Human),-75.90473175048828,26.396936416625977,81.1888656616211,13.63727855682373,-8.144161224365234,13.561883926391602,46.94622039794922,7.475236892700195,16.133119583129883,6.592613220214844,9.716767311096191,6.667154788970947,-8.102506637573242,5.240183353424072,8.112661361694336,6.667061805725098,11.095698356628418,7.0346760749816895,12.742302894592285,4.885666370391846,1.334745168685913,4.111657619476318,3.040592670440674,4.798172473907471,-4.538946151733398,4.7101240158081055,-2.0786967277526855,4.25018310546875,-4.031271457672119,5.373311996459961,1.1849477291107178,4.479922771453857,-3.056554079055786,3.8551406860351562,0.42438241839408875,4.191771030426025,-3.7638766765594482,3.684363842010498,-1.4672538042068481,3.746048927307129,-0.0824735164642334,4.4369940757751465,-0.06888140738010406,2.5770516395568848,0.11125072836875916,1.9979705810546875,0.024019934237003326,1.5121902227401733,0.0515279583632946,0.9103016257286072,0.02541428431868553,1.2641077041625977,0.0021466994658112526,0.9724497199058533,0.013969174586236477,1.3037123680114746,0.003380215261131525,1.3839149475097656,0.02285069040954113,1.0611398220062256,0.0027757000643759966,0.7820142507553101,0.014806138351559639,0.866698145866394,0.018682947382330894,0.9170401096343994,0.04635436460375786,0.8269520998001099,0.017453758046030998,1.0782654285430908,3.6204303910380986e-07,0.8338537812232971,-0.023660054430365562,0.7057366371154785,-0.027986260131001472,0.7350513339042664,-0.0030814099591225386,0.6127871870994568,-0.0003907691570930183,0.7645117044448853,2374.761474609375,305.510498046875,2508.3525390625,264.1359558105469,5103.02001953125,820.0066528320312,7756.14013671875,817.033447265625,0.029845984652638435,0.01579486019909382,19.97566032409668,5.969275951385498,9.613031387329102,3.2012484073638916,14.314674377441406,3.2351794242858887,14.513337135314941,3.1806676387786865,14.645708084106445,2.3514044284820557,14.754398345947266,1.9539622068405151,20.042490005493164,2.295346260070801,0.0869818776845932,0.021774688735604286,0.13014043867588043,0.02786353975534439,0.0027439165860414505,0.001972832949832082
bonafide_11,Meaxic - You Listen,109,272.5,0,Bona-fide (Human),-77.38076782226562,26.822641372680664,75.97672271728516,11.770095825195312,-2.9834396839141846,11.365110397338867,46.06648635864258,7.127382755279541,18.33576774597168,5.579305648803711,9.532031059265137,7.583127975463867,-6.576838970184326,5.400304794311523,9.38709831237793,5.383791446685791,12.508251190185547,7.141060829162598,12.314385414123535,5.814757347106934,1.1503996849060059,3.95465087890625,3.0176360607147217,4.064464569091797,-5.182024002075195,3.8810794353485107,-2.6151440143585205,4.024579048156738,-4.437171459197998,4.558028221130371,0.9591065645217896,3.8976759910583496,-3.981196165084839,4.007685661315918,-1.3284589052200317,3.6123392581939697,-4.128809452056885,3.2937750816345215,-1.7439278364181519,3.3256733417510986,0.15729571878910065,4.858165740966797,0.07797382771968842,2.1209959983825684,0.027570199221372604,2.0203475952148438,-0.04657883197069168,1.5502381324768066,-0.07226809859275818,1.1361620426177979,-0.05997611954808235,1.5044273138046265,-0.10272114723920822,0.905337393283844,-0.01859508641064167,1.1504864692687988,-0.036343738436698914,1.5756250619888306,-0.03022233583033085,1.3056169748306274,-0.03777429834008217,0.7286840081214905,-0.042279262095689774,0.6973833441734314,-0.026756593957543373,0.7287763953208923,-0.014039217494428158,0.8246017694473267,-0.04234621301293373,0.8445989489555359,-0.0023448821157217026,0.715136706829071,0.006900706794112921,0.69659823179245,-0.003717993153259158,0.7365630269050598,-0.006477662827819586,0.5341475605964661,0.0030929059721529484,0.6226416826248169,2466.481689453125,319.5296936035156,2603.0498046875,226.02232360839844,5335.84814453125,840.2261962890625,8064.63330078125,602.20947265625,0.033006664365530014,0.017581405118107796,18.11343002319336,5.769637584686279,10.008539199829102,3.3021607398986816,15.429991722106934,3.447629690170288,14.88099193572998,3.409456729888916,15.024578094482422,2.7512645721435547,14.737428665161133,1.6802403926849365,19.241437911987305,1.6549315452575684,0.09002459794282913,0.023223046213388443,0.12753388285636902,0.025647681206464767,0.0037571555003523827,0.003326056059449911
bonafide_11,Meaxic - You Listen,115,287.5,0,Bona-fide (Human),-70.4306640625,29.631824493408203,71.09597778320312,15.007562637329102,-1.181846022605896,13.512980461120605,45.148345947265625,7.896491050720215,18.376123428344727,5.895472526550293,12.815040588378906,7.239247798919678,-6.127207279205322,5.238213062286377,9.720826148986816,5.965877532958984,11.061426162719727,6.344607830047607,13.168689727783203,5.250492572784424,3.080824851989746,4.413111209869385,4.073518753051758,4.1856207847595215,-4.83794641494751,4.103475093841553,-1.8908759355545044,4.440611839294434,-3.558631420135498,4.880843162536621,2.5842623710632324,4.090118885040283,-2.4570226669311523,3.4826111793518066,1.8350073099136353,4.685943603515625,-2.631518840789795,3.9399166107177734,-0.7403638362884521,4.454228401184082,-0.07518620043992996,5.03701639175415,-0.057140834629535675,2.316551923751831,0.13234920799732208,2.100701332092285,0.04564879834651947,1.5415953397750854,0.08361886441707611,1.0571955442428589,-0.005371040664613247,1.2682744264602661,0.03521180897951126,1.0250574350357056,0.06280004233121872,1.121824026107788,0.020991042256355286,1.2493599653244019,0.04704837128520012,1.0837222337722778,0.018323207274079323,0.7650443911552429,-0.03651865944266319,0.718856692314148,0.011793410405516624,0.6621053218841553,-0.0018977875588461757,0.8050962090492249,-0.0034326468594372272,0.831070065498352,0.012434456497430801,0.7151493430137634,-0.022135376930236816,0.5900272727012634,-0.0017148256301879883,0.7003577351570129,0.009694516658782959,0.6478439569473267,0.03527028486132622,0.8682326674461365,2592.38623046875,445.43328857421875,2667.36376953125,260.105712890625,5642.6962890625,947.7900390625,8184.9599609375,724.3352661132812,0.039949558675289154,0.024905774742364883,17.834257125854492,5.394679546356201,8.493145942687988,2.9166359901428223,14.812434196472168,3.6292593479156494,15.354610443115234,3.8634085655212402,15.352940559387207,2.6787381172180176,15.22264575958252,2.020150899887085,19.210206985473633,1.8265105485916138,0.10573097318410873,0.03389313444495201,0.13257400691509247,0.02298005484044552,0.006234262604266405,0.010624171234667301
bonafide_11,Meaxic - You Listen,120,300.0,0,Bona-fide (Human),-37.35334777832031,21.63260269165039,77.06990814208984,16.300504684448242,-13.631733894348145,14.905316352844238,34.63180160522461,10.709218978881836,15.742698669433594,11.480340957641602,5.89174747467041,9.143403053283691,-1.3456835746765137,9.244409561157227,5.4778056144714355,6.783445358276367,-1.8369050025939941,7.981532573699951,13.268868446350098,7.840941905975342,4.752264976501465,8.18526554107666,3.136181354522705,6.117949962615967,-0.25548502802848816,6.572495937347412,-3.6541378498077393,6.418562412261963,-6.584994316101074,7.564229488372803,-0.2852746546268463,6.803374290466309,-6.573415756225586,5.827012062072754,-1.2191499471664429,8.757445335388184,0.22005784511566162,8.970491409301758,-0.828520655632019,8.66279411315918,-0.03088170476257801,4.427647590637207,-0.018348492681980133,3.5939979553222656,0.06566803902387619,3.209094524383545,-0.07048636674880981,2.061689615249634,0.03396671265363693,2.0648770332336426,0.03637471795082092,1.6762092113494873,0.0035289658699184656,1.766101360321045,0.07949115335941315,1.3313833475112915,-0.060438185930252075,1.418545126914978,-0.026321234181523323,1.7080903053283691,-0.039139676839113235,1.2048593759536743,-0.04317080229520798,1.0456640720367432,0.022782860323786736,1.2359013557434082,-0.0655563473701477,1.1103254556655884,-0.02635847218334675,1.3155285120010376,-0.007933934219181538,1.181319236755371,0.014979397878050804,1.003818154335022,0.01165000069886446,1.3515028953552246,-0.014755986630916595,1.4096671342849731,0.14255943894386292,1.3806902170181274,2594.18896484375,528.11474609375,2519.1142578125,332.47882080078125,5236.90478515625,1226.3895263671875,8032.38330078125,800.1334838867188,0.040011852979660034,0.03961292281746864,17.104007720947266,5.293099403381348,10.603851318359375,3.6943628787994385,14.103583335876465,3.0553855895996094,19.006080627441406,4.250059127807617,19.082420349121094,3.7772376537323,18.025354385375977,3.17798113822937,21.12735366821289,2.810452699661255,0.1315511018037796,0.03898293897509575,0.17389509081840515,0.03902869671583176,0.010690025053918362,0.037016864866018295
bonafide_11,Meaxic - You Listen,126,315.0,0,Bona-fide (Human),-48.31944274902344,28.355632781982422,69.00555419921875,11.534868240356445,-5.322103023529053,12.444849967956543,37.97499084472656,6.785025596618652,14.127446174621582,5.528681755065918,8.137214660644531,7.017542362213135,-4.214335918426514,8.75214672088623,7.947686672210693,5.655706882476807,2.429330825805664,10.2993803024292,14.285882949829102,5.418417453765869,3.286661148071289,7.7475714683532715,5.637843608856201,4.924657344818115,-1.5183656215667725,7.1074748039245605,-1.6174490451812744,5.900236129760742,-9.953516006469727,5.824080467224121,-1.1547033786773682,5.16502046585083,-2.253941297531128,6.02384614944458,0.6714833378791809,4.929211139678955,-5.4591593742370605,4.37932014465332,-4.648922920227051,4.992036819458008,-0.12660850584506989,4.393318176269531,-0.06782504171133041,2.18407940864563,0.1277797818183899,1.5955101251602173,0.0032414153683930635,1.1098068952560425,0.011263968423008919,1.1525193452835083,0.05904547497630119,1.0889959335327148,-0.14009930193424225,1.2708187103271484,-0.002655418822541833,0.9727609157562256,0.07202877104282379,1.27395498752594,-0.03783981129527092,1.1942390203475952,-0.11695680022239685,1.1214896440505981,0.05370083823800087,0.8344641923904419,-0.015440721996128559,0.9191786050796509,-0.0425075963139534,0.6195769906044006,-0.028495730832219124,0.8453906774520874,0.06488849222660065,0.7649648785591125,0.04241849482059479,0.8197107315063477,0.013027358800172806,0.7027207612991333,0.03398333489894867,0.6070904731750488,-0.06084388121962547,0.6820785403251648,2726.961669921875,315.91070556640625,2671.327392578125,225.53048706054688,5826.42626953125,864.2803344726562,8336.041015625,574.0376586914062,0.048651643097400665,0.022949988022446632,20.509092330932617,6.363334655761719,9.391008377075195,2.8374884128570557,14.978922843933105,3.0627105236053467,14.929021835327148,3.5627527236938477,17.44991111755371,3.6001546382904053,16.159700393676758,2.3664188385009766,19.45241355895996,1.8519315719604492,0.12501809000968933,0.030404698103666306,0.14543627202510834,0.03729014843702316,0.00813023280352354,0.006600464694201946
bonafide_11,Meaxic - You Listen,131,327.5,0,Bona-fide (Human),-56.36022186279297,22.027973175048828,61.64784240722656,11.789704322814941,6.911068439483643,8.1744384765625,41.776100158691406,4.965485095977783,17.482135772705078,5.206111907958984,10.742440223693848,6.274876594543457,-9.416260719299316,4.854785919189453,9.503364562988281,5.250801086425781,9.794483184814453,6.153853893280029,12.897624015808105,5.485335350036621,-0.15838220715522766,4.746219158172607,5.744596004486084,3.8826992511749268,-3.444978713989258,4.593356609344482,-1.1167501211166382,4.881394863128662,-5.27281379699707,4.435464382171631,0.9519574642181396,4.036163806915283,-4.090572834014893,3.782045602798462,-0.3048987090587616,3.684363842010498,-4.190958499908447,3.1384146213531494,-2.5759801864624023,3.617539882659912,0.05310847610235214,3.576221227645874,0.1270323395729065,2.338505983352661,0.03242884576320648,1.2343922853469849,-0.02848491445183754,1.0282145738601685,-0.04055509716272354,0.9500579833984375,0.06615782529115677,0.9002448320388794,-0.024973949417471886,0.8767775893211365,-0.0519486665725708,1.0025819540023804,-0.059900444000959396,1.178652048110962,-0.08618215471506119,1.065815806388855,-0.005772692151367664,0.7552554607391357,-0.04400406777858734,0.5951209664344788,0.01799079217016697,0.7976086735725403,0.004697058349847794,0.9369798302650452,0.026764746755361557,0.7947874665260315,-0.06684441864490509,0.8164128065109253,-0.07382506877183914,0.7834029793739319,-0.04673444852232933,0.7253594398498535,-0.044878218322992325,0.5550966858863831,-0.01605319045484066,0.6301714777946472,2897.337890625,327.16790771484375,2861.304931640625,168.9193572998047,6435.18798828125,661.8109741210938,8680.6220703125,398.1466369628906,0.05283331871032715,0.02128966897726059,19.721893310546875,5.420055389404297,9.67978286743164,3.1394872665405273,15.50528621673584,3.3461568355560303,15.175636291503906,3.158956289291382,14.446662902832031,2.565183401107788,14.99783706665039,1.7088685035705566,18.340545654296875,1.0792438983917236,0.11757857352495193,0.025327695533633232,0.13773605227470398,0.02368645928800106,0.010194792412221432,0.007051469758152962
bonafide_11,Meaxic - You Listen,137,342.5,0,Bona-fide (Human),-75.00426483154297,23.989933013916016,74.33829498291016,11.81665325164795,-0.027892783284187317,12.274225234985352,46.45856857299805,7.530200004577637,18.476613998413086,5.270480632781982,9.061217308044434,7.112274169921875,-8.062811851501465,4.31837797164917,7.675994396209717,5.238962173461914,12.296135902404785,7.5208892822265625,14.793280601501465,6.28469705581665,1.6788527965545654,3.794855833053589,4.555028915405273,3.4858477115631104,-5.253127574920654,3.675724744796753,-1.8922816514968872,4.334964752197266,-3.8557934761047363,4.258904457092285,1.9190459251403809,3.949620246887207,-2.7986111640930176,4.007162094116211,0.12646742165088654,4.4243268966674805,-3.3705637454986572,3.9658279418945312,-1.8120622634887695,4.294016361236572,-0.12786251306533813,4.682461738586426,0.05782434716820717,2.309295654296875,-0.043737392872571945,1.9958360195159912,0.039175838232040405,1.574084997177124,-0.010006689466536045,1.035889983177185,0.00847303681075573,1.2568708658218384,0.03486184403300285,0.7406553626060486,0.03742833063006401,0.9708196520805359,0.038750723004341125,1.5805267095565796,0.028531674295663834,1.3735276460647583,0.028634194284677505,0.691480278968811,0.03342978656291962,0.6066988706588745,0.025495750829577446,0.7336971163749695,0.02987123280763626,0.8898417353630066,0.018683146685361862,0.8275148272514343,-0.03089434653520584,0.7418549656867981,-0.04021167382597923,0.7307101488113403,0.006549694109708071,0.8423148393630981,0.027871808037161827,0.7821457386016846,0.027677524834871292,0.7909918427467346,2520.7890625,301.8285217285156,2654.2841796875,249.57220458984375,5507.416015625,872.43798828125,8179.82568359375,610.6637573242188,0.030313288792967796,0.013433853164315224,19.373245239257812,5.632771015167236,11.260953903198242,3.7675247192382812,15.394879341125488,3.4480807781219482,15.807571411132812,3.6154088973999023,14.674015998840332,2.455781936645508,14.82412338256836,1.6732274293899536,19.149253845214844,1.6898071765899658,0.08579282462596893,0.01671668514609337,0.13272583484649658,0.023123007267713547,0.004189563915133476,0.004018273204565048
bonafide_11,Meaxic - You Listen,142,355.0,0,Bona-fide (Human),-37.36610412597656,19.719940185546875,77.3888168334961,11.628205299377441,-20.633399963378906,11.404725074768066,45.16951370239258,6.695219993591309,9.445487976074219,4.710086345672607,11.890660285949707,6.962700843811035,-2.922996997833252,7.236017227172852,1.7623955011367798,5.88692569732666,9.442631721496582,5.985833644866943,7.383398532867432,5.6457366943359375,-3.9777355194091797,4.903124809265137,9.418595314025879,4.782731056213379,-2.142643690109253,5.389878749847412,-3.58160662651062,6.657301902770996,-8.929288864135742,6.052769184112549,-4.146954536437988,4.993679523468018,-6.106531143188477,5.818645000457764,2.450854778289795,7.678051948547363,2.142521381378174,6.701587200164795,-0.31589439511299133,6.740783214569092,-0.039028771221637726,3.745718240737915,0.13528525829315186,1.883547306060791,-0.12121497094631195,2.2697980403900146,0.031841911375522614,1.294432282447815,-0.05498656630516052,1.0291943550109863,0.013965005986392498,1.329838514328003,0.07882307469844818,1.0789294242858887,0.02473517321050167,1.1316014528274536,0.017773952335119247,1.2882897853851318,-0.0647895559668541,1.0494030714035034,-0.011257545091211796,0.8275736570358276,0.006637317128479481,0.8245847821235657,0.01856190897524357,0.8446361422538757,-0.024853644892573357,0.941868245601654,-0.0026441889349371195,0.8973771333694458,0.003926027566194534,0.9741687178611755,0.030702531337738037,1.0227437019348145,0.007273232564330101,1.1584899425506592,0.02230311557650566,1.0373051166534424,0.04704828932881355,1.1583338975906372,2506.836181640625,240.18359375,2367.26416015625,199.43545532226562,4903.23974609375,530.05615234375,7500.5830078125,816.7574462890625,0.034248799085617065,0.012347699142992496,19.64247703552246,6.069652080535889,9.335067749023438,3.1681602001190186,13.940943717956543,3.134434223175049,15.842516899108887,3.3860857486724854,17.34270477294922,3.490072011947632,18.231271743774414,2.817570209503174,23.21363639831543,1.979215145111084,0.13750089704990387,0.023785950616002083,0.1570979356765747,0.024437952786684036,0.0029527489095926285,0.0016844025813043118
bonafide_11,Meaxic - You Listen,148,370.0,0,Bona-fide (Human),-32.99711608886719,17.688003540039062,74.85752868652344,8.024791717529297,-20.994991302490234,9.10704231262207,41.85536575317383,5.241154193878174,6.836361408233643,4.6395487785339355,10.467906951904297,5.332513809204102,-3.670830726623535,5.945488929748535,3.464778423309326,5.8676018714904785,9.296822547912598,5.7800211906433105,9.180120468139648,5.041196346282959,-4.670632362365723,4.840310573577881,9.471235275268555,4.855464935302734,-5.230641841888428,4.967386245727539,-7.65044641494751,4.6788716316223145,-10.595561027526855,4.724672317504883,-4.5006184577941895,4.344425201416016,-5.6633734703063965,4.016740322113037,1.7228307723999023,4.537841796875,1.9451520442962646,4.228939056396484,-0.906166136264801,4.607065677642822,-0.22473981976509094,3.540465831756592,-0.11268531531095505,1.413058876991272,-0.04631364718079567,1.7771155834197998,0.03176727518439293,0.9508036375045776,0.061097726225852966,0.9209718108177185,0.016591930761933327,1.0627355575561523,-0.006075375713407993,1.132262110710144,-0.05310799553990364,1.1802634000778198,-0.001428741030395031,1.059248685836792,0.018485210835933685,0.9390450119972229,-0.01346768718212843,0.9722080230712891,0.04129837453365326,0.9572381973266602,0.054340023547410965,0.9469175934791565,0.032909125089645386,0.6829089522361755,0.08416455239057541,0.7779117822647095,0.045243121683597565,0.760068416595459,-0.04694214090704918,0.7026357054710388,-0.05501721426844597,0.7773674130439758,-0.004435278940945864,0.7545511722564697,0.03407672420144081,0.8850085139274597,2556.054931640625,161.50254821777344,2397.566650390625,146.34771728515625,4987.080078125,431.2757568359375,7716.51318359375,413.90301513671875,0.036434605717659,0.011610584333539009,20.164934158325195,5.54813814163208,10.59181022644043,3.7052037715911865,15.213973999023438,3.496892213821411,16.861125946044922,3.7119805812835693,17.357620239257812,3.0473268032073975,17.913986206054688,2.6349570751190186,22.78710174560547,1.682800531387329,0.13271981477737427,0.02187355048954487,0.15691034495830536,0.022670036181807518,0.003180952975526452,0.0015282508684322238
bonafide_11,Meaxic - You Listen,153,382.5,0,Bona-fide (Human),-69.5846176147461,28.643388748168945,75.85213470458984,14.739958763122559,-1.6200132369995117,14.040865898132324,43.95397186279297,7.905432224273682,16.111921310424805,5.0897040367126465,9.335265159606934,7.835365295410156,-10.208995819091797,5.097720623016357,5.691586017608643,6.966006755828857,8.803303718566895,6.292628765106201,10.382713317871094,6.0864667892456055,1.250732660293579,4.597722053527832,3.432730197906494,4.116824150085449,-5.998805999755859,4.930395603179932,-2.8490138053894043,4.7750935554504395,-4.2506022453308105,4.96976375579834,0.7121323943138123,4.954602241516113,-3.2385053634643555,4.722808837890625,3.08182430267334,4.892282962799072,-0.7380939722061157,4.337602615356445,1.2487705945968628,5.291894435882568,-0.2844732999801636,4.976566314697266,0.06261849403381348,2.322181224822998,-0.019788989797234535,2.0614445209503174,0.08699380606412888,1.6506723165512085,0.07339328527450562,1.0280297994613647,-0.015630783513188362,1.2482006549835205,0.03893893584609032,0.9670417308807373,0.032505083829164505,1.2866843938827515,0.08420301973819733,1.2356024980545044,0.07688946276903152,1.1344099044799805,0.027975555509328842,0.7332661747932434,0.033489327877759933,0.6640160083770752,0.02894747257232666,0.8357537388801575,0.00993542093783617,0.8938049077987671,0.03801509365439415,0.7846051454544067,0.04483646899461746,0.8375669717788696,0.05175040289759636,0.8825491070747375,0.029186414554715157,0.776848316192627,0.0022545522078871727,0.7134706974029541,0.011998357251286507,0.9563124775886536,2541.83203125,409.91656494140625,2625.3818359375,275.8313903808594,5521.62158203125,960.9249267578125,8102.06689453125,768.8772583007812,0.03871985897421837,0.02172112464904785,17.30200958251953,5.1757612228393555,9.093420028686523,3.1078531742095947,15.29094409942627,3.6814208030700684,17.153858184814453,3.880824327468872,15.362837791442871,2.6248779296875,15.678705215454102,2.216550827026367,19.187219619750977,1.9247862100601196,0.10507993400096893,0.02921370044350624,0.12918506562709808,0.02380622737109661,0.004810917656868696,0.004389747977256775
bonafide_11,Meaxic - You Listen,159,397.5,0,Bona-fide (Human),-344.8338623046875,190.01507568359375,28.136959075927734,22.162113189697266,-15.840174674987793,22.398555755615234,24.237552642822266,13.084598541259766,3.288092613220215,11.491128921508789,5.7929768562316895,9.145853996276855,-5.980152130126953,6.238158226013184,0.6915928721427917,7.226627826690674,5.348453998565674,5.6158270835876465,9.851115226745605,6.094668865203857,-0.6138647794723511,4.132352828979492,4.785339832305908,4.235145092010498,2.4648451805114746,5.569745063781738,7.439026355743408,6.6384477615356445,6.289863109588623,8.228657722473145,-1.197543978691101,3.1389071941375732,-6.355392932891846,3.7425670623779297,-0.2782813310623169,3.3058829307556152,1.93271803855896,5.603092670440674,5.533104419708252,5.967532157897949,-2.382671594619751,3.3445892333984375,-0.20762990415096283,1.5032639503479004,-0.03835923597216606,1.3621972799301147,-0.17793415486812592,0.5766053199768066,-0.0019144570687785745,0.7382423281669617,0.0003026668564416468,0.8210179805755615,0.004123023245483637,0.7145050764083862,-0.08093331754207611,0.6515623331069946,-0.05664210021495819,0.8143508434295654,-0.058794982731342316,0.697119951248169,0.016201451420783997,0.6139456033706665,0.009694110602140427,0.5833196043968201,0.05465763062238693,0.7103872299194336,0.01740185357630253,0.675150454044342,0.010356170125305653,0.709018349647522,-0.019732670858502388,0.5116103291511536,0.019757293164730072,0.5913497805595398,0.004363232757896185,0.5578019022941589,0.02442152053117752,0.6736152172088623,0.01780073344707489,0.5907143354415894,3402.224609375,658.7225341796875,2533.962646484375,290.439453125,6125.0498046875,1085.4683837890625,8470.673828125,591.05908203125,0.10288558155298233,0.05992962047457695,15.00748348236084,5.962065696716309,11.358759880065918,3.7147929668426514,14.158945083618164,3.5226616859436035,14.524194717407227,2.816307306289673,15.73109245300293,2.3751227855682373,17.495817184448242,2.1862473487854004,20.92679214477539,2.0098135471343994,0.23226137459278107,0.08999782800674438,0.035169072449207306,0.05581771209836006,0.01878163032233715,0.022114567458629608
bonafide_12,Patrick Talbot - Set Me Free,0,0.0,0,Bona-fide (Human),-534.104248046875,134.50784301757812,126.8824234008789,110.72259521484375,20.973726272583008,24.759252548217773,6.672138214111328,21.1055908203125,5.156445503234863,10.333634376525879,6.771892547607422,9.664137840270996,8.677779197692871,13.568840026855469,-3.0624403953552246,7.116799354553223,-2.182464122772217,5.089787006378174,-0.5262896418571472,5.941886901855469,-6.207586288452148,7.1527228355407715,-4.156309127807617,6.360100746154785,-4.343627452850342,6.427291393280029,-5.520726680755615,6.596297264099121,0.7979897260665894,5.877096652984619,0.977179765701294,4.95006799697876,-4.182966232299805,6.353832244873047,-2.8502397537231445,6.817056655883789,-2.696739435195923,6.993105888366699,-6.282790660858154,8.421557426452637,1.0305722951889038,11.24442195892334,0.837395966053009,7.483707427978516,0.23098360002040863,3.209813356399536,0.22827288508415222,3.3300464153289795,0.05702528730034828,1.686265468597412,0.04394879564642906,1.4905725717544556,0.10916190594434738,1.891021966934204,-0.04261601343750954,1.2878706455230713,-0.0316414050757885,0.8378926515579224,0.0012487968197092414,1.1110904216766357,-0.047965582460165024,0.9664762616157532,-0.017808476462960243,1.0521924495697021,-0.02855716086924076,1.0113288164138794,-0.023132335394620895,0.8763511776924133,0.052406247705221176,0.8259924054145813,0.03538491576910019,0.9942530989646912,-0.025872111320495605,1.07872474193573,0.012113933451473713,1.2716114521026611,0.03928380832076073,1.3446794748306274,-0.015894686803221703,1.2182673215866089,314.05322265625,641.7305908203125,375.4804382324219,365.7242431640625,480.7586669921875,794.6785278320312,884.3068237304688,1091.1644287109375,0.41429954767227173,0.491413950920105,13.012104034423828,4.6091108322143555,12.180869102478027,3.793450355529785,16.650394439697266,6.790132522583008,19.08736228942871,8.376714706420898,19.3013916015625,8.258041381835938,18.12602424621582,7.334159851074219,19.779691696166992,7.988763809204102,0.0161404088139534,0.014982187189161777,0.02997210994362831,0.03148558363318443,2.0342692153008102e-07,8.05620118171646e-07
bonafide_12,Patrick Talbot - Set Me Free,3,7.5,0,Bona-fide (Human),-283.5237121582031,77.6602554321289,129.2540283203125,33.57875061035156,47.15742492675781,22.693635940551758,35.50868606567383,17.644195556640625,15.563776969909668,12.765531539916992,13.661662101745605,11.279888153076172,-2.4016950130462646,14.00845718383789,-1.1880342960357666,9.149331092834473,-7.85566520690918,10.939397811889648,-1.8285009860992432,9.798826217651367,-9.07054615020752,10.587502479553223,-6.838398456573486,7.571488857269287,-17.94615364074707,7.74218225479126,-8.245372772216797,7.7054643630981445,3.490016222000122,10.890985488891602,-7.564773082733154,6.840207099914551,-10.421565055847168,7.4955902099609375,-6.736557483673096,7.990706920623779,-5.702404975891113,6.12423038482666,-5.7824320793151855,7.489553928375244,0.4839038550853729,8.648981094360352,0.07991250604391098,4.657943248748779,-0.2689708173274994,3.030306577682495,-0.1251545250415802,2.758096933364868,0.06615230441093445,2.232069730758667,0.005505367647856474,1.432019591331482,-0.09290541708469391,2.3041133880615234,0.005574495531618595,1.4986389875411987,0.054685935378074646,2.025794506072998,0.10981281846761703,1.884419322013855,-0.035708870738744736,1.7369612455368042,0.03517327830195427,1.1628919839859009,-0.10961674153804779,1.4509809017181396,-0.021099328994750977,1.0851134061813354,0.13167372345924377,1.6561781167984009,0.03108370304107666,1.35769522190094,-0.025778958573937416,1.163553237915039,0.00415744399651885,1.2945020198822021,0.025041773915290833,0.8412402868270874,-0.09925565123558044,0.9327760338783264,1190.5029296875,548.0865478515625,2034.886962890625,568.8545532226562,2417.10205078125,1833.3880615234375,5998.74169921875,2275.993896484375,0.002168436534702778,0.00406403886154294,18.68386459350586,5.898867607116699,18.658031463623047,4.60075044631958,18.828826904296875,4.845564365386963,21.68307113647461,4.120564937591553,18.66489601135254,4.275174140930176,16.685270309448242,3.428727388381958,18.467098236083984,2.8976612091064453,0.02844916470348835,0.009602862410247326,0.0798555314540863,0.03313237056136131,0.0006522745825350285,0.0017625351902097464
bonafide_12,Patrick Talbot - Set Me Free,7,17.5,0,Bona-fide (Human),-279.0773620605469,81.53295135498047,135.80665588378906,33.9707145690918,46.656394958496094,24.115751266479492,36.17130661010742,17.51387596130371,13.888456344604492,12.574097633361816,9.295042037963867,10.943549156188965,-5.351516246795654,15.485856056213379,0.388365775346756,9.885955810546875,-5.410141468048096,8.861072540283203,-4.3078083992004395,10.762513160705566,-6.331740856170654,9.431214332580566,-6.997652530670166,6.815513610839844,-17.41213035583496,7.418395042419434,-5.676488399505615,6.766290664672852,1.903021216392517,8.24171257019043,-4.670340538024902,6.750961780548096,-8.68574333190918,6.434031009674072,-4.927196979522705,8.311433792114258,-7.189963340759277,5.533146858215332,-6.59901237487793,7.595143795013428,-1.0237748622894287,10.045586585998535,-0.033104415982961655,4.841358661651611,0.3675900995731354,3.55973219871521,0.08978421241044998,2.7435359954833984,0.14843136072158813,2.3002004623413086,0.025494443252682686,1.7389129400253296,0.0188301932066679,2.728019952774048,0.16006076335906982,1.6632291078567505,-0.058955006301403046,1.431952714920044,-0.09754887968301773,1.6171281337738037,-0.07272826880216599,1.3632171154022217,-0.08852532505989075,1.3057912588119507,0.09912840276956558,1.3551748991012573,0.014245821163058281,1.2522892951965332,-0.013216094113886356,1.226216435432434,0.09117618948221207,1.1429227590560913,0.05499942600727081,1.073855996131897,-0.008888425305485725,1.2355555295944214,-0.010994551703333855,0.8919428586959839,-0.05018814280629158,1.1582647562026978,1139.7908935546875,583.6911010742188,1924.649658203125,606.1076049804688,2270.307373046875,1864.8642578125,5476.611328125,2428.67431640625,0.0024704113602638245,0.005570963956415653,16.74565887451172,5.013188362121582,17.335201263427734,5.121463775634766,18.295883178710938,4.610318660736084,21.89077377319336,4.592269420623779,19.20905303955078,4.073829174041748,17.128427505493164,3.660212278366089,18.31991195678711,2.5636470317840576,0.0292494036257267,0.008946948684751987,0.08299871534109116,0.040102604776620865,0.00069761136546731,0.001986916409805417
bonafide_12,Patrick Talbot - Set Me Free,11,27.5,0,Bona-fide (Human),-242.66175842285156,100.47274780273438,135.4907684326172,44.79763412475586,17.359996795654297,34.63911437988281,37.2196159362793,17.682165145874023,-1.3988438844680786,10.587056159973145,8.00604248046875,10.43741512298584,-0.9900267124176025,11.788119316101074,0.3800208568572998,8.844206809997559,-6.224112033843994,8.5676908493042,-3.046496629714966,10.410567283630371,-12.72492790222168,6.265803813934326,-6.330522537231445,8.89438247680664,-2.441762685775757,6.275935173034668,0.8443583846092224,6.052023410797119,-1.8922559022903442,6.194421291351318,-2.8109915256500244,6.3126301765441895,-4.757452964782715,5.500484466552734,-2.9711532592773438,7.00135612487793,-1.421067237854004,5.240894317626953,0.20550909638404846,4.879756450653076,-0.058799318969249725,15.395914077758789,-0.11777545511722565,8.378536224365234,0.02261451445519924,4.7711052894592285,-0.06391078233718872,3.299557685852051,-0.03252968192100525,2.0901710987091064,-0.05401625484228134,1.6519505977630615,-0.06034134328365326,1.948912262916565,-0.05207272991538048,1.521243691444397,-0.0859903022646904,1.5154088735580444,-0.10241683572530746,1.5832370519638062,-0.07669896632432938,1.0904680490493774,-0.01166134886443615,1.1286096572875977,-0.053051773458719254,1.0825297832489014,-0.031593259423971176,1.1224141120910645,-0.05059404671192169,1.0861287117004395,-0.03222668915987015,1.09443998336792,0.0077535840682685375,0.9732308387756348,-0.059566184878349304,1.1448755264282227,-0.0671202763915062,0.8421221971511841,-0.06851591169834137,1.013291358947754,1374.199462890625,824.5022583007812,1792.66064453125,743.7802124023438,2863.666748046875,2100.2138671875,5147.03369140625,2579.4609375,0.005630741361528635,0.013763545081019402,15.26077938079834,5.809993267059326,14.120262145996094,5.665828704833984,17.565080642700195,4.843720436096191,23.891281127929688,5.568724155426025,23.0886287689209,5.899210453033447,21.14874839782715,5.666792869567871,23.831859588623047,6.5704193115234375,0.04969391971826553,0.022883903235197067,0.07290908694267273,0.03372040018439293,0.0017212608363479376,0.007956452667713165
bonafide_12,Patrick Talbot - Set Me Free,15,37.5,0,Bona-fide (Human),-252.58372497558594,96.54411315917969,139.61756896972656,44.50284194946289,18.098880767822266,32.88081741333008,35.057891845703125,17.580732345581055,-3.022486925125122,10.405843734741211,5.556458473205566,10.269736289978027,-2.425290822982788,9.683335304260254,0.728032648563385,9.94767951965332,-3.3066232204437256,7.626498699188232,0.4293949007987976,9.801219940185547,-6.65407133102417,9.171814918518066,-6.764275550842285,10.015096664428711,-2.842001438140869,8.681941032409668,1.096402645111084,6.483513355255127,-0.7826211452484131,6.482254981994629,-0.9325022101402283,7.295220375061035,-3.6737234592437744,5.859055042266846,-1.7964890003204346,7.117856979370117,-0.43200868368148804,7.544965744018555,0.40789446234703064,6.093501567840576,-0.6151110529899597,15.75107479095459,0.2645178437232971,8.626815795898438,-0.05554430931806564,4.821617603302002,0.07591784745454788,3.4179317951202393,0.03671150282025337,2.1636173725128174,-0.09447423368692398,1.7504489421844482,-0.004679729696363211,1.6132640838623047,-0.09492059797048569,1.7670419216156006,-0.012668774463236332,1.209354043006897,0.0779046043753624,1.507048487663269,0.12539273500442505,1.4453970193862915,-0.04606127738952637,1.3936060667037964,-0.031169794499874115,1.3492127656936646,-0.017199622467160225,1.2419586181640625,0.07806089520454407,0.880281925201416,-0.00928714219480753,1.0529189109802246,-0.04998505115509033,1.1012969017028809,-0.03905113413929939,1.1723250150680542,-0.037671495229005814,0.9165769815444946,0.02257653698325157,0.8914955258369446,1327.5474853515625,853.2067260742188,1745.1358642578125,724.791259765625,2690.603515625,2041.03662109375,5025.9091796875,2508.946533203125,0.005273700691759586,0.013472291640937328,15.105805397033691,6.3723368644714355,13.545060157775879,5.096606254577637,17.398487091064453,5.326047897338867,24.64552879333496,6.032408714294434,23.808391571044922,5.728442668914795,20.69754409790039,5.3927154541015625,23.56127166748047,6.899461269378662,0.05079029127955437,0.02497413381934166,0.07207761704921722,0.035210177302360535,0.0024438982363790274,0.013328461907804012
bonafide_12,Patrick Talbot - Set Me Free,19,47.5,0,Bona-fide (Human),-283.6460876464844,73.82840728759766,134.6427001953125,44.20354080200195,58.908477783203125,22.41342544555664,15.344417572021484,24.803054809570312,4.262892723083496,14.417306900024414,14.465655326843262,10.297452926635742,1.4148528575897217,13.256484985351562,3.6881515979766846,9.590089797973633,-6.041930198669434,8.896907806396484,-4.657995223999023,9.443345069885254,-5.235713481903076,9.969172477722168,-7.675439834594727,7.075430393218994,-9.841267585754395,8.973840713500977,-7.007311820983887,5.552665710449219,-1.5405182838439941,6.3406982421875,-4.6337571144104,7.739721775054932,-9.114046096801758,5.474433898925781,-6.531717777252197,6.001013278961182,-4.95307731628418,6.10966682434082,-5.225202560424805,8.422487258911133,0.36136606335639954,10.172898292541504,0.46368205547332764,6.030311584472656,-0.05827990174293518,3.938080072402954,-0.07272866368293762,3.7326676845550537,-0.021895740181207657,1.858243703842163,0.05612805858254433,1.7195847034454346,-0.03221220150589943,2.1822993755340576,-0.018055761232972145,1.6829173564910889,-0.013276789337396622,1.5526354312896729,0.0005592858069576323,1.2623704671859741,0.06478532403707504,1.3807430267333984,0.03973823040723801,1.1727204322814941,-0.062258169054985046,1.303214192390442,-0.022595882415771484,0.891038715839386,-0.017421526834368706,1.0741955041885376,-0.013725810684263706,1.1732449531555176,-0.031056486070156097,0.8578396439552307,-0.03316781297326088,1.022903561592102,-0.006574833765625954,0.9789798259735107,-0.0038676217664033175,1.276049017906189,1355.822998046875,880.2365112304688,2124.404541015625,821.7484130859375,2913.960693359375,2526.07861328125,6082.033203125,2868.21337890625,0.00439579039812088,0.013845623470842838,17.577163696289062,5.995657920837402,16.996440887451172,5.855420112609863,19.235082626342773,5.358048915863037,22.17926025390625,4.981229305267334,21.777507781982422,5.830594062805176,18.969453811645508,5.204720973968506,16.896942138671875,2.99857234954834,0.03570556640625,0.03436226770281792,0.08544448763132095,0.039886411279439926,0.0040481663309037685,0.021226733922958374
bonafide_12,Patrick Talbot - Set Me Free,23,57.5,0,Bona-fide (Human),-258.9623718261719,75.29268646240234,130.48655700683594,37.78044509887695,58.25871658325195,28.838165283203125,29.820667266845703,14.381880760192871,2.6114614009857178,12.272132873535156,7.971536159515381,10.58021068572998,1.5626616477966309,10.463377952575684,4.653223514556885,10.080907821655273,-9.653900146484375,10.842151641845703,-7.208090305328369,9.938270568847656,-7.13325309753418,9.758760452270508,-9.684063911437988,8.09030818939209,-15.641423225402832,9.54450798034668,-5.9961466789245605,5.74782133102417,0.9490618705749512,6.190964698791504,-3.656308889389038,6.164126396179199,-10.473284721374512,6.957053184509277,-7.13350772857666,6.1163530349731445,-6.609349727630615,7.032340049743652,-7.843082904815674,8.644858360290527,-0.6945469379425049,8.305407524108887,-0.27455461025238037,5.233133316040039,0.24046021699905396,4.32734489440918,0.12662242352962494,2.3584747314453125,-0.007029895205050707,1.7955149412155151,0.07179539650678635,1.442870020866394,0.15076881647109985,1.6720283031463623,0.03248215466737747,1.7571977376937866,0.013594298623502254,1.4303516149520874,0.03960452973842621,1.4910889863967896,0.05648277327418327,1.7275309562683105,0.016899779438972473,1.296136736869812,-0.011368840001523495,1.4039225578308105,-0.007770840544253588,0.9032004475593567,-0.010141945444047451,0.9919773936271667,0.013086934573948383,1.025427222251892,-0.02901585027575493,1.036682367324829,-0.013507161289453506,1.0398608446121216,-0.030575372278690338,0.9718798398971558,0.022611211985349655,1.2105085849761963,1297.9722900390625,772.9020385742188,2087.9619140625,685.9248657226562,2682.877685546875,2238.18408203125,6014.19384765625,2619.905517578125,0.0030798080842942,0.007629042491316795,17.810781478881836,6.107956409454346,17.90289878845215,5.182655334472656,18.82990074157715,4.14186429977417,23.222646713256836,5.260838985443115,21.878095626831055,5.328014850616455,17.085020065307617,3.323315382003784,17.205745697021484,2.849639892578125,0.0340304896235466,0.026097889989614487,0.10089202970266342,0.039829228073358536,0.0016169718001037836,0.00816667266190052
bonafide_12,Patrick Talbot - Set Me Free,27,67.5,0,Bona-fide (Human),-183.9180450439453,59.82870101928711,123.57388305664062,28.919986724853516,16.775157928466797,22.53987693786621,37.8872184753418,21.00084686279297,11.19256591796875,9.434950828552246,-4.94146728515625,10.387288093566895,-11.783019065856934,9.227056503295898,2.8830957412719727,7.433168888092041,-9.110718727111816,8.219738960266113,-2.4426968097686768,9.26149845123291,-8.22396183013916,7.797717571258545,-3.3421542644500732,8.520463943481445,-4.870959758758545,7.334092617034912,-6.3021931648254395,5.497611045837402,-6.10679817199707,6.9242143630981445,-4.409131050109863,6.787123680114746,-3.2874886989593506,5.823082447052002,-2.067697525024414,7.149583339691162,-1.5651754140853882,6.458503246307373,-4.5823516845703125,5.758083343505859,-0.12099368125200272,6.1794891357421875,-0.0379875972867012,3.5317749977111816,-0.10689985007047653,2.5699000358581543,0.12797079980373383,2.061351776123047,-0.033569931983947754,1.4398250579833984,0.18432322144508362,1.3362170457839966,0.0980437844991684,1.4030369520187378,-0.0023888361174613237,1.116463303565979,0.06149940565228462,1.2355787754058838,0.13281017541885376,1.108715295791626,0.0804021954536438,1.0952460765838623,0.07428421080112457,1.3520395755767822,0.09214691072702408,1.3000537157058716,0.08692912012338638,1.0097568035125732,0.022894086316227913,0.95188969373703,-0.061976365745067596,0.9502469897270203,0.0028162996750324965,0.9912188649177551,0.07452385872602463,0.9797399044036865,0.04827709123492241,0.9945135712623596,0.02870262786746025,0.9399051070213318,1455.99169921875,505.6444091796875,2101.30859375,539.0192260742188,3212.0361328125,1618.0714111328125,6327.1728515625,1929.8677978515625,0.0031881327740848064,0.004690608475357294,18.909496307373047,5.669928073883057,15.81143569946289,5.857514381408691,20.67681884765625,4.222601413726807,25.401016235351562,5.529787540435791,22.819194793701172,4.073876857757568,21.989185333251953,3.6202895641326904,20.086671829223633,3.9479939937591553,0.04442229121923447,0.013278317637741566,0.12372922152280807,0.04953194037079811,0.0008438635268248618,0.002037546131759882
bonafide_12,Patrick Talbot - Set Me Free,31,77.5,0,Bona-fide (Human),-196.84153747558594,63.42766571044922,128.20643615722656,32.20183563232422,15.840019226074219,26.163850784301758,31.66354751586914,18.645904541015625,7.302483558654785,9.7193603515625,0.7083112001419067,8.241959571838379,-4.53147029876709,7.165435314178467,2.782149076461792,6.0861382484436035,-1.705853819847107,7.709519863128662,1.395695686340332,6.401111602783203,-5.38988733291626,6.686620712280273,-1.1447877883911133,7.315698146820068,-5.171575546264648,6.603532314300537,-6.5705485343933105,5.553158283233643,-8.401020050048828,5.400242805480957,-6.70711612701416,4.619124412536621,-7.229137420654297,5.221071720123291,-0.7556183934211731,5.449065208435059,0.6049697399139404,7.067493438720703,-2.1156442165374756,7.022061824798584,0.4056462049484253,9.741369247436523,0.1603972464799881,3.9532368183135986,-0.23051483929157257,3.356748580932617,0.11478320509195328,2.0839457511901855,-0.12825807929039001,1.5758624076843262,-0.1060904935002327,1.370322346687317,-0.07078862935304642,1.2515417337417603,-0.033097200095653534,1.024584412574768,-0.03584371507167816,1.0043983459472656,-0.017101241275668144,1.1391847133636475,-0.02214144356548786,1.0146409273147583,-0.10557626187801361,1.3428776264190674,-0.09914030879735947,1.2420458793640137,-0.050694387406110764,1.04727041721344,-0.038265161216259,0.8714865446090698,-0.04870675131678581,0.8762770891189575,-0.048712339252233505,0.9329330921173096,-0.008437435142695904,0.910118043422699,0.04629220813512802,1.1094704866409302,0.019603481516242027,1.0227243900299072,1447.57666015625,547.1343994140625,2089.3486328125,610.4456176757812,3203.961181640625,1745.9852294921875,6264.31787109375,2139.827392578125,0.003371068276464939,0.004699878394603729,20.492176055908203,5.955939769744873,16.030969619750977,5.988736152648926,20.770296096801758,4.871671676635742,23.648969650268555,5.148458957672119,22.94747543334961,4.398039817810059,23.083539962768555,4.334827423095703,20.161226272583008,4.791965007781982,0.039702240377664566,0.009828954003751278,0.10379552096128464,0.03724468871951103,0.0008742315112613142,0.0017063553677871823
bonafide_12,Patrick Talbot - Set Me Free,35,87.5,0,Bona-fide (Human),-199.40975952148438,82.67467498779297,114.80000305175781,31.722768783569336,15.39474868774414,25.737897872924805,24.25182342529297,23.82921600341797,1.88542640209198,14.158431053161621,9.86235237121582,10.942645072937012,-2.1782214641571045,9.393074035644531,1.9352266788482666,8.902685165405273,-2.106133222579956,8.130362510681152,5.030491352081299,8.071684837341309,-0.9123714566230774,9.108105659484863,-0.28228646516799927,10.183176040649414,-2.432054042816162,9.025775909423828,-0.3242759108543396,9.095288276672363,-3.5373151302337646,8.077292442321777,-2.5077340602874756,7.5471062660217285,-2.139171600341797,7.955739498138428,-0.005364594515413046,8.578547477722168,0.03267747536301613,8.898879051208496,0.5011330246925354,8.941963195800781,-0.555854082107544,13.620733261108398,0.09833831340074539,5.836533069610596,0.10126367956399918,3.6789112091064453,-0.05793336406350136,2.9432899951934814,0.054836124181747437,1.9543206691741943,0.008487804792821407,1.5190367698669434,-0.08439107239246368,1.5746557712554932,-0.04283203184604645,1.5332707166671753,-0.051704540848731995,1.3009835481643677,-0.022815227508544922,1.1655453443527222,-0.013402932323515415,1.4235949516296387,-0.02733917161822319,1.6880379915237427,0.00661953492090106,1.4139763116836548,0.03080356866121292,1.606165885925293,0.02215639315545559,1.5406180620193481,-0.05736945569515228,1.4882410764694214,-0.05493614450097084,1.602945327758789,0.04518573358654976,1.7455737590789795,0.01161818578839302,1.7069090604782104,-0.08947030454874039,1.6633427143096924,1696.96044921875,730.9432373046875,2186.05810546875,604.8209838867188,3675.0,2019.604736328125,6563.140625,2119.376708984375,0.008850504644215107,0.01233461033552885,15.77515697479248,6.18878698348999,12.834749221801758,5.344821929931641,16.362274169921875,5.4986395835876465,21.699153900146484,5.624572277069092,21.824007034301758,5.171571254730225,21.927858352661133,4.88785457611084,19.735261917114258,4.731795787811279,0.0642767995595932,0.02712651528418064,0.0962776467204094,0.06446293741464615,0.0019473343854770064,0.00459099980071187
bonafide_12,Patrick Talbot - Set Me Free,38,95.0,0,Bona-fide (Human),-179.4593505859375,67.68289184570312,116.81690979003906,29.714975357055664,16.062536239624023,26.065427780151367,26.802845001220703,16.457433700561523,1.2099494934082031,11.847972869873047,12.146772384643555,13.318588256835938,1.7234553098678589,12.200186729431152,4.418887615203857,11.611894607543945,-0.5979498624801636,10.295000076293945,6.228811740875244,10.138612747192383,0.5679934620857239,9.183382987976074,0.5504218935966492,9.707361221313477,-1.258216142654419,8.458686828613281,1.594830870628357,7.501858234405518,-2.4497807025909424,7.053169250488281,-2.5748188495635986,7.127844333648682,-3.855424642562866,7.088028430938721,-1.950914740562439,6.127108097076416,-5.523013591766357,8.035122871398926,-3.9618544578552246,8.327817916870117,-0.0871008038520813,11.947047233581543,-0.09472716599702835,5.136260986328125,0.12687578797340393,3.635262966156006,-0.19676868617534637,2.9046785831451416,-0.10560231655836105,1.9887433052062988,-0.06735274195671082,1.8581589460372925,0.002178722061216831,1.9277616739273071,0.055002205073833466,1.8575270175933838,0.04271547868847847,1.4987990856170654,-0.04722912982106209,1.7345540523529053,-0.14287130534648895,1.8455480337142944,-0.1489299088716507,1.6688276529312134,-0.16519857943058014,1.5351598262786865,0.008542188443243504,1.371248483657837,-0.0019375947304069996,1.3264962434768677,0.0321844257414341,1.2091407775878906,-0.024534225463867188,1.1701104640960693,-0.04005252569913864,1.1473857164382935,-0.02563363127410412,1.474088191986084,-0.05515582859516144,1.1421533823013306,1661.4102783203125,685.9265747070312,2214.37158203125,583.2374267578125,3689.704345703125,1960.75048828125,6644.83740234375,2015.7432861328125,0.007623267825692892,0.010058179497718811,16.708112716674805,5.711268901824951,13.334182739257812,5.495052814483643,17.037038803100586,5.312279224395752,20.821685791015625,5.131127834320068,21.825002670288086,4.634971618652344,20.912805557250977,4.0041680335998535,20.182941436767578,4.664797782897949,0.0589531809091568,0.02442283183336258,0.10679775476455688,0.06047743186354637,0.0019031404517591,0.004005652852356434
bonafide_12,Patrick Talbot - Set Me Free,42,105.0,0,Bona-fide (Human),-202.35723876953125,88.92393493652344,112.66917419433594,30.7956485748291,23.158641815185547,27.093748092651367,25.37551498413086,20.390974044799805,1.2510842084884644,11.292397499084473,10.81596565246582,9.408419609069824,1.432266354560852,10.481193542480469,0.9563557505607605,11.126809120178223,-2.2682113647460938,9.971232414245605,4.7230048179626465,8.694746971130371,-1.2387254238128662,9.310347557067871,-0.7399290800094604,8.974274635314941,-3.007654905319214,7.461177825927734,-0.6122009754180908,7.84469747543335,-3.3710925579071045,6.902650833129883,-2.3682408332824707,6.595307350158691,-3.343498706817627,6.075677871704102,-1.1437058448791504,6.098686695098877,-2.746340751647949,7.7996907234191895,-2.54301118850708,8.161836624145508,0.4305117428302765,13.482093811035156,-0.13903436064720154,5.353579998016357,-0.1730063557624817,4.108108997344971,0.05153283476829529,3.1989755630493164,-0.12739711999893188,1.8652420043945312,0.016187287867069244,1.5010249614715576,-0.031581997871398926,1.7264447212219238,-0.05193271487951279,1.6814675331115723,-0.04197089746594429,1.528336524963379,-0.05000877007842064,1.4434576034545898,-0.03768788278102875,1.6080173254013062,-0.08647000044584274,1.5728503465652466,-0.04210469499230385,1.4128788709640503,-0.012455916032195091,1.5592193603515625,-0.023088693618774414,1.3578259944915771,0.023716535419225693,1.3219149112701416,0.032396990805864334,1.0809409618377686,0.059255871921777725,1.016638159751892,-0.030379043892025948,1.4600359201431274,0.02863703854382038,1.7708849906921387,1755.7745361328125,810.6227416992188,2289.27392578125,650.5379028320312,3921.834228515625,2225.1826171875,6802.9970703125,2228.728271484375,0.011151446960866451,0.017178239300847054,15.842464447021484,6.4231791496276855,13.077537536621094,5.26747465133667,15.437421798706055,4.845346927642822,20.191986083984375,5.526209831237793,21.042964935302734,5.457891464233398,19.954906463623047,4.449136734008789,19.302583694458008,4.22271203994751,0.06068024784326553,0.031122492626309395,0.0946844294667244,0.06318780779838562,0.003543198574334383,0.00955467950552702
bonafide_12,Patrick Talbot - Set Me Free,46,115.0,0,Bona-fide (Human),-207.9605712890625,89.5836410522461,112.52656555175781,32.415531158447266,20.876632690429688,26.013595581054688,21.51102638244629,21.247455596923828,-0.9573690891265869,11.049583435058594,12.091368675231934,10.858469009399414,0.021942421793937683,11.091326713562012,2.7802364826202393,11.52026653289795,-1.8420789241790771,10.37282943725586,4.636897087097168,8.714409828186035,-2.2946102619171143,8.725857734680176,-1.4724922180175781,9.773456573486328,-3.89031982421875,8.744720458984375,-1.400036334991455,7.3079633712768555,-2.373811960220337,8.17399787902832,-0.24204324185848236,9.118736267089844,0.5887963175773621,7.653094291687012,1.6586779356002808,7.057800769805908,-3.1375198364257812,9.655218124389648,-2.3509981632232666,8.75848388671875,-0.7815582156181335,13.659716606140137,0.15994054079055786,6.107804298400879,0.17198722064495087,3.417024612426758,0.03165633976459503,3.1377861499786377,-0.008044745773077011,1.6811636686325073,-0.01744675636291504,1.6024882793426514,-0.034275032579898834,1.518284797668457,0.0368274487555027,1.6400988101959229,0.07068127393722534,1.5968981981277466,0.017064539715647697,1.5245529413223267,-0.027879979461431503,1.5863860845565796,-0.03377525880932808,1.86935555934906,0.04446142539381981,1.6153241395950317,0.006658973637968302,1.2369014024734497,-0.026494717225432396,1.5426877737045288,-0.13302162289619446,1.7520960569381714,-0.15382614731788635,1.5146595239639282,-0.08198472857475281,1.5040485858917236,-0.07253384590148926,1.709961175918579,-0.006825340911746025,1.3686800003051758,1731.66259765625,791.0990600585938,2243.279052734375,600.7974853515625,3785.05859375,2096.000244140625,6721.30029296875,2135.568359375,0.008182748220860958,0.011968685314059258,15.560340881347656,6.0023417472839355,13.205964088439941,5.125154972076416,16.878795623779297,5.586043357849121,21.50175666809082,5.42178201675415,22.586851119995117,5.285645484924316,21.176746368408203,4.623062610626221,19.483718872070312,4.751598358154297,0.0605129674077034,0.023698320612311363,0.09309558570384979,0.06162822246551514,0.0022447218652814627,0.006593491416424513
bonafide_12,Patrick Talbot - Set Me Free,50,125.0,0,Bona-fide (Human),-301.11016845703125,57.46971893310547,151.3849334716797,45.71308517456055,50.31193923950195,25.137603759765625,12.984353065490723,27.31264305114746,-1.2000749111175537,10.638625144958496,12.556522369384766,9.378786087036133,5.105969429016113,9.843650817871094,3.590725898742676,8.186990737915039,-2.3232762813568115,5.483578205108643,5.198446273803711,7.514301300048828,-3.4313485622406006,8.046302795410156,-4.468649387359619,5.912334442138672,-6.0640869140625,5.718101501464844,-1.2885775566101074,3.808283805847168,0.06261641532182693,5.037807941436768,-0.6628972291946411,5.581823348999023,-1.524105191230774,6.755834102630615,-0.21046815812587738,6.586459159851074,-3.372507095336914,6.403938293457031,-4.880853176116943,6.739596843719482,-0.37011754512786865,7.581982135772705,0.35268911719322205,5.376649856567383,-0.0448518842458725,3.8202998638153076,-0.10745330899953842,3.5959596633911133,-0.04452452063560486,1.8371813297271729,0.020109238103032112,1.339194416999817,0.040615178644657135,1.5142228603363037,0.004499203525483608,1.4350521564483643,0.0015352567424997687,1.101016640663147,-0.10321546345949173,1.1628493070602417,-0.0892840027809143,1.2173463106155396,-0.010673231445252895,0.9599812626838684,-0.034342795610427856,0.9038488268852234,-0.05524807423353195,0.6712706685066223,-0.07422921061515808,0.8373233079910278,-0.09523081034421921,0.8583888411521912,-0.044021423906087875,1.103929042816162,-0.039633505046367645,0.9142999053001404,0.028222760185599327,1.1335887908935547,0.016323259100317955,0.9529697299003601,1231.7330322265625,640.3726196289062,1949.8829345703125,800.584228515625,2621.1689453125,2231.260498046875,5476.412109375,2954.67138671875,0.0022699024993926287,0.003197544487193227,20.32673454284668,5.949876308441162,15.966608047485352,4.453677177429199,21.002647399902344,4.853172302246094,22.517526626586914,5.497757911682129,24.712190628051758,4.904057025909424,21.534343719482422,4.4602766036987305,17.843050003051758,3.9737956523895264,0.0397610142827034,0.009929772466421127,0.05738581717014313,0.01952921785414219,0.0009041668381541967,0.0019933609291911125
bonafide_12,Patrick Talbot - Set Me Free,54,135.0,0,Bona-fide (Human),-261.76898193359375,74.6354751586914,139.07379150390625,42.87929153442383,53.41301345825195,25.088214874267578,27.339366912841797,13.436890602111816,3.543403148651123,11.85693645477295,8.119519233703613,10.386198043823242,-4.1919169425964355,17.082412719726562,1.8189947605133057,9.383862495422363,-5.710697650909424,8.826911926269531,-1.124875545501709,10.57589340209961,-10.526580810546875,9.234375,-6.818238258361816,7.900241851806641,-11.094319343566895,6.448487758636475,-2.72381329536438,5.823827743530273,1.6535519361495972,7.299464225769043,-2.268831253051758,7.9578537940979,-5.33976936340332,8.901487350463867,-7.298080921173096,7.158817291259766,-3.94884991645813,5.138424873352051,-4.955087184906006,7.197145462036133,-0.1122058779001236,8.288957595825195,-0.23142531514167786,7.092101097106934,0.09156599640846252,4.002264499664307,-0.004200290888547897,2.2827963829040527,-0.03388163447380066,1.9639034271240234,0.08421947062015533,1.588053822517395,0.07095709443092346,2.2805428504943848,-0.05140531435608864,1.4539037942886353,-0.009460676461458206,1.3487091064453125,0.03038910962641239,1.6684560775756836,0.04796167090535164,1.3581002950668335,-0.018422020599246025,1.2132759094238281,0.021561715751886368,1.0456619262695312,0.06159738078713417,0.858188807964325,0.004024615976959467,1.257768154144287,-0.001059523317962885,1.205632209777832,-0.01739312894642353,1.13481867313385,0.052713461220264435,1.0132300853729248,0.015115408226847649,0.9589887857437134,0.0316120944917202,0.9769391417503357,1340.6419677734375,1022.5964965820312,1989.499755859375,716.8240966796875,2569.5791015625,2322.693603515625,5794.27587890625,2605.24853515625,0.005413953680545092,0.016750449314713478,16.191919326782227,6.153512954711914,16.430721282958984,5.381649017333984,18.243606567382812,4.519410610198975,23.300649642944336,4.653255939483643,22.21296501159668,4.587887763977051,17.125574111938477,3.9214320182800293,18.774072647094727,3.012355089187622,0.044557925313711166,0.056028593331575394,0.09045522660017014,0.04044652730226517,0.005642634816467762,0.029843878000974655
bonafide_12,Patrick Talbot - Set Me Free,58,145.0,0,Bona-fide (Human),-282.3601379394531,83.17398071289062,148.67210388183594,39.460243225097656,47.486751556396484,26.7183780670166,24.113540649414062,21.569944381713867,7.196078777313232,10.370290756225586,9.08011245727539,9.950348854064941,-2.791236639022827,14.960442543029785,2.1831960678100586,10.1349458694458,-7.346530914306641,8.870589256286621,1.0019679069519043,9.063322067260742,-9.167647361755371,7.070031642913818,-8.47614860534668,9.12456226348877,-10.461017608642578,8.639557838439941,-6.601125240325928,6.7857441902160645,0.9188727140426636,8.280061721801758,-1.1373062133789062,6.507262706756592,-8.026655197143555,6.851916790008545,-4.791154861450195,7.499016761779785,-5.759521961212158,6.293779373168945,-8.47665023803711,7.300589561462402,-0.0208731759339571,10.047019958496094,0.10497649759054184,6.072055339813232,-0.020727280527353287,3.763732671737671,-0.14209359884262085,3.2781500816345215,-0.1378886103630066,1.746986985206604,0.06269683688879013,1.630226492881775,0.05339187756180763,2.231926441192627,0.042575906962156296,1.7675429582595825,0.016219129785895348,1.2805367708206177,0.03735334798693657,1.656777262687683,0.012899694964289665,1.3179898262023926,-0.049414705485105515,1.248409628868103,-0.016964664682745934,1.506129264831543,-0.014233156107366085,1.1372796297073364,-0.02657109685242176,1.3690333366394043,0.05854351446032524,1.3523818254470825,0.04658862575888634,1.2582348585128784,0.04624250903725624,1.3209320306777954,-0.005949231330305338,1.1234650611877441,-0.08788156509399414,1.2687851190567017,1129.06298828125,693.7298583984375,1857.357421875,693.4962768554688,2163.53857421875,2005.1573486328125,5228.18212890625,2607.67724609375,0.003053257940337062,0.00901409238576889,16.115585327148438,6.291215419769287,14.810091018676758,4.597330570220947,18.614362716674805,4.974018096923828,23.509441375732422,5.082027912139893,22.044588088989258,5.255852699279785,19.069080352783203,4.655252456665039,18.64655303955078,3.6493771076202393,0.03406891971826553,0.013687120750546455,0.08111932873725891,0.03316162899136543,0.0015356165822595358,0.008184026926755905
bonafide_12,Patrick Talbot - Set Me Free,62,155.0,0,Bona-fide (Human),-260.5631103515625,86.56449890136719,123.95559692382812,39.56606674194336,60.22562026977539,28.38191032409668,31.029563903808594,17.4030818939209,6.677136421203613,15.205364227294922,7.904024124145508,13.064605712890625,0.8704320192337036,11.463069915771484,0.8432697653770447,9.36596965789795,-7.063283443450928,9.394991874694824,-4.218404293060303,9.358485221862793,-10.41907787322998,8.281214714050293,-6.215790748596191,8.467286109924316,-15.715659141540527,6.332772731781006,-5.403375625610352,7.7785964012146,0.995952308177948,8.25949478149414,-4.507869720458984,6.6434478759765625,-7.062446117401123,6.3419904708862305,-4.454957008361816,5.995354652404785,-8.030287742614746,6.061295509338379,-7.2967658042907715,5.796429634094238,-0.525947630405426,8.79802131652832,-0.28738996386528015,5.2970476150512695,-0.03034921921789646,4.261324405670166,0.19350366294384003,2.918687582015991,-0.0078066145069897175,2.1777374744415283,0.015206849202513695,2.2807109355926514,-0.019988175481557846,1.6325639486312866,-0.07432994991540909,1.4325591325759888,0.06753560155630112,1.5428447723388672,0.07687743753194809,1.8135069608688354,-0.0263411533087492,1.4493060111999512,-0.04426988959312439,1.485066533088684,-0.022589756175875664,0.9930338263511658,0.020211277529597282,1.2079294919967651,-0.009611871093511581,1.1365717649459839,-0.05769757926464081,1.1245653629302979,-0.010256468318402767,1.0550169944763184,-0.00860553327947855,0.8847967386245728,-0.031065503135323524,0.8579046130180359,0.04247016832232475,1.0027344226837158,1401.7100830078125,826.3880615234375,2203.576904296875,745.8397827148438,2978.16162109375,2536.289794921875,6356.9306640625,2614.756591796875,0.0034569520503282547,0.006652431096881628,19.122695922851562,6.216348648071289,17.230850219726562,4.996859073638916,18.143033981323242,4.46496057510376,22.57610511779785,4.980173110961914,20.53618621826172,4.739500522613525,16.774381637573242,3.527848482131958,17.162094116210938,2.8412225246429443,0.03400110453367233,0.014431478455662727,0.10205326974391937,0.05277586728334427,0.0020267374347895384,0.007198551204055548
bonafide_12,Patrick Talbot - Set Me Free,66,165.0,0,Bona-fide (Human),-261.43377685546875,91.46397399902344,114.85763549804688,45.094486236572266,58.26676940917969,33.170677185058594,30.74160385131836,18.748668670654297,10.180846214294434,10.731371879577637,9.661393165588379,11.535097122192383,-3.022618532180786,11.425865173339844,2.3968021869659424,10.21357536315918,-6.775476455688477,7.961192607879639,-1.9279711246490479,8.710411071777344,-11.083394050598145,10.387418746948242,-5.737707614898682,8.010187149047852,-15.718415260314941,7.544389724731445,-5.7393879890441895,7.524068832397461,1.0844608545303345,7.893209457397461,-3.4408674240112305,7.146035671234131,-7.904510498046875,6.003933429718018,-5.2624969482421875,7.2240142822265625,-7.923773765563965,5.396286487579346,-9.728883743286133,6.511652946472168,-0.1985270231962204,7.870861530303955,0.09738870710134506,6.894477367401123,-0.007438315078616142,4.699265003204346,0.09168416261672974,2.758808135986328,-0.009720533154904842,1.890516757965088,-0.10590621083974838,1.9410721063613892,0.011064182966947556,1.772316813468933,0.035872966051101685,1.7104209661483765,-0.05221297964453697,1.3722320795059204,-0.0635082796216011,1.2078341245651245,-0.08355347067117691,1.6476476192474365,0.06103624403476715,1.2646206617355347,0.01698862574994564,1.4097834825515747,-0.09677009284496307,1.4112870693206787,0.0425119549036026,1.3617966175079346,0.01483976375311613,1.1175733804702759,-0.03048355132341385,1.1574567556381226,0.010674281045794487,1.0545272827148438,-0.027239235118031502,0.8776242733001709,-0.030992558225989342,1.151117205619812,1659.3944091796875,1196.2763671875,2309.192626953125,714.6266479492188,3568.4306640625,2639.32373046875,6779.76904296875,2565.28662109375,0.00721547519788146,0.017304833978414536,20.41432762145996,6.468170642852783,17.509031295776367,5.331791400909424,17.640796661376953,4.689267158508301,21.967105865478516,4.780204772949219,20.301971435546875,4.528054714202881,16.747051239013672,3.523662805557251,17.25382423400879,2.8521931171417236,0.0499064140021801,0.08172937482595444,0.0854334905743599,0.03608770668506622,0.012565753422677517,0.06216716021299362
bonafide_12,Patrick Talbot - Set Me Free,70,175.0,0,Bona-fide (Human),-132.21429443359375,48.38044738769531,115.58770751953125,27.986007690429688,13.604387283325195,22.9408016204834,40.79086685180664,21.003936767578125,16.165367126464844,9.918831825256348,-0.8483324646949768,8.268012046813965,-17.28744888305664,8.57929801940918,3.7777023315429688,10.262661933898926,-9.615623474121094,7.485129356384277,-6.144309043884277,8.86267375946045,-13.655013084411621,6.883950233459473,-1.1812117099761963,6.572369575500488,-12.23876953125,5.8849263191223145,-9.118962287902832,7.847640037536621,0.8902090787887573,7.96101188659668,-4.982376575469971,7.156928539276123,-6.852414608001709,8.419099807739258,-1.0261794328689575,5.268279552459717,-6.047408103942871,5.71989107131958,-7.904544830322266,6.7727556228637695,0.3978627920150757,6.959863185882568,-0.14940187335014343,5.110138893127441,0.032562874257564545,4.379397869110107,0.061607200652360916,2.4096693992614746,-0.03548513352870941,1.4507200717926025,0.07788529247045517,1.4560314416885376,0.02830689027905464,1.4788086414337158,-0.03702477738261223,1.5875067710876465,-0.011016077362000942,1.3067653179168701,-0.02142956107854843,1.168908715248108,-0.017277395352721214,1.1983537673950195,0.0026953418273478746,1.1836159229278564,0.07528797537088394,1.0518118143081665,0.06553588062524796,1.063689947128296,-0.018019070848822594,1.2386913299560547,0.05341539531946182,1.2059603929519653,0.016801215708255768,1.2413570880889893,0.03362533077597618,1.0622894763946533,-0.014622403308749199,1.0882596969604492,0.027300020679831505,1.09322190284729,1661.835693359375,802.1734619140625,2200.787109375,493.2137756347656,3525.96240234375,1702.0821533203125,6793.4765625,1495.934814453125,0.006742915604263544,0.01969798095524311,13.115649223327637,5.83967924118042,14.266416549682617,4.588944435119629,19.61985206604004,4.387126922607422,22.435861587524414,4.277958393096924,21.287372589111328,3.522596836090088,21.362369537353516,3.231111764907837,20.436695098876953,3.4617722034454346,0.05417435243725777,0.040075577795505524,0.17098267376422882,0.05618578568100929,0.007409929297864437,0.038006946444511414
bonafide_12,Patrick Talbot - Set Me Free,74,185.0,0,Bona-fide (Human),-123.48993682861328,47.18436813354492,121.19017791748047,21.737911224365234,4.848925590515137,15.15524673461914,35.35417938232422,12.713895797729492,9.611227989196777,11.992143630981445,-1.9497092962265015,7.273824691772461,-15.487160682678223,7.6321539878845215,-1.5455762147903442,8.262378692626953,-14.316876411437988,8.201557159423828,-4.8722381591796875,7.674230575561523,-17.831682205200195,8.717364311218262,-0.8728451728820801,9.382736206054688,-8.565193176269531,7.058270454406738,-8.812289237976074,6.889161586761475,0.3634546101093292,8.17928695678711,-5.480825424194336,7.9185967445373535,1.141774296760559,7.316079616546631,-7.128389358520508,7.527897834777832,-6.859338760375977,7.696011543273926,-6.639565944671631,6.76915979385376,-0.5438353419303894,4.872720718383789,0.06358243525028229,3.340588331222534,0.15741345286369324,2.292177200317383,-0.017446601763367653,1.8177947998046875,-0.015305805951356888,1.588112711906433,0.06165538728237152,1.3184086084365845,0.09386972337961197,1.3603235483169556,0.026843512430787086,1.2760547399520874,-0.12677983939647675,1.0479581356048584,-0.14745542407035828,1.0282716751098633,-0.07568556815385818,1.3243173360824585,-0.11371423304080963,1.3095515966415405,0.05268022418022156,1.1568974256515503,-0.011988746002316475,0.9882303476333618,-0.04622224345803261,1.2467412948608398,0.16492204368114471,0.9847671389579773,0.09031687676906586,0.910446047782898,-0.0653960108757019,1.0169141292572021,-0.019905345514416695,1.129989743232727,-0.03937467932701111,0.8644792437553406,1585.9927978515625,529.39013671875,2141.790283203125,434.26654052734375,3336.749267578125,1333.0416259765625,6780.7158203125,1404.483642578125,0.006382250227034092,0.016765190288424492,12.471952438354492,5.934998512268066,13.950418472290039,4.595631122589111,19.593400955200195,4.380247116088867,23.549467086791992,4.0234479904174805,21.38523292541504,3.7390213012695312,22.037696838378906,3.1312901973724365,21.51334571838379,3.512429714202881,0.0561794713139534,0.029692279174923897,0.16825701296329498,0.06419535726308823,0.0026817084290087223,0.014725611545145512
bonafide_12,Patrick Talbot - Set Me Free,77,192.5,0,Bona-fide (Human),-154.6578369140625,61.70330810546875,132.08885192871094,27.087356567382812,-7.121281147003174,24.918949127197266,35.62973403930664,14.568278312683105,2.8248934745788574,12.679064750671387,-0.7710549831390381,11.117700576782227,-1.8189750909805298,10.600932121276855,1.5750842094421387,9.66612720489502,-3.2556254863739014,8.334427833557129,-7.732515811920166,10.960310935974121,-9.072946548461914,9.542252540588379,2.2810449600219727,6.816771030426025,0.46795421838760376,7.225697040557861,-5.161600589752197,8.16069507598877,-4.389847755432129,5.965713024139404,-1.8622815608978271,6.205599308013916,-5.930370807647705,6.441567897796631,1.0480848550796509,7.712812423706055,0.619922399520874,7.228165149688721,0.20638743042945862,6.0322980880737305,-0.4823604226112366,11.900354385375977,0.1958313286304474,4.570165634155273,-0.3474724292755127,4.969060897827148,0.014265409670770168,2.515782594680786,-0.17541386187076569,1.9979286193847656,-0.0589110404253006,2.237114667892456,-0.01255088858306408,1.81588876247406,-0.04770747944712639,1.634186029434204,-0.06167462095618248,1.6927354335784912,-0.012585832737386227,1.9839500188827515,0.021792137995362282,1.6193147897720337,-0.0216126199811697,1.1958587169647217,0.03685715049505234,1.4385842084884644,-0.021056707948446274,1.6658785343170166,-0.0019568491261452436,1.1050691604614258,-0.08246646076440811,1.1145790815353394,-0.08037111163139343,1.213230013847351,-0.08984919637441635,1.488416314125061,-0.074494868516922,1.583084225654602,-0.01407991535961628,1.1564878225326538,1465.29443359375,475.93212890625,1883.3406982421875,502.795654296875,3069.02978515625,1250.5487060546875,5623.9541015625,1844.5045166015625,0.005584058351814747,0.008477902971208096,16.093002319335938,6.190428256988525,11.496061325073242,4.7712483406066895,17.193113327026367,4.914740085601807,21.102548599243164,5.202799320220947,21.187490463256836,5.346450328826904,22.264358520507812,4.685237884521484,23.486865997314453,5.587268352508545,0.059601958841085434,0.02237938717007637,0.12981998920440674,0.054340388625860214,0.0006791691994294524,0.0016743842279538512
bonafide_12,Patrick Talbot - Set Me Free,81,202.5,0,Bona-fide (Human),-162.51849365234375,62.07167053222656,126.21934509277344,27.60921287536621,-5.4257354736328125,21.76337242126465,37.11338806152344,17.685176849365234,4.020048141479492,11.185266494750977,-0.33828920125961304,10.734556198120117,-2.7817165851593018,9.295600891113281,2.209136486053467,7.809763431549072,-3.7474703788757324,9.353204727172852,-6.817331790924072,8.821748733520508,-8.297412872314453,8.328761100769043,1.0759010314941406,9.635851860046387,-1.1312774419784546,9.394713401794434,-5.044751167297363,7.523574352264404,-2.994943618774414,5.754260063171387,-1.4315414428710938,5.881345748901367,-5.114499568939209,7.708218097686768,0.5730835199356079,6.3766937255859375,-0.357090562582016,6.5899434089660645,-0.9155447483062744,7.279555320739746,-0.32726752758026123,10.753369331359863,0.1491279900074005,4.883113861083984,-0.21107949316501617,4.341094493865967,-0.022403672337532043,2.8653531074523926,-0.05166671797633171,2.227430820465088,-0.05578888952732086,2.041501998901367,-0.11693162471055984,1.4688684940338135,-0.05745217576622963,1.2920652627944946,0.026655377820134163,1.4735831022262573,0.07514196634292603,1.4558560848236084,0.036074940115213394,1.319261908531189,-0.037696000188589096,1.3214097023010254,-0.0068466742523014545,1.6086996793746948,-0.07736269384622574,1.448257327079773,-0.014193667098879814,0.9555456042289734,0.011789022013545036,0.9302029013633728,0.03772662207484245,1.323606014251709,0.0016794470138847828,1.1214457750320435,-0.04222865030169487,1.10148024559021,-0.011968765407800674,1.1711698770523071,1552.669921875,540.6432495117188,1968.509521484375,520.1948852539062,3342.93017578125,1378.903564453125,5890.826171875,1858.979248046875,0.0067073022946715355,0.011181110516190529,15.508906364440918,5.677774906158447,11.722301483154297,4.587591648101807,17.27639389038086,5.3962249755859375,20.82179069519043,4.714132785797119,21.249353408813477,5.102267265319824,22.701711654663086,4.979580402374268,23.061857223510742,5.805312633514404,0.06276900321245193,0.024293944239616394,0.11825141310691833,0.059505343437194824,0.0010217799572274089,0.0025982623919844627
bonafide_12,Patrick Talbot - Set Me Free,85,212.5,0,Bona-fide (Human),-159.32626342773438,64.33491516113281,127.13400268554688,30.13932228088379,0.32902923226356506,22.71630859375,35.37443161010742,18.621007919311523,5.907244682312012,11.668436050415039,-0.30907300114631653,12.294879913330078,-3.350750684738159,10.190788269042969,-0.29171866178512573,9.80479621887207,-5.661721229553223,10.005260467529297,-8.029701232910156,8.7181396484375,-9.489133834838867,8.297344207763672,1.6718989610671997,7.579403400421143,-1.6715028285980225,6.679800510406494,-4.567642688751221,8.40973949432373,-1.1975798606872559,5.9877095222473145,1.3498443365097046,6.428097724914551,-2.871236562728882,7.9295573234558105,2.1212551593780518,8.870105743408203,0.01989798992872238,8.454245567321777,-1.0678176879882812,6.054640293121338,-0.5153469443321228,11.30293083190918,0.29270294308662415,5.43743896484375,-0.2101929485797882,4.7233805656433105,0.13023488223552704,3.2758007049560547,0.025686856359243393,2.232339859008789,-0.019112583249807358,2.2995240688323975,0.061772022396326065,1.795104742050171,0.006921732798218727,1.5197032690048218,0.020315682515501976,1.5757571458816528,-0.03367221727967262,1.4783884286880493,-0.05031934380531311,1.4186829328536987,0.007474126759916544,1.5812962055206299,0.05158183351159096,1.2916431427001953,-0.00507083535194397,1.6233078241348267,-0.03798167407512665,1.1359567642211914,-0.0563989132642746,1.116417646408081,0.0009875782998278737,1.110795259475708,0.07354835420846939,1.4426891803741455,0.0002168715000152588,1.6827330589294434,-0.06630921363830566,1.236592173576355,1555.54150390625,576.3649291992188,2011.8939208984375,571.0848999023438,3390.88134765625,1566.743896484375,6021.67041015625,2038.3697509765625,0.0075608957558870316,0.01137919444590807,15.550018310546875,5.533998012542725,10.80157470703125,4.5484700202941895,16.509801864624023,4.950047016143799,20.197275161743164,4.931674003601074,20.184160232543945,4.951045036315918,21.227853775024414,4.477469444274902,22.175260543823242,5.486358165740967,0.0578409843146801,0.021801432594656944,0.12082106620073318,0.060895152390003204,0.0013003454077988863,0.003166492562741041
bonafide_12,Patrick Talbot - Set Me Free,89,222.5,0,Bona-fide (Human),-146.1790771484375,52.18312454223633,128.79296875,30.41953468322754,-5.601219654083252,22.215015411376953,37.43598937988281,13.812213897705078,3.9038102626800537,11.890527725219727,0.981580376625061,9.779574394226074,-0.6912505626678467,10.124420166015625,4.203760623931885,8.887053489685059,-3.52447247505188,7.7440080642700195,-2.0124197006225586,9.84949779510498,-5.480917453765869,8.807528495788574,1.0903141498565674,9.189236640930176,-0.4893888235092163,6.160101890563965,-3.9762799739837646,6.755124092102051,-1.9622000455856323,6.665567874908447,-0.8563842177391052,6.473244667053223,-2.328967809677124,5.923760890960693,0.8790702819824219,5.740004062652588,-2.0251686573028564,6.890828609466553,-1.6272764205932617,6.403537750244141,0.20394237339496613,8.988118171691895,0.16227276623249054,4.907502174377441,-0.4120315909385681,4.170833110809326,0.08338107913732529,2.5640299320220947,-0.14320972561836243,2.237445116043091,0.03993065282702446,1.820170283317566,-0.11901377141475677,1.6391451358795166,-0.12826469540596008,1.6914329528808594,-0.020794082432985306,1.2184842824935913,-0.06168418377637863,1.779539942741394,-0.062365975230932236,1.4616241455078125,-0.07899531722068787,1.4522345066070557,0.0043033757247030735,1.1236717700958252,-0.04671536386013031,1.392533540725708,0.010594749823212624,1.1790354251861572,0.06413348764181137,1.063806176185608,0.01260059978812933,1.118496298789978,0.018101753666996956,1.1217260360717773,0.023733289912343025,1.1193177700042725,0.00230067758820951,0.9393229484558105,1518.35009765625,504.42340087890625,1975.3651123046875,532.12890625,3256.2490234375,1371.5137939453125,5958.36669921875,1885.4266357421875,0.005979880690574646,0.008242631331086159,16.159404754638672,5.366153240203857,11.746899604797363,4.250181674957275,17.269615173339844,4.863073348999023,20.552988052368164,4.55218505859375,20.78416633605957,4.7892746925354,21.538127899169922,3.939012050628662,22.820253372192383,5.385690689086914,0.05664514750242233,0.01976696029305458,0.1286209225654602,0.05714351683855057,0.0008709036046639085,0.0017242806497961283
bonafide_12,Patrick Talbot - Set Me Free,93,232.5,0,Bona-fide (Human),-152.47267150878906,58.05548095703125,130.95973205566406,29.382192611694336,-5.892777442932129,23.66828727722168,34.264122009277344,17.24205780029297,1.4107871055603027,12.16278076171875,-3.6314024925231934,12.349516868591309,-6.938005447387695,7.8220744132995605,-1.3356446027755737,8.653214454650879,-4.449234962463379,9.75031566619873,-3.0588879585266113,10.12423324584961,-3.8061068058013916,8.54343318939209,4.311150074005127,8.167667388916016,1.3696004152297974,8.375682830810547,-2.904428482055664,11.362478256225586,-2.057527542114258,10.582671165466309,2.4449703693389893,7.608626842498779,-1.1593950986862183,6.922524929046631,-0.4701966941356659,7.849153518676758,-1.24651038646698,8.561609268188477,-0.43738895654678345,7.395415306091309,-0.678354024887085,10.51134967803955,0.051497410982847214,5.15412712097168,0.239748015999794,4.560006618499756,-0.02150902897119522,3.240657329559326,-0.01649605855345726,1.9017751216888428,0.04254288971424103,2.4482548236846924,0.009418481960892677,1.4346699714660645,0.062265243381261826,1.3338297605514526,-0.04461303725838661,1.6223891973495483,0.06927522271871567,1.5447571277618408,0.08734972029924393,1.20506751537323,0.044200349599123,1.2782783508300781,0.03766106069087982,1.4000667333602905,0.05317532643675804,1.5655404329299927,0.018808351829648018,1.5144219398498535,0.029709426686167717,1.3911861181259155,0.021844709292054176,1.240039587020874,-0.02358902245759964,1.0064817667007446,-0.10813412070274353,1.4048937559127808,-0.03979172557592392,1.4902892112731934,1558.081787109375,492.16448974609375,1956.403564453125,516.2079467773438,3286.255859375,1318.2440185546875,5942.31689453125,1866.4716796875,0.007061761803925037,0.009167295880615711,15.813586235046387,5.903580665588379,11.272415161132812,4.743373870849609,15.367758750915527,4.8306756019592285,21.021696090698242,4.867532730102539,20.46416473388672,4.948692798614502,22.10700035095215,4.394665718078613,22.999439239501953,5.875072002410889,0.0670505091547966,0.018968017771840096,0.11330307275056839,0.04928252846002579,0.0009107113583013415,0.0018334508640691638
bonafide_12,Patrick Talbot - Set Me Free,97,242.5,0,Bona-fide (Human),-141.88119506835938,50.76226806640625,133.18992614746094,26.408300399780273,-4.7301812171936035,19.915252685546875,37.88956069946289,14.177240371704102,0.7257373929023743,11.09034252166748,0.09728685766458511,7.981619834899902,-4.015766143798828,9.27047061920166,-0.3712843060493469,8.554232597351074,-1.9963570833206177,8.935948371887207,1.8986016511917114,8.910902976989746,0.17863789200782776,9.327033042907715,4.54874849319458,9.432554244995117,1.8252888917922974,7.333591461181641,0.31698524951934814,7.802538871765137,0.07344196736812592,6.767760276794434,1.61485755443573,6.828100204467773,-2.0629019737243652,6.581665992736816,-0.7112560868263245,6.838968753814697,-3.384828805923462,8.37331485748291,-3.087277412414551,8.258142471313477,0.04131549224257469,8.890786170959473,0.202061727643013,4.516632556915283,-0.07499413192272186,3.704557180404663,0.03357413783669472,2.597421169281006,-0.12017306685447693,2.0639162063598633,0.0686909630894661,1.596173882484436,-0.04914092645049095,1.515069603919983,-0.017751172184944153,1.578650712966919,-0.025795746594667435,1.3998323678970337,0.031604692339897156,1.42042875289917,-0.0025008763186633587,1.3730915784835815,-0.08329788595438004,1.5878791809082031,-0.07391831278800964,1.3100587129592896,-0.0965149849653244,1.3657608032226562,-0.15479488670825958,1.2897584438323975,-0.10504856705665588,1.3635926246643066,0.02053149603307247,1.159934639930725,0.022388039156794548,1.2435907125473022,-0.0253512691706419,1.3331354856491089,-0.029464907944202423,1.2721370458602905,1481.6414794921875,415.3306884765625,1930.6075439453125,466.8825378417969,3175.64892578125,1109.5234375,5841.330078125,1699.028564453125,0.005713518243283033,0.007534945849329233,16.80368995666504,5.722225189208984,12.049623489379883,4.394693851470947,14.472732543945312,4.049369812011719,21.86900520324707,4.916744232177734,20.58644676208496,4.644280910491943,22.1335506439209,4.447359085083008,23.838613510131836,5.498660087585449,0.06326859444379807,0.014769062399864197,0.12952712178230286,0.05604391545057297,0.0006930971867404878,0.0014010810991749167
bonafide_12,Patrick Talbot - Set Me Free,101,252.5,0,Bona-fide (Human),-186.1961669921875,55.15387725830078,128.42324829101562,29.21190071105957,8.7274751663208,20.808509826660156,37.01942825317383,16.47279167175293,6.3254475593566895,12.273016929626465,0.38317418098449707,7.76893424987793,-2.6619646549224854,6.7686381340026855,-0.9854714870452881,6.436580181121826,-4.83417272567749,5.893648624420166,0.8919708132743835,8.509347915649414,-4.9348368644714355,6.545241355895996,-2.6028783321380615,8.275930404663086,-8.525397300720215,6.937028408050537,-9.744024276733398,6.851469039916992,-10.282660484313965,6.460083961486816,-6.389759063720703,6.761213302612305,-5.165769100189209,6.937231540679932,2.545947551727295,9.138648986816406,0.782803475856781,8.88893985748291,-2.675886631011963,7.2368059158325195,0.16105690598487854,7.194888591766357,-0.06100215017795563,4.008529186248779,0.10092758387327194,2.4777135848999023,-0.07047854363918304,2.20448637008667,0.10878589749336243,1.7867331504821777,-0.008457307703793049,1.3969050645828247,0.0017664239276200533,1.2014262676239014,0.02549329772591591,1.0868014097213745,0.04311159625649452,0.9864436984062195,0.012471891939640045,1.0386850833892822,0.004231215454638004,1.0633519887924194,0.07013801485300064,1.510946273803711,0.007200969383120537,1.2598639726638794,-0.026094138622283936,1.0123698711395264,-0.04373624175786972,0.8554794788360596,0.06648480892181396,1.0001702308654785,0.05336976796388626,1.1105412244796753,-0.025307126343250275,1.1686677932739258,-0.053700704127550125,1.3722014427185059,-0.03223893791437149,1.0846538543701172,1389.9305419921875,513.1964111328125,1976.0714111328125,565.9028930664062,2992.716552734375,1520.3717041015625,5933.3447265625,2078.066162109375,0.0028589351568371058,0.004072934854775667,21.0664005279541,5.681509971618652,15.57180118560791,5.614855766296387,21.948976516723633,5.371843338012695,25.25874900817871,5.006124496459961,24.533357620239258,4.287201404571533,25.8521671295166,3.790471076965332,22.136699676513672,5.0290751457214355,0.0466783307492733,0.016303008422255516,0.11665452271699905,0.029216481372714043,0.0007129236473701894,0.0016836450668051839
bonafide_12,Patrick Talbot - Set Me Free,105,262.5,0,Bona-fide (Human),-156.54318237304688,55.388492584228516,119.18547821044922,31.001535415649414,15.74383544921875,20.744234085083008,37.15201187133789,19.58304214477539,11.261582374572754,9.414283752441406,-0.6232369542121887,7.666318893432617,-7.252100467681885,8.98006820678711,2.2404909133911133,10.738916397094727,-4.916640758514404,7.313797950744629,-1.6429214477539062,8.571599006652832,-6.3512725830078125,7.662026405334473,-3.0715651512145996,8.037079811096191,-8.265945434570312,7.019299030303955,-7.808437824249268,6.244062900543213,-7.319223880767822,8.120206832885742,-7.933548450469971,7.0728254318237305,-5.485764503479004,6.486929416656494,2.2023439407348633,9.443246841430664,-1.6834319829940796,8.712570190429688,-6.7115912437438965,6.350127220153809,0.4346175789833069,6.810378551483154,-0.3131903409957886,4.979594707489014,-0.0892331525683403,3.7235333919525146,0.03878583014011383,2.5627377033233643,0.045154064893722534,1.490992546081543,-0.13562196493148804,1.419886589050293,-0.07334274798631668,1.5224624872207642,0.03646301478147507,1.4137341976165771,-0.04718221724033356,1.2528910636901855,-0.15420354902744293,1.228033423423767,-0.08336769789457321,1.4186769723892212,-0.02022416889667511,1.4016408920288086,-0.033212509006261826,1.2267022132873535,-0.040329281240701675,1.0717588663101196,-0.033371809870004654,1.2309443950653076,-0.03351999446749687,1.097893476486206,-0.05522582679986954,1.1078225374221802,0.015723658725619316,1.3008003234863281,-0.04785746708512306,1.302392601966858,-0.057959847152233124,1.1025581359863281,1592.41845703125,726.5623168945312,2166.240478515625,577.438720703125,3422.782470703125,1842.0770263671875,6568.6240234375,1840.11767578125,0.006288144271820784,0.019131071865558624,17.692686080932617,5.881645679473877,13.609586715698242,4.610879421234131,20.767562866210938,5.176198482513428,23.606496810913086,5.4568634033203125,22.451690673828125,4.336989402770996,22.775590896606445,4.5159687995910645,20.40119743347168,3.8705015182495117,0.051999691873788834,0.03286507725715637,0.14697282016277313,0.053445663303136826,0.0036427825689315796,0.016341308131814003
bonafide_12,Patrick Talbot - Set Me Free,109,272.5,0,Bona-fide (Human),-129.97433471679688,39.69540023803711,116.19390869140625,28.03321075439453,14.744523048400879,20.886627197265625,38.047515869140625,17.320972442626953,16.366422653198242,10.186164855957031,-1.0013890266418457,8.733932495117188,-12.31247329711914,9.317144393920898,2.131880521774292,9.976744651794434,-10.611968040466309,5.968021392822266,-4.587504863739014,6.864969730377197,-14.245281219482422,7.5753021240234375,-3.9394094944000244,7.329371929168701,-9.669012069702148,5.667579174041748,-7.331161022186279,7.234133243560791,-0.7705162763595581,6.734710693359375,-8.916787147521973,6.5605244636535645,-6.308694839477539,7.725663185119629,-1.7671144008636475,5.763493061065674,-8.253019332885742,6.434429168701172,-5.825918674468994,5.587994575500488,0.10213622450828552,5.68526554107666,-0.10611371695995331,5.362973213195801,0.028850626200437546,4.04871129989624,-0.06822098046541214,1.8137948513031006,0.04643503949046135,1.5838801860809326,0.015837393701076508,1.3634750843048096,0.037965934723615646,1.4152425527572632,0.05170736461877823,1.6085253953933716,0.01922098733484745,1.0091838836669922,0.05350695177912712,1.0174124240875244,-0.035954799503088,1.2702020406723022,-0.0064390189945697784,1.2033125162124634,-0.011932995170354843,1.083317756652832,-0.00024284918617922813,1.0604443550109863,0.004484953824430704,0.8662914037704468,0.0037284691352397203,1.0059670209884644,0.023757942020893097,1.194284439086914,-0.04914582148194313,1.0174862146377563,0.015390969812870026,1.041377305984497,0.015262184664607048,0.9358200430870056,1630.302978515625,811.5537109375,2219.449462890625,480.7562561035156,3470.28515625,1599.2647705078125,6807.73193359375,1486.0191650390625,0.006082522217184305,0.017325036227703094,13.534698486328125,5.157676696777344,14.683621406555176,4.749886989593506,19.08954429626465,3.514820098876953,21.871305465698242,4.307051181793213,20.25591278076172,3.527045488357544,20.726192474365234,2.794546604156494,19.7768497467041,2.66943359375,0.05269820615649223,0.05163821578025818,0.1743728071451187,0.04713929072022438,0.00773150147870183,0.03651401773095131
bonafide_12,Patrick Talbot - Set Me Free,113,282.5,0,Bona-fide (Human),-362.57049560546875,183.75926208496094,89.31289672851562,59.83879852294922,14.128040313720703,25.09025764465332,34.44182586669922,22.325302124023438,7.472415924072266,9.626047134399414,5.4903717041015625,8.023765563964844,-5.251428604125977,7.0671772956848145,-2.0623514652252197,6.2454142570495605,-5.505093097686768,6.929234504699707,0.7379128932952881,5.761235237121582,-4.598367214202881,6.060021877288818,-2.248182773590088,4.85274600982666,-4.662909507751465,6.3885698318481445,-1.0944359302520752,4.145548343658447,1.3161497116088867,3.9921796321868896,-1.60225248336792,3.9039478302001953,-4.461065769195557,4.416189670562744,-6.057861328125,5.024380683898926,-7.497509002685547,6.009255409240723,-5.647408962249756,5.083963394165039,-2.4382567405700684,5.3129448890686035,-0.48778578639030457,2.6825201511383057,0.07474154233932495,2.6211354732513428,-0.053345996886491776,1.1312261819839478,0.012269779108464718,0.9702145457267761,0.04686101898550987,1.0775476694107056,0.13204824924468994,0.9974966645240784,0.1293279081583023,0.9882115721702576,0.09103213250637054,0.8136822581291199,0.05230105295777321,0.7715064287185669,0.08149300515651703,0.9181970953941345,0.006057172082364559,0.7524533867835999,0.02407495677471161,0.6570504307746887,0.025090916082262993,0.7694823741912842,0.034515224397182465,0.6077803373336792,0.0384114570915699,0.589980959892273,0.04450390115380287,0.5402264595031738,0.03316475450992584,0.6697631478309631,0.07305659353733063,0.8351588845252991,0.09537163376808167,0.7556921243667603,1477.5638427734375,606.333984375,1845.365966796875,446.2461853027344,2945.3134765625,1228.65673828125,5589.71044921875,1849.4144287109375,0.009487814269959927,0.01477213203907013,13.838770866394043,6.036910533905029,13.196187019348145,3.901428699493408,19.647912979125977,4.835848331451416,22.288053512573242,5.127722263336182,19.95478057861328,4.267004013061523,21.27490997314453,3.194667339324951,24.505521774291992,4.510551929473877,0.0672675222158432,0.04065714403986931,0.051488082855939865,0.0669625774025917,0.0009381663403473794,0.0017412335146218538
bonafide_13,Steven Clark - Bounty,0,0.0,0,Bona-fide (Human),-198.44003295898438,88.32604217529297,89.27577209472656,29.435317993164062,-17.684236526489258,13.955266952514648,18.4033260345459,13.652443885803223,-21.10161590576172,12.319437026977539,-10.423770904541016,9.431570053100586,-10.439789772033691,8.804410934448242,-18.657764434814453,8.855070114135742,-15.698952674865723,9.597504615783691,-8.283394813537598,10.790481567382812,-16.650739669799805,8.625578880310059,-6.102702617645264,6.837581157684326,-5.934911727905273,7.079390525817871,-1.0255478620529175,7.668571949005127,-5.42049503326416,6.735607147216797,-0.8212870955467224,6.399263858795166,-13.459349632263184,8.364860534667969,-8.739775657653809,6.700131416320801,-7.458831787109375,6.347141265869141,-5.701913356781006,8.516239166259766,0.7342783808708191,14.331583023071289,0.5758610963821411,4.976384162902832,-0.10729356855154037,3.1541152000427246,-0.05377502366900444,2.8733437061309814,-0.18237054347991943,2.1120684146881104,-0.27043378353118896,1.812777042388916,-0.0895242691040039,1.7188860177993774,-0.055646125227212906,1.2016347646713257,-0.14154978096485138,1.3591594696044922,-0.14155878126621246,1.4178613424301147,-0.04695684090256691,1.3366994857788086,-0.009562253020703793,0.9861294627189636,-0.04075522720813751,1.2186462879180908,-0.06581345200538635,1.211964726448059,0.0015080218436196446,1.1132984161376953,-0.0013080344069749117,1.0567220449447632,0.08652357012033463,1.3532347679138184,0.017593255266547203,1.018174171447754,0.0010863057104870677,1.0754138231277466,0.11900684237480164,1.0932296514511108,2308.173583984375,688.7158813476562,2301.272705078125,278.16357421875,4531.2939453125,1234.4114990234375,7410.66162109375,1138.12353515625,0.035721179097890854,0.05924556404352188,11.467310905456543,5.264692783355713,16.865249633789062,6.379108428955078,16.66087532043457,4.402811527252197,20.26259994506836,4.3765692710876465,18.645763397216797,3.4588441848754883,18.107147216796875,2.443739414215088,22.649879455566406,3.174530506134033,0.1151597797870636,0.06255827099084854,0.051416318863630295,0.022822648286819458,0.005612688604742289,0.012861198745667934
bonafide_13,Steven Clark - Bounty,3,7.5,0,Bona-fide (Human),-169.62782287597656,92.47801208496094,101.08052825927734,36.393165588378906,5.830332279205322,22.410781860351562,9.94466781616211,11.81236457824707,-8.574762344360352,15.361746788024902,-2.077833890914917,21.37717628479004,-8.053050994873047,14.533392906188965,-5.90548038482666,16.88032341003418,-5.932650089263916,8.575329780578613,-2.218789577484131,7.4367218017578125,-9.040472984313965,8.502501487731934,-1.4753873348236084,8.734146118164062,-9.35274600982666,7.273431777954102,-5.358847141265869,8.494423866271973,-6.794765949249268,6.788130760192871,2.1404659748077393,7.258136749267578,-8.931517601013184,7.608270645141602,-1.1813009977340698,6.659427165985107,-3.6445798873901367,6.1181864738464355,-4.470059871673584,8.458770751953125,1.3416496515274048,14.462804794311523,-0.2605186700820923,6.945908069610596,0.023381516337394714,2.7744479179382324,0.08422140032052994,2.3518221378326416,0.09443716704845428,1.4845420122146606,0.2490994781255722,2.2455861568450928,0.21659262478351593,1.7570710182189941,0.21039532124996185,1.277753472328186,0.11289423704147339,1.0456202030181885,0.012478983961045742,1.2179083824157715,0.06730160117149353,1.4055967330932617,0.10918297618627548,1.018038272857666,0.08312296122312546,1.0661365985870361,0.04409642517566681,1.1609710454940796,-0.0687255784869194,1.1907414197921753,-0.06588567793369293,1.396051049232483,-0.09785345941781998,1.265810489654541,-0.025509322062134743,1.3040460348129272,-0.025877857580780983,1.1943963766098022,0.038356948643922806,1.297771692276001,2280.972900390625,939.4349975585938,2507.439697265625,491.1221618652344,4774.140625,1986.0028076171875,7808.52783203125,1345.26904296875,0.027623357251286507,0.040565017610788345,15.67934513092041,6.941069602966309,15.589666366577148,5.763640403747559,16.630443572998047,4.0776448249816895,18.170080184936523,4.033482074737549,19.249357223510742,3.4637367725372314,17.28639793395996,2.6300742626190186,19.57219123840332,2.783337116241455,0.09207040071487427,0.05129289999604225,0.08174867928028107,0.04899004101753235,0.01052407082170248,0.023349840193986893
bonafide_13,Steven Clark - Bounty,7,17.5,0,Bona-fide (Human),-133.09068298339844,45.86771774291992,118.56719970703125,31.588071823120117,36.53835678100586,14.92519474029541,15.847821235656738,13.507753372192383,3.3567538261413574,11.254878997802734,11.52928638458252,8.954169273376465,-5.527621746063232,12.411043167114258,3.234678030014038,9.797627449035645,4.645192623138428,8.12707233428955,0.3574559688568115,8.204111099243164,-1.2547746896743774,8.118940353393555,4.963255882263184,6.586715221405029,-3.6719768047332764,7.42069673538208,-0.055089596658945084,7.9986371994018555,-5.69785213470459,6.021505832672119,7.396701812744141,8.639713287353516,-10.313976287841797,7.853092670440674,-0.4030515253543854,6.493413925170898,-2.5144450664520264,7.0574631690979,-2.7760722637176514,6.528999328613281,-0.5063991546630859,10.15237808227539,0.40956875681877136,6.59663724899292,0.1453629732131958,2.180532217025757,-0.10200411826372147,2.4890451431274414,-0.017636282369494438,2.1829171180725098,-0.024277767166495323,1.7412875890731812,-0.09813109040260315,2.400278091430664,-0.032058946788311005,1.5275852680206299,0.010930348187685013,1.3733831644058228,-0.08610144257545471,1.4874619245529175,0.0036439078394323587,1.5397002696990967,0.07048434019088745,1.4392598867416382,-0.03231556713581085,1.2673040628433228,-0.09923680871725082,1.3616787195205688,0.011184107512235641,1.1928679943084717,0.018998030573129654,1.4158042669296265,-0.015891415998339653,1.5614889860153198,0.08020065724849701,1.1437187194824219,0.018614454194903374,1.2454402446746826,-0.0697079673409462,1.213927149772644,1869.1685791015625,677.08740234375,2572.773681640625,480.8819580078125,4495.20556640625,1964.6856689453125,7878.6103515625,1632.130615234375,0.010504835285246372,0.013482226990163326,22.729780197143555,5.5514326095581055,13.31644344329834,3.8234055042266846,16.666011810302734,3.9541423320770264,18.910985946655273,4.024983882904053,19.949438095092773,3.5948102474212646,18.26781463623047,3.7093088626861572,19.017642974853516,2.3458144664764404,0.0538058802485466,0.029664691537618637,0.14321643114089966,0.04252064228057861,0.003511162241920829,0.0050056613981723785
bonafide_13,Steven Clark - Bounty,11,27.5,0,Bona-fide (Human),-130.4294891357422,58.44758987426758,97.8692398071289,32.28498077392578,37.0018196105957,20.71795082092285,36.73954772949219,17.220664978027344,3.823498487472534,10.0986328125,14.170433044433594,7.424062728881836,-1.2329237461090088,9.65750503540039,-0.7712982296943665,7.214793682098389,-0.6252807378768921,8.025429725646973,-5.937838554382324,9.596156120300293,-1.4337844848632812,6.316903591156006,3.9966416358947754,7.0179338455200195,-5.596555233001709,5.627791881561279,-3.946434497833252,7.696831703186035,-3.595228910446167,5.4363179206848145,5.02356481552124,7.640639781951904,-9.41736888885498,7.299868583679199,-2.4010560512542725,7.118038654327393,-6.193674564361572,8.023265838623047,-4.0222859382629395,7.533793926239014,0.5606745481491089,11.27944564819336,-0.17512483894824982,6.485378742218018,-0.14196287095546722,1.9672601222991943,-0.23613472282886505,2.494525194168091,-0.051487427204847336,1.653373122215271,-0.047077685594558716,1.3989453315734863,0.042978473007678986,1.5135278701782227,-0.04436477646231651,1.3771146535873413,-0.12117596715688705,1.1792137622833252,-0.014251435175538063,1.5623109340667725,-0.11564046144485474,1.0123038291931152,-0.03540957346558571,1.4382243156433105,-0.07347594946622849,0.9993099570274353,-0.038796231150627136,1.354376196861267,0.01211567036807537,1.1474838256835938,-0.036135315895080566,1.2163429260253906,-0.04711013287305832,1.207122564315796,-0.07273556292057037,1.2029187679290771,-0.047427963465452194,1.2073440551757812,-0.10267823934555054,1.2438820600509644,2093.862060546875,763.4397583007812,2647.24169921875,446.0428161621094,5039.8662109375,1626.759033203125,8053.81689453125,1528.022705078125,0.013909872621297836,0.02216355688869953,22.13528060913086,5.230865001678467,12.703988075256348,3.689326047897339,17.309951782226562,4.003301620483398,20.62773323059082,4.422917366027832,18.64763832092285,3.908820629119873,17.450231552124023,3.3345837593078613,19.955717086791992,3.6837925910949707,0.06297245621681213,0.04582855850458145,0.14808429777622223,0.04210425168275833,0.0037782941944897175,0.006314045749604702
bonafide_13,Steven Clark - Bounty,15,37.5,0,Bona-fide (Human),-91.97694396972656,40.25225830078125,102.97152709960938,29.84783172607422,6.053159713745117,22.890981674194336,44.75165939331055,15.52504825592041,5.6136860847473145,11.432150840759277,8.114165306091309,9.58719539642334,-4.73671293258667,10.356697082519531,3.944812059402466,6.075904846191406,-3.2324869632720947,8.399165153503418,1.6207891702651978,7.6862874031066895,-4.162746906280518,7.558806896209717,-0.5371438264846802,7.853949546813965,-1.8010773658752441,5.814144134521484,-1.5778803825378418,6.099081039428711,-2.5391788482666016,4.9541168212890625,2.7848103046417236,5.265415668487549,-7.282367706298828,7.292291164398193,2.31852126121521,5.850645065307617,-4.769513130187988,6.365756034851074,-4.403287410736084,6.810363292694092,0.05375516042113304,5.567812442779541,0.005426071118563414,4.440103054046631,0.05028652399778366,3.415012836456299,0.09420763701200485,2.2603373527526855,0.08410876244306564,1.4729186296463013,0.07618281245231628,1.498150110244751,0.08246556669473648,1.4506419897079468,0.05924982577562332,0.9959713220596313,0.0549943707883358,1.4604895114898682,0.004027366638183594,1.201362133026123,0.0853855311870575,1.1521387100219727,0.02529280260205269,1.0888051986694336,0.08378391712903976,0.9694339036941528,-0.007783545181155205,0.8413920402526855,-0.04010271653532982,0.7564297914505005,-0.053136587142944336,0.8355622291564941,0.023662567138671875,1.0762947797775269,-0.027038678526878357,1.053813099861145,0.05864829942584038,0.9382507801055908,-0.043846819549798965,1.1227613687515259,2085.416259765625,682.7413330078125,2400.435302734375,483.1531066894531,4750.4638671875,1320.625732421875,7211.62939453125,1691.8201904296875,0.016031397506594658,0.021763181313872337,22.690683364868164,5.068759918212891,12.38720703125,3.574132204055786,16.230609893798828,3.3191816806793213,18.93274688720703,3.5914483070373535,18.178754806518555,3.123750686645508,19.241668701171875,2.742387056350708,22.821636199951172,4.2426252365112305,0.07758698612451553,0.048869021236896515,0.16112296283245087,0.03426872938871384,0.003004782134667039,0.005470823030918837
bonafide_13,Steven Clark - Bounty,19,47.5,0,Bona-fide (Human),-66.89693450927734,29.888959884643555,104.10774993896484,18.155229568481445,3.580958127975464,11.943048477172852,35.696311950683594,12.27133560180664,-2.5518360137939453,10.039461135864258,8.01848316192627,9.589301109313965,-5.843673229217529,9.021735191345215,3.003143548965454,7.643566131591797,-0.10791411250829697,6.047796726226807,2.547813653945923,7.489682197570801,-4.2100701332092285,6.486966609954834,1.3960059881210327,8.005682945251465,-2.7466626167297363,6.931925296783447,-1.4097998142242432,5.056239128112793,-4.958817481994629,5.456246852874756,2.3329713344573975,6.930582523345947,-9.941964149475098,6.680277347564697,-1.0381834506988525,5.967081546783447,-5.915923595428467,5.0511956214904785,-5.455324649810791,6.203770160675049,0.08598440885543823,4.959992408752441,-0.012383620254695415,3.194087266921997,-0.004138889256864786,2.414353847503662,0.0011364707024767995,1.8394263982772827,-0.056621044874191284,1.5665522813796997,0.049659427255392075,1.3139094114303589,0.014915872365236282,1.354641318321228,0.02149188332259655,1.1584553718566895,0.0011307818349450827,1.0900851488113403,-0.012587637640535831,1.1439659595489502,0.009494256228208542,1.196860671043396,-0.02197217009961605,1.12067711353302,-0.07517345994710922,0.9673731923103333,-0.01948358118534088,0.8142852187156677,-0.03841426968574524,1.1242014169692993,0.00029772298876196146,1.0348249673843384,0.05194097012281418,1.0760911703109741,0.050144556909799576,0.9993556141853333,0.046501919627189636,0.8677652478218079,-0.0033895394299179316,1.0276216268539429,2016.8023681640625,371.91046142578125,2394.668701171875,269.0229797363281,4612.39208984375,919.6297607421875,7342.37353515625,968.55224609375,0.013509033247828484,0.01637885347008705,22.016538619995117,5.2454915046691895,12.296907424926758,3.628324270248413,16.530763626098633,3.8088340759277344,18.769933700561523,4.399102687835693,19.15410041809082,2.636866807937622,19.48259162902832,2.7479894161224365,22.566835403442383,3.3419830799102783,0.0724826380610466,0.022626755759119987,0.18145912885665894,0.038450103253126144,0.0017997948452830315,0.0036417630035430193
bonafide_13,Steven Clark - Bounty,22,55.0,0,Bona-fide (Human),-46.90553665161133,16.12571907043457,99.09515380859375,17.873626708984375,5.080041885375977,9.830939292907715,25.53624725341797,9.331595420837402,-11.31339168548584,6.567509174346924,23.05644989013672,6.6459503173828125,-3.3237218856811523,8.144012451171875,10.160316467285156,6.790071964263916,-4.288385391235352,6.605421543121338,0.2865528464317322,7.178067207336426,-6.903720378875732,7.18243932723999,3.448918581008911,5.759320259094238,-0.28992193937301636,6.397562026977539,-4.707406997680664,5.0205078125,-5.642974853515625,5.451624870300293,4.947582244873047,6.199031829833984,-8.680822372436523,5.351555824279785,-0.6272785067558289,6.163303852081299,-3.8769426345825195,4.965018272399902,-5.097043514251709,4.375679016113281,-0.05649576336145401,3.3878326416015625,-0.01899990253150463,3.10496187210083,0.010840286500751972,1.9269136190414429,-0.05852951109409332,1.686130404472351,-0.038764260709285736,1.4100663661956787,-0.016804181039333344,1.2312062978744507,-0.020767303183674812,1.498561978340149,0.08117060363292694,1.1877189874649048,-0.05626426637172699,1.2638038396835327,0.007033264264464378,0.9964683651924133,0.011744989082217216,1.101243257522583,-0.06456146389245987,0.9892516732215881,-0.06283407658338547,0.9830557107925415,-0.045300573110580444,0.9683514833450317,-0.03271352872252464,0.9687459468841553,-0.013006456196308136,1.0484405755996704,-0.05451658368110657,0.7630831599235535,-0.07979212701320648,0.9388900995254517,-0.04300028830766678,0.9029349684715271,-0.03099239058792591,0.7779759764671326,2240.031005859375,475.0376892089844,2484.8193359375,236.66062927246094,5201.6142578125,864.8244018554688,7444.556640625,667.5869750976562,0.017510326579213142,0.020068565383553505,22.00881576538086,5.302364826202393,11.582810401916504,3.7332944869995117,14.855165481567383,3.742068290710449,17.064250946044922,3.318962335586548,18.98208236694336,2.7233593463897705,19.659059524536133,2.089428663253784,23.95230484008789,3.0947012901306152,0.09092655777931213,0.027665136381983757,0.19133156538009644,0.03240657597780228,0.00304327136836946,0.00864787120372057
bonafide_13,Steven Clark - Bounty,26,65.0,0,Bona-fide (Human),-43.66695785522461,14.780935287475586,97.60272216796875,16.935190200805664,1.793341040611267,12.284944534301758,26.838884353637695,11.26365852355957,-8.368748664855957,8.145912170410156,22.50981330871582,9.608352661132812,-5.299097061157227,8.996456146240234,5.350644588470459,7.207016944885254,-5.673815727233887,5.712893962860107,-1.5161744356155396,6.736069679260254,-7.330617427825928,6.492163181304932,3.7461605072021484,5.557525634765625,-1.1523851156234741,5.1442790031433105,-4.586161136627197,4.6510114669799805,-6.728757381439209,5.480928897857666,3.7590043544769287,5.473541259765625,-8.33084774017334,4.974935054779053,0.1795293092727661,5.654287338256836,-4.953327178955078,4.47727632522583,-3.2404539585113525,5.1265339851379395,0.14048919081687927,3.3238937854766846,-0.055526573210954666,3.094465732574463,0.10380984097719193,2.1829144954681396,0.03160395100712776,1.7913293838500977,0.08087721467018127,1.4707602262496948,-0.03899121657013893,1.2708085775375366,0.01367898378521204,1.5821524858474731,-0.06525935232639313,1.0181812047958374,-0.048648882657289505,1.0126603841781616,-0.05359794199466705,1.2078741788864136,0.026083005592226982,1.0754178762435913,0.007849957793951035,0.8540201187133789,-0.024346519261598587,0.8977509140968323,0.04608359560370445,0.9970038533210754,0.04995620250701904,1.2540301084518433,0.038434676826000214,1.2091853618621826,-0.017472779378294945,0.8452649712562561,-0.00678098201751709,0.971911609172821,-0.07366389781236649,0.8670940399169922,-0.0380958616733551,0.958162248134613,2261.3232421875,434.4456787109375,2476.097412109375,226.00233459472656,5171.05908203125,775.3712158203125,7524.5087890625,718.4638061523438,0.019297989085316658,0.018255209550261497,22.12925148010254,6.09879207611084,11.758090019226074,3.548685073852539,15.050274848937988,3.407198667526245,17.377992630004883,3.6332881450653076,18.826711654663086,2.5542635917663574,19.612573623657227,2.4300200939178467,23.785036087036133,3.0323328971862793,0.09681306034326553,0.028512295335531235,0.18327461183071136,0.026644382625818253,0.002554565668106079,0.005376844201236963
bonafide_13,Steven Clark - Bounty,30,75.0,0,Bona-fide (Human),-282.9017333984375,36.86606979370117,212.2540283203125,13.946154594421387,18.19516944885254,19.11962127685547,0.2954576313495636,14.031326293945312,11.180098533630371,7.823944568634033,4.359986782073975,6.066226005554199,-0.6599093079566956,5.303555488586426,2.6433184146881104,4.455420017242432,-5.441164016723633,7.739656925201416,-6.164990425109863,8.200845718383789,0.4549558162689209,6.846437454223633,3.7871289253234863,6.256361961364746,-6.6091532707214355,5.908024787902832,-5.481329917907715,4.618863105773926,-7.728452205657959,5.325900554656982,-5.089249134063721,6.1270599365234375,-5.581979751586914,6.210423946380615,-3.1041524410247803,6.903345584869385,-5.312656879425049,4.276568412780762,-2.9964144229888916,6.5206732749938965,0.05126551166176796,4.355871677398682,0.27356618642807007,1.1726188659667969,-0.05862204357981682,2.0365445613861084,-0.1512833833694458,1.2045131921768188,-0.07270866632461548,0.7871932983398438,-0.018456874415278435,0.7381017804145813,-0.022309640422463417,0.7833435535430908,0.011569828726351261,0.7526267170906067,0.05360428988933563,0.8542171120643616,0.04404294863343239,0.8820047378540039,0.017404548823833466,0.9870796799659729,0.009376360103487968,1.0129799842834473,-0.04689714312553406,0.8297752141952515,-0.07098601758480072,0.8299080729484558,-0.05166155844926834,0.9885871410369873,-0.04808059707283974,1.093739628791809,-0.034663356840610504,1.213752269744873,-0.012663548812270164,0.9942107796669006,0.04138719663023949,0.9244260787963867,0.050135668367147446,0.9520026445388794,639.9219360351562,76.05680847167969,1082.673095703125,128.4084930419922,931.31103515625,177.7697296142578,1831.867431640625,347.63922119140625,0.00014374713646247983,0.00013034172297921032,19.48003387451172,6.619235992431641,14.703006744384766,3.2806384563446045,20.57583236694336,4.407007217407227,22.3321533203125,3.9477524757385254,24.025684356689453,3.9741687774658203,22.040979385375977,2.717263698577881,16.521991729736328,2.7760050296783447,0.030020253732800484,0.0115748830139637,0.08989179879426956,0.02857119031250477,1.112500194722088e-05,9.940084055415355e-06
bonafide_13,Steven Clark - Bounty,34,85.0,0,Bona-fide (Human),-108.32799530029297,45.521236419677734,99.78336334228516,30.5897216796875,29.649728775024414,14.780107498168945,31.321474075317383,10.686920166015625,2.865288019180298,8.248866081237793,11.82929801940918,9.607471466064453,-4.569336891174316,9.597761154174805,-0.40279361605644226,5.839869022369385,3.0214648246765137,8.220511436462402,-0.0057883793488144875,7.912237167358398,-5.314255237579346,7.511974334716797,0.3592987060546875,9.43514633178711,-6.755818843841553,7.660170078277588,-2.8302230834960938,6.870638370513916,-3.50738263130188,5.646400451660156,5.681542873382568,7.249528408050537,-6.875103950500488,6.398617267608643,0.3947485387325287,6.760524272918701,-3.225095510482788,5.099907875061035,-4.515309810638428,6.284511566162109,-0.37876296043395996,9.930670738220215,0.2850942015647888,6.00474214553833,0.1386624425649643,2.797506093978882,-0.2005506455898285,2.1378955841064453,-0.01891256310045719,1.6027854681015015,-0.09762660413980484,1.5471900701522827,-0.08310394734144211,1.8414264917373657,-0.022672511637210846,1.173168420791626,-0.08888597041368484,1.3678981065750122,0.04595022276043892,1.4712541103363037,0.07903701066970825,1.222365140914917,0.014986258931457996,1.4840360879898071,-0.16409175097942352,1.347466230392456,0.012362449429929256,1.377329707145691,0.04340798780322075,1.1025054454803467,-0.015934137627482414,1.0579737424850464,0.09733092039823532,1.3253220319747925,0.08215299993753433,1.041103720664978,-0.022618329152464867,1.0039693117141724,-0.028438080102205276,1.137273907661438,2133.686767578125,838.8462524414062,2607.9716796875,399.2613830566406,4880.11181640625,1702.9373779296875,8020.42041015625,1200.93310546875,0.017330193892121315,0.026063019409775734,18.47552490234375,5.5527825355529785,13.05793285369873,3.6495542526245117,15.964018821716309,3.5270135402679443,18.96749496459961,3.897357940673828,19.033416748046875,3.721928119659424,17.919797897338867,3.328716993331909,19.28841209411621,2.543271780014038,0.0686984583735466,0.05200806260108948,0.15241333842277527,0.04421485215425491,0.006872265599668026,0.021689346060156822
bonafide_13,Steven Clark - Bounty,38,95.0,0,Bona-fide (Human),-110.17778778076172,48.34757614135742,102.43950653076172,25.961627960205078,32.275238037109375,14.871047973632812,30.06747817993164,11.669387817382812,2.8671932220458984,8.387872695922852,8.938737869262695,8.993782043457031,-0.3914587199687958,9.620683670043945,-0.10304733365774155,7.716807842254639,1.158941388130188,7.247723579406738,1.0979975461959839,8.374359130859375,-4.96221923828125,7.725141525268555,0.9706791043281555,5.737035751342773,-5.201387405395508,6.5593366622924805,-1.4068069458007812,6.400422096252441,-2.9698286056518555,6.066673755645752,8.391666412353516,7.183674335479736,-8.514256477355957,7.586276531219482,-0.3940839469432831,5.423158645629883,-4.895878314971924,5.950500011444092,-3.549175977706909,5.571893215179443,0.3110778331756592,10.774737358093262,-0.05722569674253464,5.6877312660217285,0.008966215886175632,2.917567491531372,0.05419651046395302,2.165721893310547,0.0237948726862669,1.762573003768921,0.00657561095431447,1.4964866638183594,0.07499484717845917,1.7453571557998657,0.03750717267394066,1.3024046421051025,-0.050585366785526276,1.3658937215805054,-0.0611112043261528,1.6144471168518066,0.026588542386889458,1.3344682455062866,-0.06933407485485077,1.1322251558303833,-0.048542365431785583,0.9563585519790649,-0.04156838357448578,1.1880780458450317,0.012231528759002686,1.232001781463623,0.020162837579846382,1.3779041767120361,0.03956538811326027,1.5590420961380005,-0.0006653026212006807,0.9228248000144958,-0.0001756107376422733,1.1106953620910645,-0.05649738758802414,0.8964160084724426,2091.407470703125,695.9014892578125,2664.190673828125,415.30517578125,4974.2197265625,1717.1949462890625,8152.8095703125,1239.238037109375,0.014833330176770687,0.015903610736131668,18.57195472717285,5.484335422515869,13.0628662109375,4.28706169128418,15.522150993347168,3.553436517715454,18.88481903076172,3.67313551902771,18.972475051879883,3.238672971725464,17.45425033569336,2.7309508323669434,19.01557159423828,2.556687116622925,0.0620863176882267,0.026565786451101303,0.15082603693008423,0.037755176424980164,0.004605167079716921,0.007244412321597338
bonafide_13,Steven Clark - Bounty,42,105.0,0,Bona-fide (Human),-99.33547973632812,52.77717208862305,124.35646057128906,28.8879337310791,25.59068489074707,15.056467056274414,18.419273376464844,15.10097599029541,-2.7387614250183105,8.765451431274414,10.175568580627441,7.868862152099609,-2.0889172554016113,11.85968017578125,4.729488372802734,8.846002578735352,-2.106753349304199,8.970871925354004,0.8015005588531494,7.348810195922852,-4.4093756675720215,6.564354419708252,1.931439757347107,6.77752685546875,-4.195763111114502,7.179495811462402,-6.565036296844482,8.005807876586914,-2.3059871196746826,7.411937713623047,2.782536268234253,5.608245849609375,-8.414632797241211,8.51885986328125,0.9630076885223389,7.06257438659668,-5.081258296966553,6.2783637046813965,-1.7403173446655273,5.720119476318359,-0.1296868622303009,11.263971328735352,0.028443478047847748,6.894915580749512,0.026878559961915016,2.5673305988311768,0.04653608426451683,2.936408758163452,-0.0048567806370556355,1.2870060205459595,0.052799027413129807,1.594262957572937,-0.0945972129702568,1.803250789642334,-0.010042119771242142,1.3692877292633057,0.024271134287118912,1.4982850551605225,0.001383920549415052,1.339792013168335,0.06211474537849426,1.1749409437179565,0.05321156606078148,1.2997218370437622,0.05931223928928375,1.1670624017715454,-0.042232006788253784,1.5343223810195923,-0.007238383870571852,1.560795783996582,-0.01390211470425129,1.1578795909881592,-0.07731642574071884,1.4275461435317993,-0.01056799665093422,1.3471311330795288,-0.00599960470572114,1.2266966104507446,-0.017969753593206406,1.0629645586013794,1671.6429443359375,424.00787353515625,2332.043701171875,419.76953125,3948.152587890625,1425.42138671875,7194.88134765625,1569.3768310546875,0.007172172889113426,0.005525596439838409,20.53257942199707,4.5294036865234375,13.949350357055664,3.738335132598877,16.064992904663086,3.664201021194458,20.232789993286133,4.087428092956543,20.23835563659668,2.8968286514282227,18.420087814331055,3.075390338897705,19.71936798095703,2.589038372039795,0.052779585123062134,0.015431947074830532,0.18506434559822083,0.04166082665324211,0.0012678029015660286,0.0010980183724313974
bonafide_13,Steven Clark - Bounty,45,112.5,0,Bona-fide (Human),-92.94453430175781,59.77995300292969,105.90792846679688,31.068410873413086,26.608335494995117,15.074930191040039,30.943418502807617,12.643489837646484,0.18780764937400818,10.751903533935547,11.850120544433594,8.402738571166992,-8.096837043762207,12.376972198486328,1.3836066722869873,7.628117084503174,-2.0099151134490967,8.683202743530273,-1.8255029916763306,7.957797050476074,-7.025806427001953,7.396964073181152,3.2711496353149414,8.433882713317871,-0.771833062171936,7.096086025238037,-0.3928698003292084,6.54691219329834,-0.13825727999210358,6.529844284057617,3.2801942825317383,5.91605281829834,-8.62214183807373,7.3108930587768555,-2.1379220485687256,5.714812755584717,-5.0286030769348145,5.747254848480225,-2.405359983444214,5.789616107940674,-0.46810382604599,11.012765884399414,0.3372649550437927,6.572261333465576,-0.02668074518442154,2.561891794204712,-0.05194878205657005,2.447683334350586,-0.09271875768899918,1.9546875953674316,0.04462819546461105,1.5379729270935059,-0.017612209543585777,1.6135046482086182,-0.1731427013874054,1.4245774745941162,-0.015143120661377907,1.3309967517852783,0.0013007278321310878,1.1475834846496582,0.040621962398290634,1.356306791305542,0.0892450213432312,1.5338855981826782,-0.04380372166633606,1.0516351461410522,-0.026539329439401627,1.1006748676300049,0.06023488938808441,1.2296903133392334,0.09928898513317108,1.1108049154281616,-0.11359193921089172,1.2107845544815063,-0.041932716965675354,0.9656919240951538,-0.015874432399868965,1.1417415142059326,-0.02085752785205841,0.9912645816802979,2003.44189453125,638.3850708007812,2487.348388671875,470.0101318359375,4735.26123046875,1632.92626953125,7454.42626953125,1661.4139404296875,0.01312674954533577,0.01156369037926197,20.95408058166504,4.7376484870910645,13.085426330566406,4.010947227478027,15.564754486083984,3.340064764022827,20.431591033935547,3.8952372074127197,18.97002601623535,3.3438878059387207,18.868858337402344,3.385927200317383,19.95383071899414,3.055781364440918,0.06930428743362427,0.029992500320076942,0.1727234572172165,0.034239720553159714,0.002507341094315052,0.0045748548582196236
bonafide_13,Steven Clark - Bounty,49,122.5,0,Bona-fide (Human),-44.81665802001953,17.238927841186523,89.80963897705078,15.437371253967285,10.48667049407959,8.559344291687012,36.17428207397461,10.783122062683105,-3.8277370929718018,8.419937133789062,15.31988525390625,6.995453834533691,-8.618595123291016,9.158711433410645,2.403421401977539,7.180086135864258,-3.6626429557800293,5.303779125213623,1.250553011894226,6.343254566192627,-9.862693786621094,7.306905269622803,3.870723009109497,5.376457214355469,1.2400457859039307,6.951128959655762,-1.6966160535812378,4.756073951721191,-6.385058403015137,4.579965591430664,2.725168228149414,4.963803291320801,-9.264522552490234,5.125217914581299,-2.558568239212036,5.702570915222168,-4.213174819946289,5.060800075531006,-2.342113971710205,4.36990213394165,-0.10040178149938583,3.8938448429107666,0.1806655079126358,2.299823760986328,0.07509049773216248,1.4947818517684937,-0.09762605279684067,2.0391104221343994,-0.08851934969425201,1.550493836402893,0.07932252436876297,1.3164857625961304,0.005854710470885038,1.5474532842636108,0.029512573033571243,1.1614539623260498,-0.014281920157372952,1.05130136013031,0.019300101324915886,1.0508838891983032,0.016052713617682457,1.1629060506820679,-0.05549640953540802,0.9036555290222168,-0.06265902519226074,1.0954806804656982,0.04557235166430473,0.9551241993904114,-0.0034077828750014305,0.9838034510612488,0.040293268859386444,0.8745092153549194,-0.005126970820128918,0.9701477289199829,-0.04279937595129013,0.8711664080619812,0.014040767215192318,0.8702659010887146,0.07550452649593353,0.7846694588661194,2329.993896484375,393.5509948730469,2572.8037109375,183.64920043945312,5338.48974609375,728.7998046875,7798.359375,526.08447265625,0.018994251266121864,0.011621273122727871,21.79759979248047,5.723142147064209,11.272320747375488,3.706014633178711,16.33480453491211,4.085010051727295,18.471797943115234,3.846428155899048,18.366140365600586,2.8185062408447266,18.891300201416016,2.2917637825012207,22.678743362426758,2.5842483043670654,0.09022578597068787,0.02175564505159855,0.1915208250284195,0.02774742990732193,0.0028613030444830656,0.0035900960210710764
bonafide_13,Steven Clark - Bounty,53,132.5,0,Bona-fide (Human),-43.08286666870117,16.578140258789062,92.90516662597656,15.839988708496094,11.788515090942383,9.063392639160156,34.8372688293457,10.949418067932129,-5.769662857055664,7.63071346282959,14.24701976776123,6.944975852966309,-9.224334716796875,9.911256790161133,3.9288954734802246,6.786168098449707,-2.626330852508545,5.439099311828613,0.2715506851673126,5.867690563201904,-8.600809097290039,7.469132423400879,4.552133560180664,7.324702262878418,0.8279353976249695,6.080487251281738,-2.400315999984741,5.482795715332031,-6.417068004608154,5.307557106018066,2.822200059890747,5.267744064331055,-7.697193145751953,4.916205883026123,-2.7454030513763428,5.429421424865723,-4.112061500549316,4.87009859085083,-2.2648541927337646,4.629912853240967,0.0420834980905056,3.7566516399383545,0.10174059867858887,2.4139270782470703,0.055259305983781815,1.6312475204467773,-0.019349241629242897,1.8840019702911377,-0.07268752157688141,1.6325489282608032,0.029455065727233887,1.1913756132125854,0.04328077659010887,1.5984050035476685,0.03483342006802559,1.1750527620315552,0.003695972030982375,1.1047290563583374,0.00996342208236456,0.9733952879905701,0.02313748560845852,1.1546868085861206,-0.04812280833721161,0.9856491088867188,-0.04831116273999214,0.9203616976737976,-0.02059713937342167,1.0749510526657104,0.03131687268614769,0.9496567249298096,0.015562808141112328,0.9583575129508972,0.02615673467516899,0.8112648725509644,-0.016451535746455193,0.907863438129425,0.04306771606206894,0.9092075228691101,0.046508532017469406,0.8815798759460449,2286.089599609375,397.801025390625,2559.51708984375,198.4259490966797,5281.26708984375,736.25732421875,7764.1650390625,617.9112548828125,0.018170317634940147,0.013806390576064587,22.22953224182129,5.056909084320068,12.317649841308594,3.7614831924438477,15.673041343688965,4.316310882568359,18.41185760498047,3.8158984184265137,18.887014389038086,2.6103098392486572,19.157169342041016,2.470526695251465,22.66805648803711,2.679590940475464,0.08551929891109467,0.021860914304852486,0.1969236433506012,0.030483970418572426,0.002524149138480425,0.003161431523039937
bonafide_13,Steven Clark - Bounty,57,142.5,0,Bona-fide (Human),-47.36557388305664,25.241657257080078,109.47920227050781,14.502447128295898,-0.4982275664806366,9.448616981506348,26.065122604370117,10.221299171447754,-2.224487066268921,6.982704162597656,13.565895080566406,8.698846817016602,-1.9783544540405273,7.45426082611084,4.583293914794922,5.996475696563721,-2.5955653190612793,5.508050918579102,-1.3977762460708618,6.0408477783203125,-9.966644287109375,6.359460353851318,4.466502666473389,5.18397855758667,0.32455840706825256,5.20167875289917,-2.043797254562378,4.812153339385986,-7.948872089385986,4.728368759155273,2.796834707260132,6.190119743347168,-7.9190287590026855,5.255653381347656,-1.369275689125061,7.486447334289551,-5.15479850769043,5.422523021697998,-2.0711865425109863,5.298314094543457,0.025700008496642113,4.513717174530029,0.02297443337738514,2.650088310241699,-0.0053053731098771095,1.9197882413864136,-0.11015020310878754,1.7886087894439697,-0.06963106989860535,1.4256742000579834,0.006303283851593733,1.1578519344329834,0.020396487787365913,1.0977790355682373,-0.01895717717707157,1.0392502546310425,-0.08715284615755081,1.0483952760696411,-0.07043202966451645,0.9884003400802612,-0.011155013926327229,0.9106557965278625,-0.03608189523220062,0.9028332233428955,-0.1139550656080246,0.8497075438499451,-0.07260468602180481,0.8910396695137024,0.00967027060687542,1.0064854621887207,0.034919485449790955,1.146836519241333,0.012103082612156868,0.7584521174430847,-0.03349838778376579,1.0281251668930054,-0.02127891406416893,0.9371787905693054,-0.018989266827702522,0.9864315390586853,1954.5914306640625,317.1399230957031,2364.3876953125,261.7262268066406,4426.2197265625,815.7861938476562,7429.75244140625,859.9596557617188,0.013634520582854748,0.010983680374920368,21.422101974487305,5.195539951324463,11.558099746704102,3.2743654251098633,16.396902084350586,4.016874313354492,18.273273468017578,3.5480494499206543,19.295888900756836,2.8928065299987793,18.93252944946289,2.4979214668273926,22.185962677001953,2.8841793537139893,0.0721299946308136,0.015489746816456318,0.1960766613483429,0.036186084151268005,0.0018050343496724963,0.0023447652347385883
bonafide_13,Steven Clark - Bounty,61,152.5,0,Bona-fide (Human),-40.46957778930664,19.159399032592773,102.83409118652344,11.276021957397461,0.39121782779693604,7.311942100524902,22.37544822692871,7.441858768463135,-1.8505449295043945,6.682653427124023,17.148107528686523,8.105547904968262,-1.8350402116775513,8.181851387023926,3.2865078449249268,5.263382434844971,-4.750361919403076,4.845701217651367,1.7958425283432007,5.262991428375244,-5.988165855407715,5.999131679534912,3.6894657611846924,6.117796897888184,-1.9008660316467285,4.1556010246276855,-1.7614750862121582,4.133637428283691,-9.074326515197754,4.0182294845581055,4.211648941040039,6.456371784210205,-6.298297882080078,4.808826923370361,-0.38642507791519165,5.478748798370361,-4.507684230804443,5.098505973815918,-4.697234153747559,4.61865758895874,0.057451292872428894,3.957366943359375,-0.05398499220609665,2.0618653297424316,-0.03884861618280411,1.464730143547058,0.01475097518414259,1.407609224319458,0.002798967994749546,1.4034194946289062,-0.038065504282712936,1.2260552644729614,0.015909468755126,1.1725373268127441,-0.013481352478265762,1.020188808441162,0.04530338943004608,0.903596818447113,0.02275829389691353,0.9311332106590271,0.0011420691153034568,1.1458370685577393,0.014998290687799454,0.8881511688232422,-0.0217552799731493,0.6419875621795654,-0.0006602677167393267,0.639569878578186,-0.008590009063482285,0.7850192785263062,0.014307635836303234,1.1265543699264526,-0.01741606369614601,0.8885065317153931,0.011656352318823338,0.9442222714424133,-0.010774058289825916,0.8171430826187134,-0.02907424047589302,0.8985471129417419,2091.9345703125,269.2878112792969,2465.658935546875,176.61590576171875,4839.78662109375,647.3197631835938,7737.796875,544.7609252929688,0.015834245830774307,0.009625940583646297,21.60867691040039,5.115324974060059,12.228166580200195,4.1473822593688965,16.161617279052734,3.9067306518554688,18.16767120361328,3.2974588871002197,18.97081184387207,2.7513699531555176,19.169221878051758,2.226443290710449,22.114398956298828,2.388101816177368,0.0780978724360466,0.019926337525248528,0.19627904891967773,0.03560856357216835,0.0020937612280249596,0.0016175484051927924
bonafide_13,Steven Clark - Bounty,65,162.5,0,Bona-fide (Human),-122.10749053955078,37.83428955078125,136.83070373535156,20.273937225341797,-12.188319206237793,10.405461311340332,20.547611236572266,6.67830753326416,-11.331342697143555,6.057520866394043,7.980993747711182,5.761476039886475,9.685352325439453,6.255927562713623,-0.8209874033927917,6.69010591506958,-6.136162281036377,4.864632606506348,1.8232008218765259,5.348135471343994,-8.852108001708984,5.04853630065918,0.7901686429977417,5.533650875091553,1.6917803287506104,6.867938041687012,-4.451155662536621,7.229952812194824,-7.694107532501221,5.671002388000488,5.217859268188477,4.99013090133667,-9.66507339477539,7.587591648101807,-3.997797966003418,10.64229679107666,-0.5452291965484619,5.0739545822143555,-3.5854127407073975,11.39402961730957,-0.11513558030128479,5.4132609367370605,0.03424108773469925,3.5349514484405518,0.060323528945446014,1.5159988403320312,0.030545728281140327,1.1827906370162964,0.02071925438940525,1.0697057247161865,-0.0691462904214859,0.9671928286552429,0.025320354849100113,1.1152029037475586,-0.004192882217466831,0.9595783352851868,-0.02113042213022709,0.8389209508895874,0.07931136339902878,0.9105042815208435,0.043040331453084946,0.8934894800186157,0.05764371529221535,0.9128749370574951,-0.06011555716395378,0.996310293674469,-0.042382970452308655,1.0067237615585327,0.05162768065929413,0.895595371723175,-0.005788006354123354,0.9667235016822815,-0.03344352915883064,1.1775777339935303,0.0933021530508995,1.145603060722351,0.017444228753447533,0.9256637692451477,-0.07848862558603287,1.1430652141571045,1621.9366455078125,267.7007751464844,1966.05810546875,281.9134216308594,3448.8017578125,484.9960021972656,5928.7587890625,1287.7496337890625,0.00670664943754673,0.0056404792703688145,21.356475830078125,5.286072254180908,12.63974380493164,4.14067268371582,16.988014221191406,3.885629415512085,18.56113052368164,3.1357004642486572,19.97737693786621,2.5976736545562744,20.57763671875,2.5739808082580566,26.719669342041016,3.3581900596618652,0.07742196321487427,0.018313417211174965,0.11384227871894836,0.02753862738609314,0.0005912746419198811,0.000664830207824707
bonafide_13,Steven Clark - Bounty,68,170.0,0,Bona-fide (Human),-150.47781372070312,37.21147537231445,125.00885772705078,16.101869583129883,2.5715882778167725,9.710733413696289,34.535667419433594,10.775339126586914,-4.231293678283691,6.201839447021484,10.709063529968262,5.075934886932373,2.079026699066162,9.06765365600586,-11.661497116088867,6.137170314788818,-7.757636070251465,6.983841419219971,6.445107936859131,5.146017551422119,-0.788986325263977,5.395035743713379,-2.380110502243042,6.968165397644043,-10.002251625061035,6.8160176277160645,1.9152770042419434,6.5818681716918945,-4.024327754974365,6.990866661071777,2.1519017219543457,5.434669017791748,-5.707812786102295,8.168251037597656,-6.418686866760254,7.830564975738525,-2.9411685466766357,9.975081443786621,3.639230251312256,10.906576156616211,-0.1271250694990158,6.014487266540527,-0.04493692144751549,3.13728928565979,-0.08171091228723526,1.5640276670455933,-0.018543565645813942,1.587669849395752,-0.10761238634586334,1.0549044609069824,-0.03055366687476635,0.8750568628311157,-0.007052443455904722,1.140568494796753,-0.045067884027957916,0.775384247303009,-0.020082199946045876,1.152963638305664,-0.013664521276950836,1.0378421545028687,-0.03937456011772156,0.8645809888839722,-0.06962860375642776,0.9040246605873108,0.0076769194565713406,1.1549756526947021,-0.0217303279787302,0.9273092746734619,-0.08354925364255905,1.1133806705474854,-0.0032032860908657312,1.0440095663070679,-0.08026186376810074,1.0747259855270386,-0.14684927463531494,1.1106656789779663,-0.03350387513637543,1.1841497421264648,0.02864113636314869,1.1978380680084229,1670.3636474609375,293.779541015625,2125.5029296875,206.1178436279297,3777.18310546875,597.0725708007812,6391.07470703125,971.6604614257812,0.006144348066300154,0.007149911019951105,24.579389572143555,5.475857257843018,14.568633079528809,4.164314270019531,17.451610565185547,4.2944512367248535,21.609224319458008,3.7143824100494385,20.55616569519043,2.9868862628936768,22.347169876098633,2.881930351257324,26.417591094970703,3.378013849258423,0.06945575028657913,0.022758781909942627,0.10567933320999146,0.02568306028842926,0.0006206020480021834,0.0007573682814836502
bonafide_13,Steven Clark - Bounty,72,180.0,0,Bona-fide (Human),-154.97113037109375,45.257057189941406,123.66497039794922,20.842300415039062,2.1841604709625244,13.496405601501465,41.28347396850586,9.421574592590332,3.918417453765869,6.768746852874756,10.918027877807617,7.701822280883789,3.641068935394287,6.855373382568359,-1.765418291091919,9.111172676086426,-3.6178102493286133,6.338323593139648,2.718702554702759,5.352571964263916,-10.792723655700684,8.265532493591309,-1.1371291875839233,7.172669410705566,3.4383513927459717,5.513987064361572,-3.4196341037750244,5.7993083000183105,-4.757940292358398,5.166058540344238,4.5204386711120605,5.462908744812012,-6.711457252502441,4.586546897888184,2.0278866291046143,4.63521671295166,-10.866432189941406,9.532034873962402,-6.2340168952941895,5.050467491149902,-0.031570859253406525,6.005694389343262,-0.1641818732023239,3.520556926727295,0.08903373032808304,2.6705539226531982,0.08380509167909622,1.4270060062408447,0.042196013033390045,1.2532646656036377,-0.036179572343826294,0.8945599794387817,-0.019878651946783066,1.0960484743118286,0.11158371716737747,0.9364519715309143,0.02197977714240551,0.9317259192466736,-0.02642407827079296,0.8787187337875366,0.04226819798350334,0.9720712900161743,0.03835136070847511,0.8765788674354553,0.02713095024228096,0.9995179772377014,0.14784491062164307,0.8385674357414246,0.11110292375087738,0.8974776864051819,0.08281351625919342,1.0034266710281372,0.02924210950732231,0.8076463937759399,-0.033875226974487305,0.8529852628707886,0.007384494412690401,1.1002368927001953,0.014480837620794773,0.8310855627059937,1614.70458984375,342.3142395019531,2118.589599609375,326.4279479980469,3827.128173828125,795.5076293945312,6345.71533203125,1207.9549560546875,0.004180524963885546,0.005130293779075146,26.164352416992188,4.763121604919434,14.94382095336914,4.516322612762451,18.105148315429688,3.760230541229248,20.175607681274414,3.748347282409668,18.644258499145508,2.489126682281494,22.052642822265625,3.3039610385894775,26.23930549621582,3.973764181137085,0.0529378242790699,0.01695537567138672,0.1213325783610344,0.03190844506025314,0.0006425230531021953,0.0008308588294312358
bonafide_13,Steven Clark - Bounty,76,190.0,0,Bona-fide (Human),-123.45641326904297,23.50566864013672,129.64620971679688,26.867094039916992,-3.5413756370544434,17.659683227539062,40.313873291015625,12.908882141113281,8.57848072052002,6.4677228927612305,3.376420497894287,6.823827743530273,-2.632620334625244,5.089548110961914,4.033499717712402,3.709583044052124,-1.2281697988510132,6.077739238739014,11.842850685119629,5.841787338256836,-0.4889139235019684,5.96156120300293,-5.79966926574707,4.699843883514404,-2.683932065963745,8.155320167541504,-1.820812702178955,5.849599838256836,-6.161716461181641,4.932105541229248,-0.873141348361969,5.50048828125,-5.087706565856934,4.905670642852783,1.9632010459899902,3.91172456741333,-2.4882328510284424,5.054110527038574,-4.02713680267334,5.690823554992676,0.22835925221443176,4.6463847160339355,0.027263658121228218,4.9440202713012695,0.015145933255553246,3.3961830139160156,-0.11104539036750793,1.8475925922393799,-0.044466808438301086,1.08924400806427,0.045430298894643784,1.094223141670227,-0.03486883267760277,0.8596344590187073,0.025000188499689102,0.6613917946815491,0.08745069801807404,0.7943499088287354,0.03742620721459389,0.8597935438156128,0.011787472292780876,0.6872766613960266,-0.0042830705642700195,0.7743067145347595,0.03673301637172699,0.7901833653450012,0.06364551931619644,0.8352558016777039,-0.009709076024591923,0.7910493016242981,-0.004966584034264088,0.8947951197624207,0.03948609530925751,1.0051462650299072,0.039662282913923264,0.6800076365470886,-0.02367822267115116,0.6372244954109192,-0.021649811416864395,0.7228028774261475,1527.4649658203125,465.62860107421875,2006.6219482421875,475.6786804199219,3405.984375,1256.253662109375,5926.91455078125,1782.259521484375,0.005377490073442459,0.007821107283234596,26.24045753479004,4.955971717834473,14.55889892578125,3.9043478965759277,16.785690307617188,3.6227259635925293,19.16546630859375,3.6421961784362793,19.70692253112793,2.51717472076416,21.111818313598633,2.443227767944336,23.640581130981445,4.027510643005371,0.04436803609132767,0.02125600352883339,0.15604756772518158,0.03711838647723198,0.0007928292034193873,0.0014903031988069415
bonafide_13,Steven Clark - Bounty,80,200.0,0,Bona-fide (Human),-60.73096466064453,34.89899444580078,106.82505798339844,24.461563110351562,3.3760151863098145,12.166548728942871,21.806392669677734,9.104951858520508,-2.300405740737915,10.606062889099121,9.246213912963867,8.890981674194336,-3.726288080215454,7.744333744049072,5.936771869659424,5.940244197845459,-4.761019229888916,5.498011112213135,2.5382936000823975,5.9382524490356445,-3.3006913661956787,5.476146221160889,3.0266311168670654,7.142360210418701,-2.8633134365081787,6.2582902908325195,-1.17960786819458,6.524233341217041,-5.803705215454102,5.152174949645996,3.210864543914795,4.885231018066406,-7.482458591461182,4.593337059020996,-4.832125186920166,6.179215908050537,-5.59781551361084,4.8449225425720215,-2.732512950897217,5.909531593322754,0.048874955624341965,5.041038990020752,-0.2140895277261734,3.4379141330718994,-0.00014939131506253034,2.289776086807251,0.05423770844936371,1.7045856714248657,-0.1282401829957962,1.4799219369888306,0.115163154900074,1.1354491710662842,-0.059578828513622284,1.2157443761825562,0.006991324480623007,0.9781934022903442,-0.037658628076314926,1.0732699632644653,-0.003931840416043997,1.1888705492019653,0.054672375321388245,1.0113112926483154,0.16885718703269958,1.208604335784912,0.03727315366268158,1.0385652780532837,0.025988444685935974,0.9624198079109192,-0.010148846544325352,0.8729972839355469,-0.0029679492581635714,0.943738579750061,-0.03591111674904823,0.8875464797019958,0.02611328847706318,0.8614532351493835,0.03602705895900726,0.8534297347068787,0.07598260790109634,1.036250114440918,2042.74169921875,520.5339965820312,2410.374755859375,368.3493957519531,4592.00537109375,1379.8226318359375,7450.2392578125,1243.464599609375,0.016421768814325333,0.011781139299273491,23.002368927001953,5.235795021057129,12.315694808959961,4.4482526779174805,16.926599502563477,4.727262020111084,17.992366790771484,3.6742208003997803,20.418088912963867,2.739208221435547,18.49892807006836,2.3329219818115234,20.99551010131836,2.9770140647888184,0.07735640555620193,0.031081998720765114,0.18373453617095947,0.03454418480396271,0.0023232130333781242,0.0027350541204214096
bonafide_13,Steven Clark - Bounty,84,210.0,0,Bona-fide (Human),-42.873779296875,20.964319229125977,97.98727416992188,14.66041088104248,4.380314350128174,9.614629745483398,21.94635009765625,10.349971771240234,-6.130595684051514,7.668765544891357,16.108985900878906,6.692300319671631,-2.4083197116851807,7.637947082519531,4.750096797943115,7.9261369705200195,-5.542908191680908,5.942045211791992,1.123214840888977,6.076571941375732,-4.083521366119385,6.741823196411133,3.667354106903076,6.603254795074463,-3.4476773738861084,5.05307149887085,-3.3829469680786133,5.004843711853027,-5.296143054962158,4.673138618469238,5.160042762756348,5.7779412269592285,-9.625929832458496,5.408336639404297,0.07268847525119781,4.585423469543457,-3.230724573135376,5.013416290283203,-4.08411169052124,4.272970199584961,0.13307322561740875,4.3024420738220215,-0.051688071340322495,2.6857097148895264,-0.006544404663145542,1.7483506202697754,-0.012099106796085835,1.9579237699508667,0.042441289871931076,1.3798171281814575,-0.028599394485354424,1.2456284761428833,-0.001222199876792729,1.3296900987625122,0.0014180110301822424,1.3337172269821167,-0.012072199024260044,1.1608651876449585,0.012805081903934479,1.0362600088119507,-0.008488155901432037,1.275913119316101,-0.05187901854515076,0.9273210763931274,-0.012268450111150742,0.8664312958717346,0.005045851226896048,0.95723956823349,0.04453926905989647,0.9758358001708984,0.020373202860355377,1.3177399635314941,-0.026058029383420944,0.9093316793441772,-0.04409823566675186,0.8746130466461182,0.010843907482922077,1.1176496744155884,0.050173282623291016,0.8045147657394409,2252.357177734375,410.6750183105469,2544.970703125,233.37860107421875,5204.45556640625,872.6770629882812,7854.7841796875,648.9540405273438,0.020855892449617386,0.018586941063404083,22.646615982055664,5.409390449523926,11.195206642150879,3.842782735824585,15.514461517333984,3.460465669631958,17.1667423248291,3.6124777793884277,18.468603134155273,2.6629436016082764,19.162057876586914,2.2428433895111084,22.184907913208008,2.6274263858795166,0.08977366983890533,0.02626926824450493,0.186201274394989,0.03529127687215805,0.003867315361276269,0.009524019435048103
bonafide_13,Steven Clark - Bounty,88,220.0,0,Bona-fide (Human),-41.88279342651367,19.15835952758789,99.24935150146484,15.015015602111816,6.438304901123047,9.137456893920898,24.35177230834961,11.357638359069824,-6.461971282958984,8.151578903198242,11.07827377319336,7.8158955574035645,-5.023086071014404,8.920276641845703,5.495491981506348,7.162010192871094,-4.768129825592041,5.267221927642822,0.47445452213287354,6.388408184051514,-5.904604434967041,7.452136039733887,2.6475393772125244,6.477277755737305,-2.0726253986358643,6.250770092010498,-0.21273453533649445,5.372774600982666,-5.471391677856445,5.389044284820557,3.825089693069458,4.886108875274658,-8.674715995788574,5.604617595672607,-1.8588831424713135,5.016361236572266,-3.6514506340026855,4.5580949783325195,-3.9863545894622803,4.198873043060303,0.2713508605957031,3.7292392253875732,0.03665617108345032,2.6103546619415283,0.05810195952653885,1.733549952507019,0.11540942639112473,1.9326499700546265,0.03924151882529259,1.612738013267517,-0.13311725854873657,1.3350147008895874,-0.07439562678337097,1.3180298805236816,-0.0651886984705925,1.2300608158111572,0.10691370815038681,1.0667351484298706,-0.004193765111267567,1.0983883142471313,-0.02503596432507038,1.2916855812072754,-0.029568510130047798,0.9930378794670105,0.022057214751839638,1.0302966833114624,-0.03229913488030434,0.9409615397453308,0.04224498197436333,1.0007615089416504,0.04117046296596527,0.943123459815979,0.0709298625588417,1.228932499885559,-0.0022651951294392347,0.9884971976280212,0.009111464023590088,0.8039969801902771,-0.014884109608829021,0.7491145730018616,2222.6220703125,392.25390625,2538.816162109375,248.61871337890625,5127.69384765625,908.2633666992188,7830.55908203125,661.123779296875,0.01964442990720272,0.013054757378995419,22.488988876342773,5.609068870544434,11.388011932373047,4.005666732788086,15.023378372192383,3.60313081741333,17.57451057434082,3.8279218673706055,18.847808837890625,3.08538556098938,18.664939880371094,2.2428958415985107,21.920883178710938,2.47090744972229,0.08807373046875,0.021231049671769142,0.1877901256084442,0.03184552490711212,0.003638393944129348,0.0084794657304883
bonafide_13,Steven Clark - Bounty,91,227.5,0,Bona-fide (Human),-49.450103759765625,22.83828353881836,96.03681182861328,13.703629493713379,11.319916725158691,8.724043846130371,33.87456130981445,10.063106536865234,-5.554104328155518,8.19664478302002,10.574256896972656,7.568703651428223,-7.650094032287598,7.85161018371582,3.5624988079071045,5.556351184844971,-3.0523388385772705,5.676393032073975,3.132107734680176,6.465913772583008,-6.550995826721191,6.318885326385498,3.112785816192627,5.984919548034668,-2.4528543949127197,5.192295074462891,-0.7362385392189026,5.502191066741943,-6.277772903442383,3.5448172092437744,4.519527435302734,5.656054973602295,-8.088451385498047,4.863433837890625,0.5421466827392578,5.557096004486084,-3.7602200508117676,4.348756790161133,-3.208338975906372,4.617589950561523,-0.13562734425067902,3.859426736831665,0.0451817587018013,2.0842790603637695,-0.0843304768204689,1.5950630903244019,0.0396081767976284,1.7569162845611572,-0.023204365745186806,1.4803413152694702,0.04251985624432564,1.242053747177124,0.013562017120420933,1.121023178100586,-0.001134656136855483,1.0515737533569336,-0.026863379403948784,1.0604026317596436,0.09187270700931549,0.9775308966636658,0.00838653463870287,1.0136651992797852,-0.017826596274971962,0.9249650835990906,-0.011337310075759888,0.9135454297065735,-0.048485491424798965,0.9606682658195496,-0.017190631479024887,0.6489494442939758,-0.016434285789728165,0.9794652462005615,-0.03946403041481972,0.7278205752372742,-0.01964612863957882,0.8313690423965454,0.00825292244553566,0.6998217701911926,0.052533332258462906,0.7164477705955505,2218.534912109375,320.2100524902344,2555.524169921875,211.24497985839844,5204.35595703125,757.6856079101562,7831.955078125,565.7490844726562,0.01733444817364216,0.012585909105837345,21.63506507873535,5.248253345489502,11.76390552520752,3.593855619430542,15.469778060913086,3.5989291667938232,18.057016372680664,4.02862548828125,18.507816314697266,3.1626574993133545,18.973512649536133,2.327960729598999,22.3204288482666,2.4753921031951904,0.08258282393217087,0.022868329659104347,0.18906523287296295,0.03486253321170807,0.002466353587806225,0.0028389228973537683
bonafide_13,Steven Clark - Bounty,95,237.5,0,Bona-fide (Human),-45.95585250854492,17.987722396850586,92.45447540283203,14.217801094055176,13.826353073120117,8.630059242248535,34.017677307128906,12.672489166259766,-0.07631527632474899,9.02997875213623,13.094986915588379,7.676058292388916,-6.236350059509277,9.341756820678711,0.7164168953895569,6.931055068969727,-7.077706813812256,6.153071403503418,0.21215170621871948,5.5377960205078125,-6.954144477844238,6.647762298583984,3.7227981090545654,6.422955513000488,-2.610926866531372,5.805420875549316,-3.452641725540161,5.386340141296387,-6.925909042358398,4.005713939666748,3.263960599899292,5.093358039855957,-8.529244422912598,6.409783840179443,-0.4563089907169342,6.366203784942627,-1.569435715675354,5.128952503204346,-3.295060634613037,5.062863826751709,-0.08131273835897446,4.134047031402588,-0.016732944175601006,2.634141683578491,0.024254988878965378,1.7858105897903442,-0.023895828053355217,1.986416220664978,0.08777537196874619,1.5447285175323486,-0.041359346359968185,1.334454894065857,-0.03987263888120651,1.4512755870819092,0.004401886835694313,1.0332692861557007,0.026050524786114693,0.9359258413314819,-0.010334469377994537,1.0039498805999756,0.011957342736423016,1.0978513956069946,-0.025046732276678085,0.8924830555915833,-0.02323632314801216,0.9562563300132751,-0.0030344072729349136,0.8906667232513428,-0.02364620380103588,0.7105276584625244,-0.04263191670179367,1.0482213497161865,-0.07521449029445648,1.0762202739715576,0.028631823137402534,0.8356795907020569,0.03734312951564789,0.8372541069984436,0.02710030786693096,0.9067546129226685,2287.85107421875,327.8656311035156,2615.861083984375,191.59909057617188,5338.9384765625,710.3369140625,8029.04345703125,549.3682861328125,0.018751488998532295,0.009454826824367046,22.11014747619629,5.361430644989014,12.432242393493652,3.9853405952453613,15.138225555419922,3.549595594406128,18.396514892578125,3.3913745880126953,18.298290252685547,3.1577658653259277,18.986957550048828,2.1544501781463623,21.79047393798828,2.23390531539917,0.08754927664995193,0.02027275040745735,0.19089597463607788,0.03391033038496971,0.002872390439733863,0.002216651104390621
bonafide_13,Steven Clark - Bounty,99,247.5,0,Bona-fide (Human),-48.642940521240234,14.657905578613281,100.42626953125,12.508204460144043,-0.37869828939437866,8.825471878051758,13.938502311706543,5.777868747711182,-5.308948993682861,5.983907222747803,20.292055130004883,5.555386543273926,4.399898052215576,5.322840213775635,2.8255202770233154,9.028505325317383,-6.918400287628174,6.1594767570495605,6.933125972747803,5.52130651473999,-3.0524606704711914,4.9449639320373535,-0.8260064721107483,5.326200485229492,-3.05202054977417,4.646085262298584,-3.583688259124756,5.081218242645264,-6.397617340087891,4.136709213256836,6.011932849884033,4.8446269035339355,-5.08924674987793,4.685598850250244,-3.2349488735198975,5.054347991943359,-1.0994240045547485,4.847010612487793,-2.4427270889282227,4.300057888031006,0.15743258595466614,2.3223934173583984,-0.05288242548704147,1.7743377685546875,0.04194439947605133,1.1155022382736206,0.08832872658967972,1.0243456363677979,0.0014904384734109044,0.933039665222168,0.017623715102672577,0.9632219672203064,-0.03716978803277016,0.802168607711792,0.12801574170589447,1.2043137550354004,-0.02988937310874462,1.0961697101593018,-0.0077795046381652355,1.0079208612442017,-0.05057254433631897,0.837246298789978,0.024361394345760345,0.8125742077827454,0.029117191210389137,0.8020904064178467,0.011161305010318756,0.843696117401123,0.0057031335309147835,0.7164637446403503,0.079297736287117,0.9841997623443604,-0.027139129117131233,0.7884815335273743,0.03698902577161789,0.9432041049003601,-0.05198647454380989,0.8216640949249268,0.04168272390961647,0.771557629108429,2256.563720703125,357.789306640625,2522.15966796875,192.3329620361328,5080.98876953125,846.0634155273438,7828.86474609375,493.9000244140625,0.02270672470331192,0.012590847909450531,21.547119140625,5.430160999298096,9.992097854614258,3.4490158557891846,15.418320655822754,3.4965460300445557,17.344907760620117,3.6174423694610596,17.561073303222656,2.317760467529297,19.684307098388672,2.117644786834717,22.250558853149414,2.1089882850646973,0.10629837960004807,0.03284776955842972,0.15193139016628265,0.024571938440203667,0.0032946306746453047,0.0027484793681651354
bonafide_13,Steven Clark - Bounty,103,257.5,0,Bona-fide (Human),-67.08228302001953,15.875847816467285,112.89503479003906,10.526616096496582,4.458043575286865,8.363670349121094,8.320820808410645,7.734771728515625,-3.193350315093994,6.589753150939941,17.831756591796875,6.99429988861084,9.853282928466797,6.798729419708252,-2.5468719005584717,5.478396415710449,-6.882048606872559,5.7347822189331055,3.2037291526794434,6.112671375274658,-2.5202484130859375,4.909407138824463,0.7274327874183655,5.366825103759766,-3.806858777999878,5.424981117248535,-10.135268211364746,5.239887714385986,-4.382679462432861,5.2819108963012695,5.365161895751953,6.60355281829834,-6.195937633514404,5.63664436340332,2.49568510055542,6.16641092300415,-2.6410961151123047,4.672454833984375,-5.672335147857666,6.928865909576416,0.07042218744754791,3.125446081161499,-0.11856269836425781,1.9232141971588135,0.024152876809239388,1.3632538318634033,0.034778643399477005,1.5429508686065674,-0.021034572273492813,1.0003200769424438,-0.029080331325531006,1.101750135421753,-0.042053524404764175,1.0560472011566162,0.026766512542963028,0.9094009399414062,0.043188855051994324,0.9647029638290405,0.012813927605748177,0.9794445037841797,-0.005545618943870068,0.7609997391700745,0.047563161700963974,0.9588745832443237,-0.02598968707025051,0.821934700012207,0.05112706124782562,0.9334654808044434,-0.022268159314990044,1.0360304117202759,0.03228948637843132,1.1706678867340088,0.0739402174949646,0.9669487476348877,-0.017758158966898918,1.060295820236206,-0.05646207556128502,0.9427973628044128,-0.03922905772924423,1.1589717864990234,1993.7410888671875,276.0224914550781,2463.862060546875,212.47720336914062,4487.67919921875,809.84130859375,7799.8544921875,626.2699584960938,0.013021962717175484,0.006813403684645891,21.382375717163086,4.963420391082764,11.405550003051758,4.090673923492432,15.088099479675293,3.4496021270751953,18.36326789855957,3.408797025680542,18.352676391601562,2.174639940261841,19.31300926208496,2.372138738632202,22.740121841430664,2.047790765762329,0.0858832448720932,0.019996508955955505,0.15486322343349457,0.022050023078918457,0.0028667300939559937,0.004861112684011459
bonafide_13,Steven Clark - Bounty,107,267.5,0,Bona-fide (Human),-127.10376739501953,22.509309768676758,110.42819213867188,10.03414249420166,3.8287365436553955,6.63006067276001,13.40374755859375,5.7132487297058105,-0.43431124091148376,6.532613754272461,15.131752967834473,5.977606296539307,5.2276740074157715,5.618338584899902,-5.38480281829834,5.100910186767578,-7.07484245300293,5.655290603637695,2.815650701522827,6.712152481079102,-5.93833065032959,6.172659873962402,0.8057941794395447,5.782088756561279,-2.440516233444214,5.436807632446289,-5.931974411010742,6.459386825561523,-5.513011932373047,6.059089660644531,3.6306655406951904,5.654046535491943,-6.551525115966797,4.670534133911133,2.4762685298919678,6.507061004638672,-0.9208369851112366,7.166781425476074,-4.957775592803955,7.031656742095947,-0.28753864765167236,2.7552077770233154,-0.1719493716955185,1.9333386421203613,-0.0370749793946743,0.9188557267189026,0.023697106167674065,1.0640357732772827,0.09987001121044159,0.9629020690917969,0.08365809172391891,1.0471564531326294,0.03184418007731438,0.86665278673172,-0.004088278394192457,0.7854422330856323,-0.017544828355312347,0.962776243686676,0.03189009800553322,0.8632503151893616,-0.04177564010024071,1.0228362083435059,-0.08838479965925217,0.9277620911598206,-0.046756893396377563,0.9331151843070984,-0.02816103585064411,0.8867966532707214,0.07911524921655655,0.9762827157974243,0.03495309129357338,1.0063279867172241,-0.0010581292444840074,0.781654417514801,0.024386737495660782,0.9728624820709229,-0.029753755778074265,0.8713333010673523,-0.07987446337938309,0.8866869807243347,2015.441162109375,235.3493194580078,2460.6875,161.5840606689453,4522.9697265625,670.0217895507812,7834.5966796875,527.923095703125,0.01447363942861557,0.00681916531175375,21.724096298217773,4.129639625549316,10.78026008605957,3.579826831817627,13.632915496826172,3.2609291076660156,18.026403427124023,3.97798228263855,18.198410034179688,2.492133140563965,19.7159481048584,2.6059913635253906,22.889772415161133,1.6678714752197266,0.09030942618846893,0.016600484028458595,0.08091772347688675,0.018526889383792877,0.002577979350462556,0.0013646272709593177
bonafide_13,Steven Clark - Bounty,111,277.5,0,Bona-fide (Human),-356.181884765625,55.798606872558594,83.835693359375,7.475240230560303,4.12224006652832,4.78646993637085,11.933048248291016,5.05133581161499,-5.750436782836914,4.49818229675293,24.24226188659668,4.257302761077881,2.508664131164551,4.370663642883301,3.5965158939361572,3.8473851680755615,-5.187717914581299,4.296309947967529,1.9920744895935059,4.658348083496094,2.597405433654785,4.29559850692749,2.771873950958252,4.243634223937988,-4.157871246337891,5.381324291229248,1.7208375930786133,4.885387420654297,-4.000396728515625,4.979391574859619,4.690583229064941,4.726898670196533,-7.009403705596924,4.5522356033325195,-7.026522159576416,4.4978346824646,-3.306300401687622,4.102983474731445,0.458933025598526,4.119772434234619,-0.8324618935585022,1.2268040180206299,0.08890332281589508,1.0074902772903442,-0.02493579499423504,0.8803393840789795,0.05208582431077957,0.8555732369422913,-0.0011281834449619055,0.8369063138961792,0.01867411471903324,0.6178070306777954,0.007312847301363945,0.735913097858429,-0.031164906919002533,0.7017985582351685,-0.049594420939683914,0.7257006168365479,-0.043659891933202744,0.6542217135429382,0.009974969550967216,0.770890474319458,0.006461163517087698,0.7621521949768066,-0.10112567991018295,0.8794282078742981,-0.014550739899277687,0.7732285261154175,-0.02727595902979374,0.9171831607818604,0.03123030811548233,0.770832896232605,-0.004687175620347261,0.9559500813484192,0.024520954117178917,0.8271303772926331,0.02207542397081852,0.8627709746360779,0.025906218215823174,0.8290066123008728,2616.200439453125,180.142578125,2690.6201171875,90.92623138427734,5857.47998046875,307.08819580078125,8245.2724609375,320.3251953125,0.022711126133799553,0.00870638806372881,22.434667587280273,4.705609321594238,11.030130386352539,3.7884392738342285,14.821545600891113,3.399779796600342,18.191476821899414,3.764768362045288,18.979137420654297,2.1254639625549316,21.55289649963379,2.092750310897827,24.48867416381836,2.2023983001708984,0.13574445247650146,0.02038816548883915,0.007325709331780672,0.003863246412947774,0.005541416350752115,0.002034631324931979
bonafide_14,Swinging Steaks - Lost My Way,0,0.0,0,Bona-fide (Human),-608.93359375,100.02865600585938,-5.435433387756348,42.304080963134766,20.178117752075195,10.556005477905273,56.236881256103516,14.904691696166992,12.29559326171875,8.806356430053711,22.23832893371582,5.996607303619385,19.696866989135742,6.307807445526123,17.58803367614746,6.56345272064209,14.951592445373535,4.785552501678467,14.943253517150879,4.594050407409668,8.75350570678711,8.433180809020996,4.56861686706543,6.352530002593994,6.496292591094971,6.160667896270752,14.441234588623047,9.048870086669922,5.666043281555176,7.236617088317871,0.7694637179374695,7.991123199462891,-0.07315345853567123,5.098757743835449,7.2532501220703125,7.995325565338135,-2.637777090072632,5.949940204620361,-1.5152009725570679,5.1189961433410645,1.0500671863555908,17.009565353393555,-0.152287557721138,7.530684947967529,-0.02915988117456436,1.750554084777832,0.21037311851978302,2.0617313385009766,-0.0745311751961708,1.2959257364273071,0.04744880273938179,1.0371685028076172,-0.003322530770674348,0.9800647497177124,0.01195378229022026,0.9544740319252014,0.06440366059541702,0.8158534169197083,0.06175176799297333,0.7145334482192993,0.012737737968564034,1.15194833278656,-0.021164651960134506,0.8298540711402893,-0.07112493366003036,0.820000410079956,0.05246550217270851,1.565117597579956,0.017645886167883873,0.8201137185096741,-0.10846035927534103,1.0263638496398926,-0.03161873295903206,0.7288775444030762,0.045714639127254486,1.1395448446273804,-0.07593835145235062,0.694477915763855,-0.0371016301214695,0.769188404083252,3939.92431640625,816.34814453125,2951.55419921875,439.1597900390625,7421.07958984375,843.2483520507812,9456.4658203125,443.3755798339844,0.060641925781965256,0.03775898739695549,12.80208969116211,3.5733299255371094,12.611983299255371,4.132137775421143,12.07150936126709,3.302415132522583,12.766108512878418,2.732466459274292,13.371405601501465,2.1108312606811523,17.249101638793945,3.7153890132904053,18.610631942749023,3.7763965129852295,0.1956244558095932,0.11250240355730057,0.002830259734764695,0.006093149539083242,0.02156398445367813,0.024184098467230797
bonafide_14,Swinging Steaks - Lost My Way,4,10.0,0,Bona-fide (Human),-84.73239135742188,34.320743560791016,79.34669494628906,15.293725967407227,29.341548919677734,12.304617881774902,39.89113998413086,10.692398071289062,14.482989311218262,7.356287002563477,12.90908432006836,8.420431137084961,14.757617950439453,6.38068962097168,9.246024131774902,5.520413398742676,-0.09093724191188812,4.60252046585083,7.836923122406006,4.884857654571533,7.33969783782959,7.855751037597656,-1.8991018533706665,5.337587833404541,-6.412240505218506,4.824921131134033,-2.0601534843444824,5.291040897369385,4.542689323425293,4.783823013305664,2.3474626541137695,4.3643717765808105,-4.469125270843506,4.1717209815979,1.0449966192245483,4.890097141265869,-5.878677845001221,5.293981075286865,0.19770021736621857,5.766216278076172,0.02167249657213688,7.06638240814209,0.16413022577762604,2.9211535453796387,-0.11747835576534271,2.2233152389526367,0.06026718392968178,1.4161028861999512,0.010290872305631638,0.9945012331008911,-0.06129615753889084,1.0777956247329712,0.0406506322324276,1.087754487991333,0.02848655730485916,0.8037784695625305,-0.04265885055065155,0.7951679229736328,0.009822163730859756,0.7949352860450745,0.012022249400615692,0.969027578830719,0.027987387031316757,0.7458822131156921,-0.04032965376973152,0.7940283417701721,-0.07522054761648178,0.8372354507446289,0.0182986781001091,0.7531656622886658,0.03917058929800987,0.8144201636314392,0.05293066427111626,0.6380204558372498,0.014669924974441528,0.7075802683830261,0.00211810739710927,0.7718650102615356,-0.04085376113653183,0.743584156036377,2247.120361328125,513.3762817382812,2871.151123046875,319.626220703125,5622.7578125,1284.5570068359375,8755.091796875,851.1287841796875,0.011287377215921879,0.014017368666827679,25.676982879638672,6.640037536621094,12.630827903747559,3.8854119777679443,16.043668746948242,4.068115711212158,19.740325927734375,4.2308669090271,19.604969024658203,3.1091582775115967,18.689769744873047,2.3900465965270996,19.168081283569336,1.8872319459915161,0.05319778993725777,0.02689601480960846,0.22502602636814117,0.0550495982170105,0.003949412610381842,0.006126269232481718
bonafide_14,Swinging Steaks - Lost My Way,8,20.0,0,Bona-fide (Human),-77.28636932373047,31.433734893798828,77.57162475585938,16.122379302978516,32.47639846801758,10.219221115112305,41.18952560424805,6.457808017730713,11.014978408813477,7.5536346435546875,9.594597816467285,7.376577377319336,12.558971405029297,7.15373420715332,7.609319686889648,7.789479732513428,-0.9112290740013123,6.822786808013916,7.077027320861816,5.220681190490723,4.275371551513672,5.920015811920166,-2.4231059551239014,5.6122236251831055,-8.431830406188965,5.163057804107666,-5.628657817840576,5.069127082824707,0.6409879326820374,5.500522613525391,-1.2232086658477783,5.002326965332031,-5.810885906219482,4.762180805206299,-1.1031644344329834,4.887959957122803,-10.127038955688477,4.280816555023193,-0.42574799060821533,5.685278415679932,-0.06735123693943024,6.383380889892578,0.17024672031402588,2.8391873836517334,-0.029386568814516068,1.446112871170044,0.05815302953124046,1.0799338817596436,0.016591209918260574,0.944267213344574,0.05621160566806793,1.135051965713501,-0.004145847633481026,1.0679378509521484,0.021991226822137833,1.0079545974731445,-0.058308061212301254,0.9026686549186707,-0.0039882175624370575,0.9236421585083008,-0.003026386024430394,0.8183664679527283,-0.012757058255374432,0.840736985206604,0.03051185980439186,0.8536065220832825,-0.022414548322558403,0.8541627526283264,-0.04376361519098282,0.7646063566207886,0.010398518294095993,0.7293152809143066,0.01939823478460312,0.8341567516326904,0.01931115798652172,0.8181412220001221,-0.009397771209478378,0.7281186580657959,-0.0030607846565544605,0.7236669659614563,2350.24951171875,560.6629028320312,2909.41259765625,295.9617004394531,5831.26123046875,1302.2601318359375,8848.0029296875,718.3289184570312,0.013085617683827877,0.01126482617110014,24.19831085205078,6.178999423980713,13.05786418914795,4.205916881561279,17.09124755859375,4.07769250869751,19.092632293701172,4.140023708343506,18.822437286376953,3.0323801040649414,17.981035232543945,2.642739772796631,19.302337646484375,1.7784466743469238,0.0607571080327034,0.02639528177678585,0.218377947807312,0.06514744460582733,0.004721933975815773,0.004991417750716209
bonafide_14,Swinging Steaks - Lost My Way,12,30.0,0,Bona-fide (Human),-134.4276123046875,53.840213775634766,93.30953216552734,24.375106811523438,41.42693328857422,17.413511276245117,29.6505126953125,17.51822853088379,12.136083602905273,8.119105339050293,9.209081649780273,9.05084228515625,9.99061393737793,7.645637035369873,4.367094039916992,7.681521415710449,-4.529049873352051,7.688013553619385,1.1049450635910034,6.8858842849731445,-1.3302154541015625,8.023094177246094,0.7503579258918762,5.106833457946777,-1.8855735063552856,8.014997482299805,-2.715486764907837,9.112571716308594,1.4254119396209717,5.486504077911377,0.31335851550102234,5.704941749572754,-3.890389919281006,6.031785488128662,-1.6280381679534912,6.5081658363342285,-6.20416784286499,4.3169050216674805,-0.5254122614860535,4.715088367462158,-0.3780468702316284,7.687849044799805,-0.139236718416214,4.222110271453857,0.1610909402370453,2.386983871459961,-0.029192782938480377,2.454772472381592,0.03774340823292732,1.3013323545455933,0.09902714192867279,1.4100260734558105,-0.10667974501848221,1.1690037250518799,-0.010437987744808197,1.043823480606079,0.05487557873129845,1.109174370765686,0.03693737834692001,1.1215527057647705,-0.05850837752223015,1.3548698425292969,0.06009507179260254,0.8904825448989868,0.06210041791200638,0.970669686794281,0.04611396789550781,1.177918553352356,-0.04684498533606529,1.0074585676193237,0.03185278922319412,0.9388753175735474,0.020144259557127953,1.0014201402664185,-0.003523385152220726,1.0027505159378052,0.033762022852897644,0.6659191846847534,0.032187167555093765,0.846558690071106,2150.074462890625,802.6321411132812,2845.408203125,512.316162109375,5422.08056640625,2070.224609375,8614.7763671875,1362.241455078125,0.011293808929622173,0.014416358433663845,23.882986068725586,4.892844200134277,12.875478744506836,3.9910638332366943,17.013456344604492,3.9814183712005615,21.74459457397461,5.094663619995117,20.077592849731445,3.8930442333221436,18.56209373474121,3.2799012660980225,18.716482162475586,2.302759885787964,0.06421802937984467,0.04168790578842163,0.14501886069774628,0.039450280368328094,0.007722843904048204,0.021880099549889565
bonafide_14,Swinging Steaks - Lost My Way,16,40.0,0,Bona-fide (Human),-172.96234130859375,67.37593841552734,88.51561737060547,25.66126251220703,39.88676071166992,15.403780937194824,33.601959228515625,22.522390365600586,23.55876350402832,12.566893577575684,12.374749183654785,7.15568208694458,0.8575202226638794,9.667041778564453,3.0331850051879883,8.621376037597656,1.2597883939743042,6.4223809242248535,5.6215643882751465,8.894277572631836,-0.32183659076690674,7.343408107757568,-0.13941726088523865,7.5672807693481445,-4.0415520668029785,8.57415771484375,-2.71903657913208,5.292819023132324,-4.556067943572998,6.870028972625732,-6.107714653015137,7.245250701904297,-9.680096626281738,5.3427276611328125,-3.0373218059539795,5.834954738616943,-4.758584499359131,4.961196422576904,1.3611310720443726,5.356787204742432,-0.13441096246242523,11.61137580871582,-0.16676446795463562,4.83806037902832,0.08036097884178162,2.802917718887329,0.07109915465116501,2.720984935760498,0.13025906682014465,1.9162670373916626,-0.01840115524828434,1.1032425165176392,-0.06808362901210785,1.2762197256088257,0.025637269020080566,1.297776460647583,0.02640608698129654,0.9372206330299377,-0.036649614572525024,1.3549582958221436,-0.03733034431934357,1.2303303480148315,0.017061026766896248,1.2105792760849,-0.03272578865289688,1.2819535732269287,-0.038738518953323364,0.8255078792572021,0.009278708137571812,0.9389710426330566,0.0006650664145126939,0.9391151070594788,0.020805085077881813,0.9568827152252197,-0.009815712459385395,1.0237972736358643,0.02095535583794117,0.9075356125831604,-0.0006509977974928916,0.8784438371658325,2132.701416015625,797.3338623046875,2852.86767578125,523.9588012695312,5343.37451171875,2170.095458984375,8570.115234375,1315.4149169921875,0.011183235794305801,0.013752139173448086,24.463525772094727,5.1902666091918945,12.096850395202637,4.973509788513184,18.77499771118164,4.503564834594727,19.905424118041992,5.210140705108643,19.55074691772461,4.4660797119140625,19.956275939941406,3.942365884780884,18.44693946838379,3.0610122680664062,0.05104347690939903,0.023718100041151047,0.10873177647590637,0.02986091375350952,0.005586608778685331,0.0068640634417533875
bonafide_14,Swinging Steaks - Lost My Way,20,50.0,0,Bona-fide (Human),-105.89933013916016,50.962074279785156,83.0101089477539,17.22397804260254,25.149099349975586,14.992624282836914,25.19330596923828,16.344484329223633,14.216387748718262,12.90664005279541,8.869372367858887,6.558802127838135,3.089447498321533,9.346587181091309,1.2978625297546387,7.592292785644531,-5.108115196228027,8.9805269241333,2.4330639839172363,8.806438446044922,5.700101852416992,8.825264930725098,5.030767440795898,7.983731746673584,-3.312469482421875,8.75571060180664,-1.7671005725860596,7.381422519683838,-3.3855137825012207,7.291557788848877,-9.779943466186523,11.262660026550293,-13.013602256774902,6.999398231506348,-5.203106880187988,7.164749622344971,-10.31456184387207,5.879302978515625,3.028064489364624,6.507944583892822,-0.05011177062988281,10.294085502624512,0.11656063050031662,3.4674549102783203,-0.010095737874507904,2.6102449893951416,0.022677525877952576,2.309682846069336,0.10204683989286423,1.7602119445800781,-0.01963520422577858,1.0087511539459229,-0.001421941677108407,1.4353399276733398,-0.027969930320978165,1.2611219882965088,0.030244866386055946,1.1174328327178955,-0.005977052263915539,1.3380963802337646,-0.02717701531946659,1.2025830745697021,0.01163057517260313,1.0138579607009888,-0.007841439917683601,1.1691697835922241,0.050046663731336594,1.1815085411071777,0.08304273337125778,0.9078730344772339,-0.01460953988134861,1.1529031991958618,-0.026751432567834854,1.0174469947814941,-0.010922016575932503,0.9892672300338745,-0.04266135394573212,1.0053133964538574,-0.0001922360243042931,0.9443179965019226,2364.330322265625,487.451171875,2872.980712890625,282.2545166015625,5770.15087890625,1252.0428466796875,8964.5419921875,643.9910888671875,0.015586811117827892,0.015625957399606705,23.00400733947754,5.368977069854736,12.681883811950684,4.871418476104736,19.003942489624023,4.667381763458252,24.423860549926758,5.868315696716309,22.068748474121094,4.679148197174072,20.9819393157959,3.9452431201934814,18.355850219726562,2.000072956085205,0.07952428609132767,0.024932490661740303,0.1513511687517166,0.03392493352293968,0.00517283147200942,0.004931383300572634
bonafide_14,Swinging Steaks - Lost My Way,24,60.0,0,Bona-fide (Human),-79.34652709960938,43.46309280395508,71.03382110595703,16.255130767822266,22.089820861816406,16.67478370666504,35.573760986328125,11.348234176635742,20.913225173950195,7.030515670776367,11.098587989807129,6.365991592407227,2.327787160873413,6.303396224975586,0.11475750058889389,5.199217796325684,-3.9715452194213867,4.9224700927734375,0.16847242414951324,6.468197822570801,0.8446080684661865,5.836091995239258,-3.025432825088501,5.641731262207031,-3.3986337184906006,6.4794087409973145,-1.2493864297866821,5.558966636657715,-3.2724406719207764,5.801110744476318,-2.900508403778076,5.240040302276611,-8.668928146362305,5.861680030822754,-0.7834456562995911,5.665081024169922,-5.723391532897949,4.816580772399902,3.1252033710479736,5.012841701507568,-0.26190468668937683,6.335906028747559,0.08155589550733566,2.484766960144043,-0.06525887548923492,2.1354031562805176,0.03126513212919235,1.5590426921844482,0.09652140736579895,0.9964433908462524,-0.043750375509262085,1.1132898330688477,-0.029702793806791306,0.9872424602508545,0.02181805856525898,0.9062653183937073,-0.02609577402472496,0.9735122323036194,-0.10582100600004196,1.0558291673660278,0.0038510363083332777,1.0603879690170288,0.013001324608922005,1.0032212734222412,0.0593755804002285,1.0474568605422974,0.04630950465798378,0.8965944647789001,-0.0027177929878234863,0.6872462630271912,-0.04188768193125725,0.9773216843605042,-0.026947401463985443,0.8926153779029846,-0.058170612901449203,0.8341318964958191,-0.019418098032474518,0.7918547987937927,0.031465742737054825,0.7398847341537476,2691.851806640625,523.0216064453125,3018.56884765625,287.5339050292969,6448.49658203125,1138.9884033203125,9219.8994140625,459.45831298828125,0.02496642805635929,0.01787247136235237,21.03449821472168,4.870046615600586,12.174643516540527,3.7683987617492676,17.0216064453125,3.6106953620910645,21.579208374023438,4.45956563949585,20.706689834594727,3.622824192047119,20.281375885009766,3.087493896484375,18.618431091308594,1.616540789604187,0.10040057450532913,0.028689473867416382,0.14714917540550232,0.0443597249686718,0.010471386834979057,0.010381458327174187
bonafide_14,Swinging Steaks - Lost My Way,28,70.0,0,Bona-fide (Human),-56.855377197265625,41.539981842041016,73.85511779785156,13.042916297912598,17.40578842163086,15.49528980255127,25.796560287475586,14.295815467834473,14.029966354370117,7.155563831329346,14.248538970947266,7.722018241882324,-0.10188224911689758,6.395022392272949,-3.265550374984741,6.165500164031982,-1.9658277034759521,6.563286781311035,3.594149589538574,7.254270553588867,0.898037314414978,5.3732523918151855,-2.2136127948760986,4.963489532470703,-3.9662022590637207,7.089241027832031,0.2528897821903229,6.423719882965088,1.4003669023513794,4.924635887145996,-0.7478193640708923,5.393394470214844,-8.46052074432373,6.15725040435791,2.6105265617370605,5.417997360229492,-2.7289669513702393,5.451097011566162,0.9889717102050781,5.347204208374023,-0.4873635470867157,6.164356231689453,-0.1874908208847046,1.9296948909759521,0.12939590215682983,1.9048986434936523,0.16558921337127686,2.2160089015960693,0.01105471421033144,1.16811203956604,-0.012786339968442917,1.156752586364746,-0.02431590110063553,1.0472679138183594,0.05304194986820221,1.092346429824829,0.09442868083715439,1.0378907918930054,-0.02344445139169693,1.1588870286941528,-0.0928785502910614,0.7786753177642822,-0.0023306894581764936,0.7900377511978149,0.016512883827090263,0.934225857257843,-0.007986543700098991,1.061641812324524,-0.03517666459083557,0.9858691096305847,-0.06564150750637054,0.8554995656013489,0.06060771644115448,0.9318657517433167,0.0024398034438490868,0.7865898609161377,0.009295494295656681,0.9253062009811401,0.01573970541357994,0.8867570161819458,2726.5556640625,404.48779296875,2975.38427734375,224.34637451171875,6421.87890625,847.03466796875,9166.8642578125,409.5572814941406,0.02892960049211979,0.018825961276888847,19.31711769104004,4.5161004066467285,14.31383228302002,4.281489372253418,17.8085880279541,4.452800750732422,20.520069122314453,3.6062839031219482,20.653602600097656,3.2513461112976074,20.07022476196289,2.571579933166504,18.70676040649414,1.7530649900436401,0.09872549772262573,0.0342772901058197,0.16697174310684204,0.04390367120504379,0.009739596396684647,0.008746311999857426
bonafide_14,Swinging Steaks - Lost My Way,32,80.0,0,Bona-fide (Human),-128.87628173828125,59.9454345703125,93.61783599853516,25.118412017822266,33.741737365722656,15.890661239624023,40.970436096191406,14.195551872253418,15.233789443969727,9.54427433013916,5.230929851531982,10.216104507446289,1.5116853713989258,8.842188835144043,-2.618440628051758,6.3457465171813965,-5.031820774078369,8.45703411102295,-4.058462142944336,6.702383041381836,-2.7940142154693604,6.990828514099121,4.049015045166016,7.9134626388549805,-1.5134310722351074,5.996351718902588,-2.8670549392700195,7.330635070800781,-3.0748205184936523,5.252114295959473,-6.869683265686035,5.377574443817139,-10.64029312133789,7.554098606109619,-6.214351177215576,5.774853229522705,-5.5103020668029785,5.284356117248535,4.800313472747803,4.83978271484375,-0.16270418465137482,8.613797187805176,0.09138637781143188,4.351545333862305,-0.014151500537991524,2.2529044151306152,-0.09018048644065857,1.8165829181671143,0.02526049315929413,1.6229231357574463,-0.024573149159550667,1.1623462438583374,0.0661257654428482,1.3920234441757202,0.030769314616918564,1.190474510192871,-0.052068401128053665,1.0876587629318237,-0.01042795181274414,1.2427011728286743,0.05092833563685417,1.1340010166168213,-0.013623564504086971,1.4037781953811646,0.0626377984881401,1.0137686729431152,0.10390903055667877,1.127175211906433,0.0010491565335541964,0.9162020683288574,-0.01414739340543747,0.830242931842804,-0.0031120036728680134,1.0860815048217773,-0.0553494468331337,0.807716965675354,0.018855059519410133,0.8131758570671082,0.026619257405400276,0.8345502018928528,2026.7083740234375,618.6359252929688,2707.694580078125,462.2706298828125,4983.939453125,1791.43017578125,8380.9521484375,1449.0782470703125,0.009816134348511696,0.008993051946163177,21.73062515258789,5.673322677612305,11.601471900939941,4.255675792694092,18.696680068969727,3.89968204498291,22.735322952270508,4.438377857208252,21.448383331298828,3.816939115524292,20.664438247680664,3.4896676540374756,19.60911750793457,2.914689064025879,0.060775190591812134,0.02400973066687584,0.14096468687057495,0.043252039700746536,0.004215732682496309,0.003870464861392975
bonafide_14,Swinging Steaks - Lost My Way,36,90.0,0,Bona-fide (Human),-118.20420837402344,53.42386245727539,93.90753173828125,24.642724990844727,23.43556022644043,16.58749771118164,34.71113967895508,15.905240058898926,15.335481643676758,8.583483695983887,4.704267501831055,8.671491622924805,3.097677707672119,5.863436698913574,1.1835412979125977,6.383054256439209,-5.808689594268799,7.738097190856934,-1.5500096082687378,6.417979717254639,0.9564511179924011,8.627272605895996,4.5240020751953125,7.588935852050781,-3.268070936203003,6.054133415222168,-1.9204548597335815,6.349793434143066,-5.990988254547119,5.854377746582031,-5.348642826080322,5.363184928894043,-11.818097114562988,6.198654651641846,-3.746328353881836,5.770585536956787,-0.8841309547424316,5.402612686157227,3.5031979084014893,5.886038780212402,0.6035587787628174,8.371828079223633,-0.0917658656835556,4.739099979400635,-0.08745085448026657,3.074568748474121,0.10185123980045319,2.25199818611145,0.021443791687488556,1.4334765672683716,-0.149470254778862,1.3706523180007935,-0.04564671218395233,1.1051439046859741,-0.035183876752853394,1.2671175003051758,0.01584935560822487,1.1991112232208252,-0.07058596611022949,1.2252994775772095,-0.038304850459098816,1.2935940027236938,0.06478824466466904,1.3488928079605103,-0.009414582513272762,0.9486849904060364,0.005956954322755337,1.118727445602417,-0.05705666542053223,1.015791893005371,-0.015022658742964268,0.9611216187477112,0.05148386210203171,0.9644109606742859,-0.008002000860869884,0.9772570133209229,-0.029062138870358467,0.904710590839386,-0.04266753047704697,0.9925069212913513,2155.45068359375,710.6932373046875,2712.306640625,478.78826904296875,5137.46337890625,1885.602783203125,8362.259765625,1391.3782958984375,0.015349489636719227,0.018824690952897072,23.16716194152832,5.294991970062256,11.089868545532227,4.1717424392700195,17.658288955688477,3.611680030822754,21.63035011291504,4.682407855987549,21.72026824951172,3.7104039192199707,21.138912200927734,3.2110788822174072,19.91118049621582,3.473792314529419,0.07431595772504807,0.035027261823415756,0.1277121901512146,0.03529766574501991,0.0073255677707493305,0.012962686829268932
bonafide_14,Swinging Steaks - Lost My Way,40,100.0,0,Bona-fide (Human),-51.017704010009766,35.16683578491211,80.57717895507812,16.88050651550293,6.268038749694824,12.698089599609375,20.190515518188477,15.950937271118164,17.220041275024414,7.451920986175537,9.546232223510742,6.096837997436523,-3.2469258308410645,7.851361274719238,0.9424520134925842,7.279835224151611,-5.159811496734619,6.066587448120117,2.3342700004577637,6.640462875366211,-0.38445818424224854,5.813659191131592,-0.7852077484130859,5.781283855438232,-4.941658973693848,4.80588436126709,0.051988743245601654,6.453984260559082,-1.7623754739761353,6.417293548583984,-5.770486354827881,5.964426517486572,-12.174385070800781,5.297313690185547,-3.199296236038208,5.900721073150635,-6.5075201988220215,5.453083515167236,3.2937967777252197,7.879914283752441,0.3915274441242218,5.810597896575928,-0.141950786113739,2.5371625423431396,-0.017815979197621346,2.0445566177368164,0.14306193590164185,3.0067954063415527,0.030292846262454987,1.1674542427062988,0.06564830243587494,1.0127131938934326,-0.06994401663541794,1.0168462991714478,-0.04220300167798996,1.0688226222991943,0.05744834244251251,1.0994794368743896,0.07615118473768234,1.1421101093292236,0.05737768113613129,1.0844589471817017,-0.05493126064538956,0.8849248886108398,-0.01342820469290018,0.9296417236328125,-0.02823559008538723,1.2061591148376465,-0.06769727915525436,0.9023419618606567,-0.03118831105530262,0.8878040909767151,0.005387493874877691,0.7862681150436401,-0.027419421821832657,0.8500656485557556,-0.02297293208539486,0.8618149757385254,0.0014625434996560216,1.1109378337860107,2612.534423828125,446.6976318359375,2843.77001953125,277.1881103515625,6113.73486328125,1142.2484130859375,8894.060546875,746.1398315429688,0.030112862586975098,0.017435068264603615,19.245609283447266,4.94527006149292,13.17539119720459,4.434169292449951,17.19715118408203,4.205748081207275,20.782995223999023,4.300678253173828,20.780498504638672,3.1992828845977783,21.192371368408203,3.2120044231414795,18.604736328125,2.1921188831329346,0.1135186105966568,0.028122130781412125,0.15993042290210724,0.028850436210632324,0.009159795008599758,0.007766189519315958
bonafide_14,Swinging Steaks - Lost My Way,44,110.0,0,Bona-fide (Human),-82.72889709472656,44.16705322265625,67.5765609741211,15.245586395263672,23.687850952148438,17.05583953857422,33.65542984008789,12.532208442687988,18.743505477905273,9.530816078186035,10.474104881286621,7.323206901550293,0.7910449504852295,4.468640327453613,-1.3011643886566162,4.85314416885376,-3.6728928089141846,5.549672603607178,-0.5575352907180786,5.002435684204102,1.2006585597991943,5.413664817810059,-2.7237942218780518,5.797779560089111,-3.833373546600342,7.3984551429748535,-0.6501144170761108,4.939778804779053,-4.231959819793701,4.912726879119873,-3.0019216537475586,5.04347562789917,-8.956246376037598,6.6178693771362305,-3.7851710319519043,5.638735771179199,-5.85801887512207,4.773125648498535,2.151519298553467,4.577167987823486,-0.3224429488182068,5.977320194244385,-0.08480748534202576,2.4981701374053955,0.012787059880793095,2.5676474571228027,0.1276209056377411,1.6313098669052124,0.04794633761048317,1.1288784742355347,-0.042096368968486786,1.1852867603302002,-0.03465293347835541,0.718687117099762,0.03236046060919762,0.7876527309417725,0.039910927414894104,0.8907651901245117,-0.0033317904453724623,0.8974268436431885,-0.07611991465091705,1.0895531177520752,0.02724354714155197,0.8596658706665039,0.01262456364929676,1.1167738437652588,-0.011216413229703903,0.838025689125061,-0.020663689821958542,0.6898194551467896,0.022988280281424522,0.8653770685195923,0.0561320036649704,0.9170712828636169,-0.03174513950943947,0.8720330595970154,-0.01050611212849617,0.9240626096725464,0.03485941141843796,0.8294076323509216,2866.84326171875,501.264404296875,3094.027587890625,296.5274963378906,6807.9814453125,1085.3433837890625,9348.3505859375,504.0904846191406,0.030640875920653343,0.02057502046227455,20.657136917114258,4.4991135597229,12.954237937927246,3.994844675064087,16.551546096801758,4.195163726806641,20.994487762451172,3.953012466430664,20.146894454956055,3.684040069580078,20.75872039794922,3.1062493324279785,18.663938522338867,1.6886976957321167,0.1078423410654068,0.030365940183401108,0.13059364259243011,0.04201509431004524,0.01270038727670908,0.010469137690961361
bonafide_14,Swinging Steaks - Lost My Way,48,120.0,0,Bona-fide (Human),-47.341773986816406,30.310007095336914,80.59255981445312,12.870375633239746,20.797029495239258,12.137118339538574,20.85306739807129,14.722586631774902,13.09218978881836,6.6667962074279785,17.793222427368164,6.370948314666748,0.39594072103500366,6.663906097412109,1.5856554508209229,6.7165207862854,-2.0717196464538574,6.286031723022461,3.4175050258636475,6.046882152557373,1.1792429685592651,5.897086143493652,-1.315130591392517,5.213640213012695,-7.048961639404297,4.9118971824646,-1.1213951110839844,5.715942859649658,1.4891502857208252,5.773434162139893,0.16275766491889954,4.824018478393555,-10.789864540100098,4.38686466217041,1.9833128452301025,4.873541355133057,-2.5415475368499756,3.786768674850464,-0.9325605034828186,5.356567859649658,-0.20037367939949036,5.472153186798096,0.06131700798869133,2.0420446395874023,0.1148739755153656,1.7536569833755493,0.02228214032948017,2.1427183151245117,0.08220194280147552,1.0170555114746094,0.045922473073005676,0.8086928129196167,0.008913381956517696,1.1457182168960571,0.06708899885416031,0.9112052321434021,0.028378712013363838,0.8259122967720032,-0.01767965406179428,1.0304335355758667,0.029860427603125572,0.844230055809021,0.00017129933985415846,0.850315272808075,0.027947796508669853,0.8665612936019897,-0.018090203404426575,0.8076809644699097,-0.015624956227838993,0.8744430541992188,0.01859135739505291,0.6843416094779968,0.01022584829479456,0.7354837656021118,-0.008352154865860939,0.8852746486663818,0.04562214016914368,0.6946203708648682,-0.04365237057209015,0.7232003808021545,2602.08544921875,363.55792236328125,2950.175048828125,186.0711669921875,6339.0859375,744.551513671875,9033.0791015625,393.90301513671875,0.024802835658192635,0.01285615935921669,19.94925880432129,5.125049591064453,12.79030704498291,3.7871031761169434,16.573383331298828,3.947103500366211,20.543527603149414,3.7043516635894775,21.268043518066406,3.9425864219665527,20.561487197875977,3.0943102836608887,18.431903839111328,1.6984761953353882,0.09940140694379807,0.0253791194409132,0.18368470668792725,0.03512164205312729,0.008017752319574356,0.004435030277818441
bonafide_14,Swinging Steaks - Lost My Way,52,130.0,0,Bona-fide (Human),-57.021854400634766,42.706905364990234,88.09590148925781,15.638920783996582,10.357834815979004,15.218667984008789,43.687442779541016,15.545941352844238,18.027217864990234,10.227314949035645,5.8555731773376465,7.772279262542725,5.213638782501221,9.427711486816406,-0.058660753071308136,5.165009021759033,-7.28607177734375,7.9615864753723145,5.375635147094727,7.918803691864014,0.24202848970890045,6.85570764541626,-3.708315849304199,5.814911842346191,-8.802106857299805,6.72402286529541,-0.4833199679851532,5.271051406860352,4.417147159576416,7.030787944793701,-2.1803555488586426,6.706355571746826,-5.779983043670654,5.42547607421875,-2.1862592697143555,4.578760623931885,-4.546871662139893,5.769075393676758,2.1712050437927246,5.035678386688232,0.2560350298881531,5.838069438934326,0.10366382449865341,3.178849458694458,0.031971607357263565,2.893179178237915,-0.07642074674367905,2.1454977989196777,0.061007216572761536,1.636825680732727,-0.04991231858730316,0.9906680583953857,-0.040600281208753586,1.0592654943466187,-0.009987005032598972,1.0897996425628662,-0.011129732243716717,1.0338315963745117,0.06948979943990707,1.2174932956695557,0.0562431663274765,1.157283902168274,0.04716987535357475,1.079061508178711,0.019633686169981956,1.1715185642242432,0.05412370339035988,0.7312600016593933,0.08810262382030487,0.9256132245063782,0.06126006320118904,0.8796632289886475,-0.03234771266579628,0.8905388712882996,0.013079066760838032,0.8583425283432007,0.025889737531542778,0.9512847065925598,0.08528804779052734,0.8431055545806885,2210.2900390625,556.5247802734375,2604.927978515625,341.3003845214844,4925.47119140625,1219.08447265625,8131.3759765625,964.501953125,0.016967518255114555,0.01633249968290329,20.312339782714844,5.7777628898620605,12.11681842803955,4.015816688537598,15.832670211791992,3.766602039337158,20.45276641845703,3.88140606880188,19.725954055786133,3.007481813430786,19.79311180114746,2.383483648300171,20.129470825195312,2.7446038722991943,0.0778266042470932,0.03318382799625397,0.20808769762516022,0.0512336865067482,0.0053915404714643955,0.01726609840989113
bonafide_14,Swinging Steaks - Lost My Way,56,140.0,0,Bona-fide (Human),-50.589012145996094,33.43034744262695,86.26087188720703,18.188142776489258,16.076690673828125,14.708222389221191,36.73100280761719,14.416970252990723,16.53832244873047,9.524057388305664,2.445997714996338,8.21279239654541,-2.9604082107543945,11.146656036376953,2.4823720455169678,8.005749702453613,-4.54009485244751,8.516524314880371,3.434744119644165,9.643399238586426,-2.9389963150024414,9.402966499328613,-3.938188076019287,5.307235240936279,-4.67655086517334,5.014642715454102,-5.39020299911499,6.822593688964844,-2.4281857013702393,4.869748592376709,-4.707564830780029,7.059119701385498,-8.344352722167969,5.166069030761719,-1.622434139251709,4.75399112701416,-5.788143157958984,4.651798248291016,1.0579009056091309,5.904614448547363,0.4343828558921814,5.628398418426514,-0.12834249436855316,3.352567434310913,-0.02548806741833687,2.598050832748413,0.12541520595550537,2.1742615699768066,0.015600808896124363,1.5905239582061768,-0.12914256751537323,1.3810946941375732,-0.14204658567905426,1.3329896926879883,-0.05255028232932091,1.2834270000457764,-0.08606567233800888,1.2237688302993774,-0.09868989884853363,1.2525169849395752,-0.052684325724840164,1.2914623022079468,0.017640335485339165,0.9518257975578308,0.08400697261095047,0.8034523725509644,0.08439895510673523,0.9892644286155701,0.039464112371206284,0.8394896984100342,-0.013779372908174992,1.0773407220840454,0.010009260848164558,0.9911813735961914,0.05543464049696922,0.9201428294181824,0.027168281376361847,0.8561578989028931,-0.039422113448381424,0.841921329498291,2349.28271484375,745.56689453125,2728.708984375,394.8934326171875,5411.51318359375,1469.2760009765625,8471.271484375,918.3250122070312,0.019567299634218216,0.01923506148159504,18.96186065673828,5.690728187561035,12.33721923828125,3.944225788116455,16.264657974243164,3.5826432704925537,20.204896926879883,4.725610256195068,19.218807220458984,3.320408344268799,18.33396339416504,2.694758176803589,19.320205688476562,1.9955835342407227,0.0837131068110466,0.04262939468026161,0.21459265053272247,0.04075739160180092,0.010375267826020718,0.029377076774835587
bonafide_14,Swinging Steaks - Lost My Way,61,152.5,0,Bona-fide (Human),-43.815860748291016,27.421178817749023,83.72413635253906,15.677371978759766,17.94327735900879,10.977982521057129,36.34355163574219,9.741202354431152,12.494712829589844,7.1569390296936035,7.435601711273193,10.082859992980957,6.292026519775391,7.960528373718262,3.157700538635254,6.25554084777832,-5.27329158782959,5.440751075744629,3.1163690090179443,6.628250598907471,1.6835764646530151,7.309426784515381,-4.530078887939453,6.477105617523193,-9.784220695495605,5.419836044311523,-4.47805118560791,5.02454948425293,0.0732559785246849,4.505461692810059,-2.0001461505889893,4.521590709686279,-6.313547611236572,4.217033386230469,-1.9839409589767456,4.546469688415527,-8.318641662597656,5.276063919067383,-0.0960678681731224,5.2113518714904785,-0.0076200696639716625,5.221438884735107,-0.048455413430929184,2.462446451187134,-0.04310758784413338,1.7507014274597168,-0.05081842467188835,1.4500428438186646,-0.12347319722175598,0.9640082716941833,0.04540085792541504,1.2439616918563843,0.10467035323381424,0.9510951042175293,-0.007442739326506853,1.046326994895935,-0.025235960260033607,0.9325947165489197,0.07238451391458511,0.9021522402763367,0.042758043855428696,0.9495314359664917,-0.0699891448020935,1.0407228469848633,0.013136263005435467,0.8743195533752441,0.03561198711395264,0.8530002236366272,-0.014315660111606121,0.819861114025116,-0.06302429735660553,0.78012615442276,-0.020798495039343834,0.8098846077919006,-0.022920889779925346,0.8669955134391785,-0.0831431970000267,1.0017776489257812,-0.04151434451341629,0.8203588724136353,2338.470947265625,415.11785888671875,2790.689208984375,275.5206298828125,5493.658203125,1125.815673828125,8681.6689453125,722.5298461914062,0.01694011315703392,0.010340447537600994,20.926433563232422,5.847182750701904,12.594356536865234,4.118068695068359,15.232250213623047,3.654421091079712,18.602750778198242,3.8866991996765137,18.70203399658203,2.7349281311035156,18.862701416015625,2.1480116844177246,19.17720603942871,1.7257311344146729,0.0731201171875,0.020964698866009712,0.22618667781352997,0.0450163409113884,0.004474870394915342,0.0037956067826598883
bonafide_14,Swinging Steaks - Lost My Way,65,162.5,0,Bona-fide (Human),-56.09336471557617,25.294069290161133,79.62600708007812,16.226900100708008,21.393123626708984,13.09880256652832,39.20536804199219,10.249027252197266,14.012510299682617,6.435366153717041,8.44431209564209,6.25335693359375,8.541719436645508,6.289583206176758,3.155832290649414,6.908872604370117,-4.469264030456543,5.668131351470947,2.4586212635040283,4.872058868408203,0.26164090633392334,5.158195972442627,-7.604543209075928,5.589373588562012,-8.109436988830566,5.300840854644775,-1.0214072465896606,5.627967357635498,-0.4092477858066559,4.200192928314209,-2.660517692565918,4.327221393585205,-6.814312934875488,4.210476875305176,-1.9188337326049805,4.898249626159668,-8.465354919433594,4.319995880126953,0.5185920000076294,4.4492669105529785,0.25416263937950134,3.828686475753784,0.0508430041372776,3.076076030731201,0.0759127214550972,2.247567892074585,-0.051026083528995514,1.292999029159546,0.010534357279539108,0.9837538003921509,0.09499628096818924,1.0903979539871216,0.041764996945858,0.9569126963615417,0.04782015457749367,1.01309335231781,0.026779742911458015,0.867763340473175,0.021261582151055336,0.8280635476112366,0.034720614552497864,0.9060356020927429,0.07191654294729233,0.8605356812477112,0.03261874243617058,0.9068946242332458,0.06832314282655716,1.0875471830368042,0.06760227680206299,0.8271166682243347,0.0702715516090393,0.8091942667961121,-0.024551425129175186,0.6867942214012146,0.0187905952334404,0.818150520324707,-0.006724262610077858,0.8147895336151123,-0.006744552403688431,0.7633362412452698,2397.871337890625,473.2444763183594,2852.889404296875,328.97711181640625,5737.501953125,1235.849365234375,8768.7490234375,874.0983276367188,0.01750125177204609,0.011620854027569294,22.223447799682617,4.635815620422363,12.966073036193848,3.6868889331817627,14.630709648132324,3.985589027404785,18.455698013305664,3.941178321838379,17.62614631652832,2.8898260593414307,17.71094512939453,2.205197334289551,19.546594619750977,1.830485463142395,0.07535355538129807,0.025434132665395737,0.21040117740631104,0.047139715403318405,0.005502473562955856,0.005230369046330452
bonafide_14,Swinging Steaks - Lost My Way,69,172.5,0,Bona-fide (Human),-53.62160873413086,26.74721908569336,79.87865447998047,11.839646339416504,23.59813690185547,14.182428359985352,42.90550994873047,7.461212158203125,12.503568649291992,8.34370231628418,8.547751426696777,5.455535411834717,6.372105121612549,6.3667097091674805,1.2698895931243896,6.346933364868164,-3.9252121448516846,7.314469337463379,6.597756862640381,5.064058780670166,3.4872241020202637,5.313741207122803,-3.9187405109405518,6.847060203552246,-5.272286891937256,7.041578769683838,0.9373146891593933,4.155338764190674,1.132965087890625,5.272966384887695,-3.549325466156006,4.173827648162842,-5.933290481567383,4.652573108673096,-0.9534283876419067,4.117588043212891,-7.123589992523193,4.292351722717285,-0.6989046931266785,4.648705005645752,-0.16462962329387665,4.339280128479004,0.11942192167043686,2.238574504852295,-0.059133380651474,1.5959548950195312,0.06904764473438263,1.2276760339736938,0.010252272710204124,1.0469783544540405,0.004857118707150221,0.959477961063385,-0.06885833293199539,0.9936462044715881,-0.0006865616305731237,0.955072283744812,-0.036547306925058365,0.8834527134895325,-0.03623703122138977,0.8972721695899963,-0.09249106049537659,0.8753787875175476,-0.04257797449827194,0.9572594165802002,-0.05227513983845711,0.907097339630127,-0.052259404212236404,0.820754885673523,0.023393575102090836,0.9081260561943054,0.0592777244746685,0.7586492896080017,-0.019043447449803352,0.7494304180145264,-0.02469918504357338,0.8163430094718933,-0.024815021082758904,0.6684514880180359,0.002618735656142235,0.7309373617172241,2313.477783203125,353.5885925292969,2815.073486328125,254.21136474609375,5586.27099609375,933.2191162109375,8662.77734375,695.8385009765625,0.014382137916982174,0.010861952789127827,23.297056198120117,5.566681861877441,12.67229175567627,4.002870559692383,16.023723602294922,3.765871047973633,20.39072608947754,4.230721950531006,19.554561614990234,3.136432409286499,19.27130126953125,2.2833802700042725,19.60689353942871,1.9005963802337646,0.0698649063706398,0.023297220468521118,0.2325183004140854,0.03777800127863884,0.003715388011187315,0.003235301235690713
bonafide_14,Swinging Steaks - Lost My Way,73,182.5,0,Bona-fide (Human),-63.681644439697266,39.10858154296875,77.03189849853516,12.990541458129883,22.99985122680664,13.490570068359375,39.93428421020508,12.326432228088379,14.808765411376953,9.0339994430542,12.84683609008789,7.276089191436768,7.73591423034668,5.76684045791626,2.4968416690826416,5.896488189697266,-2.8244550228118896,5.989474773406982,5.003175735473633,5.141441345214844,2.9259796142578125,4.935249328613281,-3.93996524810791,5.098106861114502,-5.49891471862793,4.807908535003662,-2.406970739364624,4.831050872802734,-3.4234378337860107,5.066693305969238,-5.44167423248291,4.945633411407471,-5.835460662841797,4.6565842628479,-1.0397337675094604,4.542575359344482,-6.537848949432373,5.023340702056885,1.5226908922195435,4.780332088470459,-0.21321021020412445,5.3090715408325195,0.09239692240953445,2.3982717990875244,-0.09757509082555771,1.9783155918121338,0.06145057827234268,1.6469624042510986,-0.03118455782532692,1.1458680629730225,0.004892516881227493,0.9212653040885925,0.09012250602245331,0.8790803551673889,0.026524201035499573,0.844493567943573,-0.02788212150335312,0.9287318587303162,-0.03058348409831524,0.7652683258056641,0.08977603912353516,0.9275694489479065,0.014331191778182983,0.9228826761245728,0.008647333830595016,0.7757765650749207,0.022506585344672203,0.7674356698989868,0.06442989408969879,0.9293776154518127,0.048075128346681595,0.8959930539131165,0.037253182381391525,0.7365921139717102,-0.012533009052276611,0.8226832151412964,-0.005764974281191826,0.9332032799720764,0.007696014828979969,0.8000931143760681,2434.68896484375,377.1950988769531,2875.4658203125,246.6388397216797,5842.07763671875,973.5226440429688,8866.8447265625,576.9326782226562,0.019366392865777016,0.012105862610042095,20.87436294555664,5.525274276733398,12.278315544128418,3.315680742263794,15.990891456604004,4.070987701416016,19.21969985961914,3.8424322605133057,19.79811668395996,3.35636568069458,19.21649742126465,2.76196551322937,19.041160583496094,1.915103554725647,0.07680483162403107,0.024173278361558914,0.18940608203411102,0.03484204784035683,0.004625791683793068,0.00295777665451169
bonafide_14,Swinging Steaks - Lost My Way,77,192.5,0,Bona-fide (Human),-36.49170684814453,30.884397506713867,81.22862243652344,14.237665176391602,17.50619888305664,12.289766311645508,31.43351173400879,17.71371841430664,9.725940704345703,7.744410037994385,12.78855037689209,7.501113414764404,8.507062911987305,6.4986066818237305,3.7382891178131104,6.039649963378906,-0.7822551727294922,9.170249938964844,7.19891881942749,5.7031683921813965,1.7088465690612793,6.92523193359375,-7.156060218811035,5.702805995941162,-6.820879936218262,6.556921482086182,-0.20822200179100037,4.8104987144470215,0.6275732517242432,3.7720930576324463,-4.47746467590332,6.0044636726379395,-7.64678955078125,5.808521747589111,2.044420003890991,4.2054829597473145,-3.365074634552002,5.4228386878967285,3.206143379211426,4.388445854187012,0.04771391674876213,4.568823337554932,0.08887246996164322,2.0766782760620117,-0.0510062538087368,1.6675190925598145,-0.09485729783773422,2.6053659915924072,-0.027333585545420647,1.052582859992981,0.08278174698352814,1.248063564300537,0.012446152046322823,1.0221593379974365,-0.00806544627994299,0.8628422021865845,-0.01211109384894371,0.9972152709960938,-0.023892812430858612,0.9525076746940613,-0.08229894936084747,0.9750458598136902,-0.031089484691619873,1.007393479347229,0.04146970063447952,1.0019915103912354,-0.004809586331248283,0.8930013179779053,-0.019784152507781982,0.6225287914276123,-0.008387045003473759,0.8332537412643433,-0.015941504389047623,0.8272695541381836,0.043175846338272095,0.7076634764671326,0.050338029861450195,0.9658522605895996,-0.0019932102877646685,0.7783549427986145,2460.71484375,301.8232727050781,2848.91015625,205.1348114013672,5829.01806640625,805.0402221679688,8850.2958984375,494.3791809082031,0.020885763689875603,0.011610018089413643,18.759586334228516,5.421291351318359,13.82509994506836,3.6722209453582764,16.333148956298828,3.7751710414886475,19.227502822875977,3.679880142211914,19.68866539001465,2.936548948287964,18.968599319458008,2.2001917362213135,18.57204246520996,1.7821733951568604,0.0792643204331398,0.023208297789096832,0.226243793964386,0.0360325463116169,0.00482524698600173,0.003625990357249975
bonafide_14,Swinging Steaks - Lost My Way,81,202.5,0,Bona-fide (Human),-36.39866256713867,30.02174949645996,81.21688842773438,14.80012321472168,18.072933197021484,10.538006782531738,26.07732391357422,17.17767906188965,12.424202919006348,6.165585994720459,15.967277526855469,9.532858848571777,9.2763671875,8.025773048400879,5.243688583374023,6.087024688720703,1.1408090591430664,8.645719528198242,7.4209980964660645,5.397823333740234,2.412243366241455,5.223635196685791,-4.776673316955566,5.723141670227051,-6.769716739654541,5.047791957855225,-4.031411170959473,5.764406681060791,-1.0542374849319458,3.696749448776245,-4.157779216766357,4.398014068603516,-7.482361793518066,4.6763105392456055,1.199962854385376,4.39961051940918,-4.726309776306152,4.85145902633667,3.6653127670288086,4.767131328582764,-0.3642547130584717,4.251471519470215,-0.10506395250558853,2.0622904300689697,0.092080257833004,1.4246492385864258,0.028248831629753113,2.389693021774292,-0.04273591935634613,0.8330091238021851,0.12301458418369293,1.4409338235855103,-0.008586733601987362,1.168637990951538,-0.029108038172125816,0.9013432860374451,0.02700684778392315,0.9481825232505798,-0.009319068863987923,0.8596118688583374,0.028660787269473076,1.0663039684295654,0.012189533561468124,0.9241557121276855,-0.03952354937791824,0.825143575668335,-0.05265253037214279,0.8964273929595947,-0.014090990647673607,0.6692752242088318,0.06104598194360733,0.802906334400177,-0.007575650233775377,0.75221848487854,-0.019169054925441742,0.8128140568733215,-0.006781441159546375,0.8375499248504639,-0.018045084550976753,0.7853297591209412,2461.078857421875,296.91900634765625,2902.515869140625,181.45664978027344,5984.68505859375,769.2208251953125,9005.6640625,410.32757568359375,0.020749175921082497,0.012448819354176521,19.659961700439453,5.772181987762451,13.392606735229492,4.205887317657471,15.291522026062012,4.608462333679199,18.326807022094727,4.4033989906311035,19.224843978881836,2.708946943283081,18.45925521850586,2.2720186710357666,18.390748977661133,2.004565715789795,0.0813666433095932,0.019460247829556465,0.2309480607509613,0.04604712128639221,0.005350842606276274,0.003520647529512644
bonafide_14,Swinging Steaks - Lost My Way,85,212.5,0,Bona-fide (Human),-54.879398345947266,34.519866943359375,71.66706085205078,14.465633392333984,19.03937530517578,11.339109420776367,37.299739837646484,16.47503089904785,15.100208282470703,7.1991682052612305,13.321294784545898,7.009873867034912,7.657828330993652,7.297121047973633,4.289431095123291,6.616424560546875,1.4549307823181152,7.093844413757324,7.916157245635986,5.57884407043457,3.858238697052002,4.547285556793213,-5.67867374420166,6.0597243309021,-8.82830810546875,5.032578468322754,-2.4608569145202637,4.464620590209961,0.06017027795314789,4.274440288543701,-4.421104907989502,5.341759204864502,-7.194321155548096,4.853074550628662,1.6644014120101929,3.880262851715088,-2.8409817218780518,4.6677327156066895,3.6749162673950195,5.340180397033691,-0.04513007774949074,4.667953968048096,-0.02997216396033764,2.534618616104126,-0.07204870134592056,1.6510883569717407,-0.09369765222072601,2.3200278282165527,0.028209010139107704,1.0060920715332031,-0.08289089053869247,1.2800120115280151,0.06489749997854233,0.9507866501808167,0.06760924309492111,0.8373171091079712,0.025447599589824677,0.9514575004577637,0.045924942940473557,0.9073902368545532,-0.016581257805228233,0.8579102754592896,-0.011304442770779133,1.004300832748413,-0.08206211030483246,0.8627676367759705,0.0012243787059560418,0.6770169734954834,-0.010132372379302979,0.7346566915512085,-0.0012567186495289207,0.9678164124488831,0.049431562423706055,0.8687146306037903,-0.030346719548106194,0.781829833984375,0.00038773042615503073,0.6659623980522156,0.048748716711997986,0.7753065824508667,2556.895751953125,376.0697021484375,2914.485107421875,234.4989776611328,6064.63720703125,934.7901611328125,8960.1552734375,540.5271606445312,0.019610069692134857,0.011403652839362621,20.74535369873047,5.613249778747559,13.994404792785645,4.051726818084717,16.67888641357422,3.6515254974365234,20.46222496032715,3.8033061027526855,20.90263557434082,3.270185947418213,19.052175521850586,2.152064323425293,18.98745346069336,1.931828498840332,0.08123327046632767,0.025014236569404602,0.20479485392570496,0.03874906897544861,0.005669211968779564,0.004665102809667587
bonafide_14,Swinging Steaks - Lost My Way,89,222.5,0,Bona-fide (Human),-61.90953826904297,31.219223022460938,78.38311767578125,16.892351150512695,21.07231903076172,13.642026901245117,36.83669662475586,15.002785682678223,15.203300476074219,8.117510795593262,11.36175537109375,7.383408546447754,7.060490131378174,5.494523048400879,-0.3207855820655823,6.233096599578857,-6.079221725463867,4.528682231903076,4.337109565734863,4.324398040771484,2.1898019313812256,4.900317192077637,-6.501119136810303,6.96818733215332,-8.210734367370605,6.32191276550293,-0.3510275185108185,4.042967796325684,0.8126506805419922,4.175800323486328,-4.974117755889893,5.213413238525391,-6.335895538330078,6.479039669036865,-0.20008450746536255,5.359055995941162,-6.193718433380127,5.884315490722656,0.31996557116508484,5.381027698516846,0.32671278715133667,5.097153663635254,0.23952580988407135,2.600024461746216,-0.1908113807439804,1.9730874300003052,-0.08288834989070892,2.0246315002441406,-0.018672386184334755,1.3315749168395996,-0.027989709749817848,1.037642240524292,-0.01707175001502037,0.9963525533676147,0.044144146144390106,1.009619116783142,-0.007993759587407112,0.7462456822395325,0.01730441302061081,0.6874551773071289,0.017123499885201454,0.9039359092712402,0.06559958308935165,1.2580207586288452,0.03764818236231804,1.0026975870132446,0.04651642590761185,0.6109835505485535,-0.023524299263954163,0.7733051180839539,-0.008123073726892471,0.9155376553535461,0.023445775732398033,1.065384030342102,0.013628984801471233,0.7422205805778503,-0.00767356576398015,0.9241936802864075,-0.017866186797618866,0.8937872052192688,2448.51953125,420.4267883300781,2869.722412109375,295.3414001464844,5808.43212890625,1125.2200927734375,8859.716796875,688.5418090820312,0.01861989125609398,0.01123274490237236,21.066566467285156,5.648795127868652,12.31167221069336,4.3116679191589355,15.852503776550293,4.293908596038818,19.833925247192383,4.694377422332764,20.484472274780273,3.285529136657715,20.32392120361328,2.8164913654327393,19.25263214111328,2.128784418106079,0.08088288456201553,0.01886509731411934,0.18728584051132202,0.03661667928099632,0.005414647050201893,0.004413989372551441
bonafide_14,Swinging Steaks - Lost My Way,93,232.5,0,Bona-fide (Human),-59.53968048095703,33.737159729003906,79.0484848022461,15.825833320617676,23.97343635559082,11.548942565917969,28.04869270324707,10.721783638000488,11.392521858215332,7.675592422485352,11.386237144470215,7.89424467086792,3.151338815689087,5.431332588195801,-3.0241892337799072,5.016122817993164,-3.9140591621398926,4.897885799407959,5.160757541656494,5.51460075378418,3.3653366565704346,5.260717868804932,-3.527418375015259,3.833648681640625,-5.758575439453125,5.154837608337402,-2.461512327194214,5.082756996154785,-2.9109838008880615,5.280160903930664,-4.5475897789001465,4.844756126403809,-7.593759059906006,5.1449198722839355,-2.406813144683838,4.713933944702148,-6.843854904174805,4.422060489654541,2.407111167907715,5.206219673156738,-0.059224534779787064,5.175691604614258,0.08790616691112518,2.533630847930908,-0.09162205457687378,1.6143661737442017,0.007025863975286484,1.598412036895752,-0.04706434905529022,1.1573247909545898,-0.07583090662956238,1.066486120223999,-0.050150297582149506,0.8506706357002258,-0.02574576996266842,0.8690697550773621,0.006583076901733875,0.6758546233177185,0.058313265442848206,0.8661500811576843,-0.0368327870965004,0.8676467537879944,-0.018709305673837662,0.6241744756698608,0.006754728499799967,0.9198344349861145,-0.013159025460481644,0.9052889943122864,-0.011429444886744022,0.9430010318756104,-0.05094841495156288,0.8179267048835754,-0.037048451602458954,0.9227475523948669,-0.040400583297014236,0.9122971296310425,-0.007508257869631052,0.7490339875221252,0.01970789209008217,0.8901370167732239,2575.401611328125,450.36712646484375,2964.87841796875,255.05355834960938,6213.17626953125,1033.2867431640625,9110.2392578125,517.3389892578125,0.024240119382739067,0.015097674913704395,21.297945022583008,5.853267669677734,11.690661430358887,3.943429470062256,16.75433921813965,4.089503765106201,20.09857940673828,3.8884761333465576,20.912954330444336,3.354572057723999,20.161863327026367,2.6703989505767822,18.66263198852539,1.793929100036621,0.09532786905765533,0.030926164239645004,0.1690177619457245,0.032858334481716156,0.00835233274847269,0.007491561584174633
bonafide_14,Swinging Steaks - Lost My Way,97,242.5,0,Bona-fide (Human),-31.448177337646484,26.39464569091797,82.07750701904297,12.413601875305176,19.99290657043457,9.838006019592285,18.87509536743164,14.301545143127441,6.421087265014648,6.042144775390625,15.43814468383789,7.247866153717041,5.537307262420654,7.173837661743164,-0.5772299766540527,5.2700700759887695,-2.6716043949127197,5.994394779205322,4.7694315910339355,4.977588653564453,0.33787572383880615,4.562256336212158,-5.726412296295166,6.336116790771484,-6.124521732330322,5.495213508605957,-2.1570889949798584,6.1836042404174805,-1.8850083351135254,5.1916303634643555,-3.3955957889556885,5.77658224105835,-7.251655101776123,4.874436855316162,-0.36026594042778015,6.14843225479126,-3.5749402046203613,6.146111488342285,2.4640767574310303,4.979503631591797,-0.21048440039157867,4.1254987716674805,-0.06273855268955231,2.057095766067505,0.09466450661420822,1.3460454940795898,0.11370965838432312,1.9173527956008911,0.0031774442177265882,0.8460851311683655,0.024733470752835274,1.209268569946289,0.05209857597947121,1.144472360610962,0.008406398817896843,0.8824700117111206,-0.014974571764469147,0.8540647625923157,0.026926226913928986,0.9044193625450134,0.02118905447423458,0.7909470796585083,0.04806771129369736,0.8169494271278381,-0.018859073519706726,0.8588388562202454,-0.03243349865078926,0.9749266505241394,-0.032812491059303284,0.9435027837753296,0.013605659827589989,0.9791730046272278,0.02111045829951763,0.8031955361366272,-0.045145414769649506,0.7955303192138672,-0.012583790346980095,0.8984013795852661,0.014178477227687836,0.861382007598877,2586.688232421875,292.66253662109375,2957.62109375,168.38694763183594,6261.177734375,707.3634033203125,9123.9970703125,347.0942687988281,0.026482507586479187,0.012079592794179916,19.007442474365234,5.3279266357421875,12.900510787963867,3.592075824737549,15.491386413574219,3.621901750564575,19.277620315551758,3.8038249015808105,19.549129486083984,2.850386142730713,19.219751358032227,2.2743687629699707,18.25896644592285,1.6672042608261108,0.09333857893943787,0.020381061360239983,0.20486576855182648,0.03498389944434166,0.007493508048355579,0.0047151995822787285
bonafide_14,Swinging Steaks - Lost My Way,101,252.5,0,Bona-fide (Human),-50.82141876220703,32.95933532714844,82.92993927001953,12.356141090393066,18.413850784301758,9.48454475402832,23.47034454345703,13.31613826751709,6.843016624450684,6.458823204040527,17.55290412902832,8.080671310424805,8.913125038146973,7.280858039855957,2.10823392868042,5.73777961730957,-2.3901519775390625,7.304254055023193,5.40616512298584,4.887253284454346,0.6380107998847961,4.278027057647705,-5.976565837860107,6.311579704284668,-6.14851188659668,5.618958950042725,-1.8736916780471802,4.288697242736816,1.1182425022125244,5.039669990539551,-0.9013497829437256,5.210092067718506,-5.238628387451172,5.5123372077941895,1.3456774950027466,5.246755123138428,-3.7038371562957764,4.9913105964660645,4.660749435424805,4.228610992431641,-0.3062293529510498,4.972889423370361,0.08080632239580154,1.8783087730407715,-0.026584438979625702,1.5016520023345947,-0.05500708520412445,1.819982886314392,0.027318624779582024,1.0828684568405151,-0.05956698954105377,1.071883201599121,-0.017960093915462494,1.2933580875396729,0.000522002053912729,1.0034388303756714,-0.06769032776355743,1.0639710426330566,-0.04790918156504631,0.7500932812690735,0.00368636567145586,0.855981171131134,-0.05445168539881706,1.0403434038162231,-0.047304991632699966,0.830189049243927,0.07155484706163406,0.5602375864982605,0.03237214311957359,0.8925896286964417,0.013237975537776947,0.8271499276161194,-0.015692928805947304,1.0341053009033203,0.04043466970324516,0.8791062831878662,0.014004949480295181,0.7872481942176819,0.005056860391050577,0.7021913528442383,2528.023193359375,311.55511474609375,2898.360107421875,173.19712829589844,6056.21337890625,686.9541015625,8967.681640625,446.9499816894531,0.023258376866579056,0.014127110131084919,19.567365646362305,5.669502258300781,13.677002906799316,4.553695201873779,16.274887084960938,4.095133304595947,20.054798126220703,4.310612678527832,20.218914031982422,2.951856851577759,19.897554397583008,2.5341572761535645,19.079360961914062,1.9319491386413574,0.08998842537403107,0.02321697771549225,0.18105143308639526,0.046001873910427094,0.006000657100230455,0.003998591564595699
bonafide_14,Swinging Steaks - Lost My Way,105,262.5,0,Bona-fide (Human),-40.64649963378906,29.594970703125,93.80247497558594,15.152587890625,13.010127067565918,10.727681159973145,19.513273239135742,11.41032886505127,10.469206809997559,6.212506294250488,15.78795051574707,7.483577728271484,6.694565296173096,7.698025703430176,0.5706733465194702,7.562684059143066,-5.8015522956848145,6.250098705291748,2.9537601470947266,5.256641864776611,1.2443608045578003,4.858963966369629,-4.207381725311279,4.896805763244629,-8.29157829284668,5.364025115966797,-1.3496445417404175,4.363743782043457,3.220026731491089,4.75600004196167,-1.3295542001724243,6.36942720413208,-2.42427396774292,4.30924129486084,3.765126943588257,5.744818687438965,-3.0576353073120117,4.373358726501465,3.7181248664855957,5.3241682052612305,0.20337334275245667,4.47553014755249,0.19124862551689148,2.7893970012664795,-0.14217223227024078,1.6745916604995728,-0.13987232744693756,1.8356478214263916,-0.09390488266944885,1.015149712562561,-0.0020012150052934885,1.0276825428009033,0.018806112930178642,1.163275122642517,0.04855707287788391,0.9384735822677612,0.009499712847173214,0.8360546827316284,0.02610558643937111,1.0411163568496704,-0.003483913606032729,0.9122112393379211,0.015249568969011307,0.839471697807312,-0.05534069612622261,0.9387035965919495,0.030974339693784714,0.7634088397026062,-0.0032422011718153954,0.7972115278244019,0.0525052547454834,0.9115616679191589,0.030143985524773598,0.709092378616333,0.03766518086194992,0.7898561954498291,-0.010302468203008175,0.691476583480835,0.03899626433849335,0.7996399998664856,2287.52001953125,368.3165283203125,2756.533447265625,256.73101806640625,5447.45166015625,1054.7965087890625,8658.4912109375,643.2022094726562,0.0209950041025877,0.014227015897631645,20.433847427368164,5.511719226837158,12.57149600982666,3.8998351097106934,15.007820129394531,4.255441188812256,18.848609924316406,3.606419086456299,19.129871368408203,2.826603412628174,19.774349212646484,2.538965940475464,18.620361328125,1.9410996437072754,0.08061613887548447,0.01956963539123535,0.19626496732234955,0.043017663061618805,0.004684954881668091,0.00344898272305727
bonafide_14,Swinging Steaks - Lost My Way,109,272.5,0,Bona-fide (Human),-105.96273040771484,37.728824615478516,46.6328125,20.676021575927734,35.36104202270508,12.50512981414795,48.27233123779297,11.142309188842773,13.218616485595703,8.014444351196289,14.691556930541992,5.369483470916748,5.05952787399292,7.498374938964844,2.6214709281921387,8.1771821975708,3.1106090545654297,9.03759765625,7.223654747009277,7.831686973571777,-1.205072283744812,8.461593627929688,-0.6224934458732605,6.362456798553467,-3.618360757827759,5.090817451477051,-5.900960445404053,5.554732799530029,-4.233407974243164,4.709118366241455,-4.985505104064941,6.0095438957214355,-10.285511016845703,6.562653064727783,-5.666037082672119,5.003210067749023,-9.794317245483398,5.848381519317627,1.2766327857971191,4.564465522766113,-0.10446933656930923,6.9305500984191895,0.12634579837322235,2.8030779361724854,-0.04834616556763649,2.005978584289551,-0.030736975371837616,1.7635716199874878,-0.025121334940195084,1.244786262512207,0.004675417207181454,0.8874562382698059,0.020104827359318733,1.0048898458480835,0.007242909166961908,1.0144847631454468,0.019522419199347496,1.2968825101852417,-0.0057875956408679485,0.9469092488288879,0.029316775500774384,1.0245881080627441,-0.006414386909455061,0.9550888538360596,0.05471580848097801,0.8133338093757629,-0.02259889431297779,0.9387568831443787,0.0033862104173749685,0.7682216167449951,-0.0181893240660429,0.8557431697845459,-0.04799380153417587,1.0585442781448364,-0.013181339018046856,0.9031037092208862,-0.011460776440799236,0.9178113341331482,0.03427321836352348,0.7178382277488708,3166.934326171875,550.6690673828125,3158.700439453125,237.15562438964844,7125.296875,906.202880859375,9347.0546875,524.2612915039062,0.03114042431116104,0.024682117626070976,21.068389892578125,5.665963649749756,13.527705192565918,4.774947166442871,17.21891212463379,4.5459675788879395,19.464645385742188,5.220463752746582,19.050518035888672,3.4947495460510254,17.961429595947266,2.5195209980010986,19.11178970336914,1.8612316846847534,0.11573395878076553,0.044049061834812164,0.12500546872615814,0.020190244540572166,0.01408814825117588,0.0112839350476861
bonafide_14,Swinging Steaks - Lost My Way,113,282.5,0,Bona-fide (Human),-156.23651123046875,62.891746520996094,40.26703643798828,28.25609016418457,44.19037628173828,14.702454566955566,68.64938354492188,24.260278701782227,16.299821853637695,7.440025806427002,21.310054779052734,5.5090227127075195,10.004090309143066,5.0443572998046875,6.227750301361084,5.88279390335083,5.775269508361816,6.305089950561523,5.730904579162598,5.322261333465576,-6.655829906463623,5.1585798263549805,-0.2405373603105545,4.510831356048584,-1.885114312171936,4.232136249542236,-6.083217620849609,5.216188430786133,-5.263018608093262,3.6226048469543457,-6.412389755249023,4.005387783050537,-11.958093643188477,5.09282112121582,-3.2111380100250244,4.0716962814331055,-7.682171821594238,3.4648337364196777,1.7103314399719238,4.209846496582031,-0.658471405506134,6.98025369644165,-0.07743509858846664,3.2475028038024902,0.03202575817704201,2.0006771087646484,0.21248844265937805,2.0362441539764404,0.006760140415281057,1.035556674003601,0.05948186665773392,0.8511161804199219,0.013496361672878265,0.7597885131835938,-0.009605716913938522,1.0606822967529297,0.002481917617842555,1.1190375089645386,-0.040326524525880814,0.8823580145835876,-0.0461665615439415,0.7886486053466797,0.03751787543296814,0.8784695267677307,0.014264793135225773,0.6825311183929443,-0.027759430930018425,0.9274463057518005,0.005191640928387642,0.5624204874038696,0.008230458945035934,0.7034814953804016,-0.04412829503417015,0.8400282859802246,-0.01160820946097374,0.7167571187019348,0.014279121533036232,0.5894227027893066,0.02781379595398903,0.5613636374473572,2924.5341796875,794.1159057617188,2995.70703125,317.79644775390625,6514.14306640625,1274.2110595703125,8862.109375,955.7975463867188,0.02142563834786415,0.021096467971801758,23.97852325439453,5.2794318199157715,15.96442985534668,4.71911096572876,20.48537826538086,5.801355838775635,17.741336822509766,4.02006196975708,17.640600204467773,3.751652479171753,18.94377899169922,2.92966890335083,21.172147750854492,2.193556785583496,0.10061080008745193,0.057082947343587875,0.10560708492994308,0.01825483702123165,0.010684926994144917,0.010903510265052319
bonafide_14,Swinging Steaks - Lost My Way,118,295.0,0,Bona-fide (Human),-610.7100219726562,78.755126953125,25.122285842895508,18.999853134155273,40.25974655151367,30.878612518310547,41.7264404296875,31.49744987487793,26.955835342407227,19.122814178466797,23.75885009765625,16.332061767578125,20.169387817382812,13.381450653076172,16.73923683166504,10.996302604675293,12.483633995056152,7.778005123138428,10.3997802734375,6.419321060180664,6.144587993621826,4.009493827819824,5.729235649108887,3.8363773822784424,2.758336067199707,3.591525077819824,3.1367266178131104,2.9068119525909424,0.9367562532424927,3.199101686477661,1.5391663312911987,3.2041611671447754,-0.4291844666004181,3.630751371383667,1.273640513420105,2.5429253578186035,0.08243850618600845,2.5686120986938477,1.9692044258117676,2.010103702545166,-1.3848772048950195,5.103271007537842,-0.40486788749694824,1.6013691425323486,-0.21423830091953278,1.0698031187057495,-0.19954650104045868,1.141109824180603,-0.13436366617679596,0.7227121591567993,-0.10000847280025482,0.6908976435661316,-0.10244770348072052,0.6005172729492188,-0.08500418812036514,0.49841228127479553,-0.053895290940999985,0.40428411960601807,-0.049771785736083984,0.42025548219680786,-0.02391747198998928,0.37888678908348083,-0.029646478593349457,0.3376556932926178,-0.018394285812973976,0.385786771774292,-0.018074210733175278,0.3313298523426056,-0.013807670213282108,0.29219385981559753,-0.013516336679458618,0.38440579175949097,-0.0019450457766652107,0.38949236273765564,-0.00012734642950817943,0.3860560953617096,-0.0033356789499521255,0.28330087661743164,-0.013061191886663437,0.27882876992225647,883.36572265625,703.9655151367188,1758.0277099609375,970.0812377929688,1608.8592529296875,2222.1982421875,5307.8349609375,2897.468994140625,0.18630731105804443,0.38792937994003296,21.6055908203125,8.133712768554688,14.341835975646973,3.5562613010406494,17.445425033569336,6.163870334625244,12.812548637390137,2.827005624771118,12.603333473205566,2.2408151626586914,13.78055477142334,3.058990955352783,16.963476181030273,8.056977272033691,0.01660834439098835,0.026224320754408836,0.025175269693136215,0.02629351243376732,0.0002727148530539125,0.0010806008940562606
